Time Series Search Export,Search term,Search filters,,Last update of Locational banking statistics data,Downloaded at,Source,Source URL,Download URL,About Locational banking statistics
,,TIMESPAN:Timespan,1990-01-01_2024-12-31:,2025-04-30,2025-05-23 13:58 CEST,BIS,https://data.bis.org/topics/LBS/data?filter=TIMESPAN%3D1990-01-01_2024-12-31%255EL_POSITION%3DC%255EL_CURR_TYPE%3DA%255EL_REP_CTY_TXT%3DAll%2520reporting%2520countries%255EL_POS_TYPE%3DN%255EL_INSTR%3DA%255EL_DENOM%3DUSD%255EL_CP_SECTOR%3DN%255EL_MEASURE%3DS%255EL_CP_COUNTRY_TXT%3DArgentina%257CBolivia%257CBrazil%257CCanada%257CChile%257CColombia%257CCosta%2520Rica%257CEcuador%257CMexico%257CUnited%2520States%257CChina%257CCyprus%257CIndonesia%257CIsrael%257CJapan%257CKorea%257CMalaysia%257CSingapore%257CThailand%257CT%25C3%25BCrkiye%257CAustria%257CBelarus%257CBelgium%257CBulgaria%257CCroatia%257CCzechia%257CDenmark%257CFinland%257CFrance%257CGermany%257CGreece%257CHungary%257CIceland%257CIreland%257CItaly%257CLatvia%257CLithuania%257CLuxembourg%257CMalta%257CNetherlands%257CNorway%257CPoland%257CPortugal%257CRomania%257CRussia%257CSlovakia%257CSlovenia%257CSpain%257CSweden%257CSwitzerland%257CUnited%2520Kingdom%257CAustralia%257CNew%2520Zealand%257CCzechoslovakia%257CSouth%2520Africa&page_size=100&selected_ts=BIS%2CWS_LBS_D_PUB%2C1.0%255EQ.S.C.A.USD.A.5J.A.5A.N.US%2BGB%2BIE%2BLU%2BCA%2BCN%2BSG%2BJP%2BBR%2BNL%2BFR%2BCH%2BMX%2BID%2BKR%2BAU%2BCL%2BDE%2BCO%2BTR%2BNO%2BSE%2BTH%2BDK%2BMY%2BAR%2BBE%2BES%2BFI%2BZA%2BIL%2BHU%2BEC%2BNZ%2BGR%2BIT%2BMT%2BRU%2BAT%2BCR%2BCY%2BPL%2BBO%2BBY%2BPT%2BRO%2BIS%2BSI%2BCZ%2BHR%2BSK%2BBG%2BLV%2BLT%2BC9.N,https://data.bis.org/topics/LBS/data?filter=TIMESPAN%3D1990-01-01_2024-12-31%255EL_POSITION%3DC%255EL_CURR_TYPE%3DA%255EL_REP_CTY_TXT%3DAll%2520reporting%2520countries%255EL_POS_TYPE%3DN%255EL_INSTR%3DA%255EL_DENOM%3DUSD%255EL_CP_SECTOR%3DN%255EL_MEASURE%3DS%255EL_CP_COUNTRY_TXT%3DArgentina%257CBolivia%257CBrazil%257CCanada%257CChile%257CColombia%257CCosta%2520Rica%257CEcuador%257CMexico%257CUnited%2520States%257CChina%257CCyprus%257CIndonesia%257CIsrael%257CJapan%257CKorea%257CMalaysia%257CSingapore%257CThailand%257CT%25C3%25BCrkiye%257CAustria%257CBelarus%257CBelgium%257CBulgaria%257CCroatia%257CCzechia%257CDenmark%257CFinland%257CFrance%257CGermany%257CGreece%257CHungary%257CIceland%257CIreland%257CItaly%257CLatvia%257CLithuania%257CLuxembourg%257CMalta%257CNetherlands%257CNorway%257CPoland%257CPortugal%257CRomania%257CRussia%257CSlovakia%257CSlovenia%257CSpain%257CSweden%257CSwitzerland%257CUnited%2520Kingdom%257CAustralia%257CNew%2520Zealand%257CCzechoslovakia%257CSouth%2520Africa&page_size=100&selected_ts=BIS%2CWS_LBS_D_PUB%2C1.0%255EQ.S.C.A.USD.A.5J.A.5A.N.US%2BGB%2BIE%2BLU%2BCA%2BCN%2BSG%2BJP%2BBR%2BNL%2BFR%2BCH%2BMX%2BID%2BKR%2BAU%2BCL%2BDE%2BCO%2BTR%2BNO%2BSE%2BTH%2BDK%2BMY%2BAR%2BBE%2BES%2BFI%2BZA%2BIL%2BHU%2BEC%2BNZ%2BGR%2BIT%2BMT%2BRU%2BAT%2BCR%2BCY%2BPL%2BBO%2BBY%2BPT%2BRO%2BIS%2BSI%2BCZ%2BHR%2BSK%2BBG%2BLV%2BLT%2BC9.N&file_format=csv&format=wide&split_frequencies=false&transposed=false&include=code%2Clabel,https://data.bis.org/topics/LBS

DATAFLOW_ID:Dataflow ID,"BIS,WS_LBS_D_PUB,1.0","BIS,WS_LBS_D_PUB,1.0","BIS,WS_LBS_D_PUB,1.0","BIS,WS_LBS_D_PUB,1.0","BIS,WS_LBS_D_PUB,1.0","BIS,WS_LBS_D_PUB,1.0","BIS,WS_LBS_D_PUB,1.0","BIS,WS_LBS_D_PUB,1.0","BIS,WS_LBS_D_PUB,1.0","BIS,WS_LBS_D_PUB,1.0","BIS,WS_LBS_D_PUB,1.0","BIS,WS_LBS_D_PUB,1.0","BIS,WS_LBS_D_PUB,1.0","BIS,WS_LBS_D_PUB,1.0","BIS,WS_LBS_D_PUB,1.0","BIS,WS_LBS_D_PUB,1.0","BIS,WS_LBS_D_PUB,1.0","BIS,WS_LBS_D_PUB,1.0","BIS,WS_LBS_D_PUB,1.0","BIS,WS_LBS_D_PUB,1.0","BIS,WS_LBS_D_PUB,1.0","BIS,WS_LBS_D_PUB,1.0","BIS,WS_LBS_D_PUB,1.0","BIS,WS_LBS_D_PUB,1.0","BIS,WS_LBS_D_PUB,1.0","BIS,WS_LBS_D_PUB,1.0","BIS,WS_LBS_D_PUB,1.0","BIS,WS_LBS_D_PUB,1.0","BIS,WS_LBS_D_PUB,1.0","BIS,WS_LBS_D_PUB,1.0","BIS,WS_LBS_D_PUB,1.0","BIS,WS_LBS_D_PUB,1.0","BIS,WS_LBS_D_PUB,1.0","BIS,WS_LBS_D_PUB,1.0","BIS,WS_LBS_D_PUB,1.0","BIS,WS_LBS_D_PUB,1.0","BIS,WS_LBS_D_PUB,1.0","BIS,WS_LBS_D_PUB,1.0","BIS,WS_LBS_D_PUB,1.0","BIS,WS_LBS_D_PUB,1.0","BIS,WS_LBS_D_PUB,1.0","BIS,WS_LBS_D_PUB,1.0","BIS,WS_LBS_D_PUB,1.0","BIS,WS_LBS_D_PUB,1.0","BIS,WS_LBS_D_PUB,1.0","BIS,WS_LBS_D_PUB,1.0","BIS,WS_LBS_D_PUB,1.0","BIS,WS_LBS_D_PUB,1.0","BIS,WS_LBS_D_PUB,1.0","BIS,WS_LBS_D_PUB,1.0","BIS,WS_LBS_D_PUB,1.0","BIS,WS_LBS_D_PUB,1.0","BIS,WS_LBS_D_PUB,1.0","BIS,WS_LBS_D_PUB,1.0","BIS,WS_LBS_D_PUB,1.0"
KEY:Timeseries Key,Q.S.C.A.USD.A.5J.A.5A.N.AR.N,Q.S.C.A.USD.A.5J.A.5A.N.AT.N,Q.S.C.A.USD.A.5J.A.5A.N.AU.N,Q.S.C.A.USD.A.5J.A.5A.N.BE.N,Q.S.C.A.USD.A.5J.A.5A.N.BG.N,Q.S.C.A.USD.A.5J.A.5A.N.BO.N,Q.S.C.A.USD.A.5J.A.5A.N.BR.N,Q.S.C.A.USD.A.5J.A.5A.N.BY.N,Q.S.C.A.USD.A.5J.A.5A.N.C9.N,Q.S.C.A.USD.A.5J.A.5A.N.CA.N,Q.S.C.A.USD.A.5J.A.5A.N.CH.N,Q.S.C.A.USD.A.5J.A.5A.N.CL.N,Q.S.C.A.USD.A.5J.A.5A.N.CN.N,Q.S.C.A.USD.A.5J.A.5A.N.CO.N,Q.S.C.A.USD.A.5J.A.5A.N.CR.N,Q.S.C.A.USD.A.5J.A.5A.N.CY.N,Q.S.C.A.USD.A.5J.A.5A.N.CZ.N,Q.S.C.A.USD.A.5J.A.5A.N.DE.N,Q.S.C.A.USD.A.5J.A.5A.N.DK.N,Q.S.C.A.USD.A.5J.A.5A.N.EC.N,Q.S.C.A.USD.A.5J.A.5A.N.ES.N,Q.S.C.A.USD.A.5J.A.5A.N.FI.N,Q.S.C.A.USD.A.5J.A.5A.N.FR.N,Q.S.C.A.USD.A.5J.A.5A.N.GB.N,Q.S.C.A.USD.A.5J.A.5A.N.GR.N,Q.S.C.A.USD.A.5J.A.5A.N.HR.N,Q.S.C.A.USD.A.5J.A.5A.N.HU.N,Q.S.C.A.USD.A.5J.A.5A.N.ID.N,Q.S.C.A.USD.A.5J.A.5A.N.IE.N,Q.S.C.A.USD.A.5J.A.5A.N.IL.N,Q.S.C.A.USD.A.5J.A.5A.N.IS.N,Q.S.C.A.USD.A.5J.A.5A.N.IT.N,Q.S.C.A.USD.A.5J.A.5A.N.JP.N,Q.S.C.A.USD.A.5J.A.5A.N.KR.N,Q.S.C.A.USD.A.5J.A.5A.N.LT.N,Q.S.C.A.USD.A.5J.A.5A.N.LU.N,Q.S.C.A.USD.A.5J.A.5A.N.LV.N,Q.S.C.A.USD.A.5J.A.5A.N.MT.N,Q.S.C.A.USD.A.5J.A.5A.N.MX.N,Q.S.C.A.USD.A.5J.A.5A.N.MY.N,Q.S.C.A.USD.A.5J.A.5A.N.NL.N,Q.S.C.A.USD.A.5J.A.5A.N.NO.N,Q.S.C.A.USD.A.5J.A.5A.N.NZ.N,Q.S.C.A.USD.A.5J.A.5A.N.PL.N,Q.S.C.A.USD.A.5J.A.5A.N.PT.N,Q.S.C.A.USD.A.5J.A.5A.N.RO.N,Q.S.C.A.USD.A.5J.A.5A.N.RU.N,Q.S.C.A.USD.A.5J.A.5A.N.SE.N,Q.S.C.A.USD.A.5J.A.5A.N.SG.N,Q.S.C.A.USD.A.5J.A.5A.N.SI.N,Q.S.C.A.USD.A.5J.A.5A.N.SK.N,Q.S.C.A.USD.A.5J.A.5A.N.TH.N,Q.S.C.A.USD.A.5J.A.5A.N.TR.N,Q.S.C.A.USD.A.5J.A.5A.N.US.N,Q.S.C.A.USD.A.5J.A.5A.N.ZA.N
FREQ:Frequency,Q:Quarterly,Q:Quarterly,Q:Quarterly,Q:Quarterly,Q:Quarterly,Q:Quarterly,Q:Quarterly,Q:Quarterly,Q:Quarterly,Q:Quarterly,Q:Quarterly,Q:Quarterly,Q:Quarterly,Q:Quarterly,Q:Quarterly,Q:Quarterly,Q:Quarterly,Q:Quarterly,Q:Quarterly,Q:Quarterly,Q:Quarterly,Q:Quarterly,Q:Quarterly,Q:Quarterly,Q:Quarterly,Q:Quarterly,Q:Quarterly,Q:Quarterly,Q:Quarterly,Q:Quarterly,Q:Quarterly,Q:Quarterly,Q:Quarterly,Q:Quarterly,Q:Quarterly,Q:Quarterly,Q:Quarterly,Q:Quarterly,Q:Quarterly,Q:Quarterly,Q:Quarterly,Q:Quarterly,Q:Quarterly,Q:Quarterly,Q:Quarterly,Q:Quarterly,Q:Quarterly,Q:Quarterly,Q:Quarterly,Q:Quarterly,Q:Quarterly,Q:Quarterly,Q:Quarterly,Q:Quarterly,Q:Quarterly
L_MEASURE:Measure,S:Amounts outstanding / Stocks,S:Amounts outstanding / Stocks,S:Amounts outstanding / Stocks,S:Amounts outstanding / Stocks,S:Amounts outstanding / Stocks,S:Amounts outstanding / Stocks,S:Amounts outstanding / Stocks,S:Amounts outstanding / Stocks,S:Amounts outstanding / Stocks,S:Amounts outstanding / Stocks,S:Amounts outstanding / Stocks,S:Amounts outstanding / Stocks,S:Amounts outstanding / Stocks,S:Amounts outstanding / Stocks,S:Amounts outstanding / Stocks,S:Amounts outstanding / Stocks,S:Amounts outstanding / Stocks,S:Amounts outstanding / Stocks,S:Amounts outstanding / Stocks,S:Amounts outstanding / Stocks,S:Amounts outstanding / Stocks,S:Amounts outstanding / Stocks,S:Amounts outstanding / Stocks,S:Amounts outstanding / Stocks,S:Amounts outstanding / Stocks,S:Amounts outstanding / Stocks,S:Amounts outstanding / Stocks,S:Amounts outstanding / Stocks,S:Amounts outstanding / Stocks,S:Amounts outstanding / Stocks,S:Amounts outstanding / Stocks,S:Amounts outstanding / Stocks,S:Amounts outstanding / Stocks,S:Amounts outstanding / Stocks,S:Amounts outstanding / Stocks,S:Amounts outstanding / Stocks,S:Amounts outstanding / Stocks,S:Amounts outstanding / Stocks,S:Amounts outstanding / Stocks,S:Amounts outstanding / Stocks,S:Amounts outstanding / Stocks,S:Amounts outstanding / Stocks,S:Amounts outstanding / Stocks,S:Amounts outstanding / Stocks,S:Amounts outstanding / Stocks,S:Amounts outstanding / Stocks,S:Amounts outstanding / Stocks,S:Amounts outstanding / Stocks,S:Amounts outstanding / Stocks,S:Amounts outstanding / Stocks,S:Amounts outstanding / Stocks,S:Amounts outstanding / Stocks,S:Amounts outstanding / Stocks,S:Amounts outstanding / Stocks,S:Amounts outstanding / Stocks
L_POSITION:Balance sheet position,C:Total claims,C:Total claims,C:Total claims,C:Total claims,C:Total claims,C:Total claims,C:Total claims,C:Total claims,C:Total claims,C:Total claims,C:Total claims,C:Total claims,C:Total claims,C:Total claims,C:Total claims,C:Total claims,C:Total claims,C:Total claims,C:Total claims,C:Total claims,C:Total claims,C:Total claims,C:Total claims,C:Total claims,C:Total claims,C:Total claims,C:Total claims,C:Total claims,C:Total claims,C:Total claims,C:Total claims,C:Total claims,C:Total claims,C:Total claims,C:Total claims,C:Total claims,C:Total claims,C:Total claims,C:Total claims,C:Total claims,C:Total claims,C:Total claims,C:Total claims,C:Total claims,C:Total claims,C:Total claims,C:Total claims,C:Total claims,C:Total claims,C:Total claims,C:Total claims,C:Total claims,C:Total claims,C:Total claims,C:Total claims
L_INSTR:Type of instruments,A:All instruments,A:All instruments,A:All instruments,A:All instruments,A:All instruments,A:All instruments,A:All instruments,A:All instruments,A:All instruments,A:All instruments,A:All instruments,A:All instruments,A:All instruments,A:All instruments,A:All instruments,A:All instruments,A:All instruments,A:All instruments,A:All instruments,A:All instruments,A:All instruments,A:All instruments,A:All instruments,A:All instruments,A:All instruments,A:All instruments,A:All instruments,A:All instruments,A:All instruments,A:All instruments,A:All instruments,A:All instruments,A:All instruments,A:All instruments,A:All instruments,A:All instruments,A:All instruments,A:All instruments,A:All instruments,A:All instruments,A:All instruments,A:All instruments,A:All instruments,A:All instruments,A:All instruments,A:All instruments,A:All instruments,A:All instruments,A:All instruments,A:All instruments,A:All instruments,A:All instruments,A:All instruments,A:All instruments,A:All instruments
L_DENOM:Currency denomination,USD:US dollar,USD:US dollar,USD:US dollar,USD:US dollar,USD:US dollar,USD:US dollar,USD:US dollar,USD:US dollar,USD:US dollar,USD:US dollar,USD:US dollar,USD:US dollar,USD:US dollar,USD:US dollar,USD:US dollar,USD:US dollar,USD:US dollar,USD:US dollar,USD:US dollar,USD:US dollar,USD:US dollar,USD:US dollar,USD:US dollar,USD:US dollar,USD:US dollar,USD:US dollar,USD:US dollar,USD:US dollar,USD:US dollar,USD:US dollar,USD:US dollar,USD:US dollar,USD:US dollar,USD:US dollar,USD:US dollar,USD:US dollar,USD:US dollar,USD:US dollar,USD:US dollar,USD:US dollar,USD:US dollar,USD:US dollar,USD:US dollar,USD:US dollar,USD:US dollar,USD:US dollar,USD:US dollar,USD:US dollar,USD:US dollar,USD:US dollar,USD:US dollar,USD:US dollar,USD:US dollar,USD:US dollar,USD:US dollar
L_CURR_TYPE:Currency type of reporting country,A:All currencies (=D+F+U),A:All currencies (=D+F+U),A:All currencies (=D+F+U),A:All currencies (=D+F+U),A:All currencies (=D+F+U),A:All currencies (=D+F+U),A:All currencies (=D+F+U),A:All currencies (=D+F+U),A:All currencies (=D+F+U),A:All currencies (=D+F+U),A:All currencies (=D+F+U),A:All currencies (=D+F+U),A:All currencies (=D+F+U),A:All currencies (=D+F+U),A:All currencies (=D+F+U),A:All currencies (=D+F+U),A:All currencies (=D+F+U),A:All currencies (=D+F+U),A:All currencies (=D+F+U),A:All currencies (=D+F+U),A:All currencies (=D+F+U),A:All currencies (=D+F+U),A:All currencies (=D+F+U),A:All currencies (=D+F+U),A:All currencies (=D+F+U),A:All currencies (=D+F+U),A:All currencies (=D+F+U),A:All currencies (=D+F+U),A:All currencies (=D+F+U),A:All currencies (=D+F+U),A:All currencies (=D+F+U),A:All currencies (=D+F+U),A:All currencies (=D+F+U),A:All currencies (=D+F+U),A:All currencies (=D+F+U),A:All currencies (=D+F+U),A:All currencies (=D+F+U),A:All currencies (=D+F+U),A:All currencies (=D+F+U),A:All currencies (=D+F+U),A:All currencies (=D+F+U),A:All currencies (=D+F+U),A:All currencies (=D+F+U),A:All currencies (=D+F+U),A:All currencies (=D+F+U),A:All currencies (=D+F+U),A:All currencies (=D+F+U),A:All currencies (=D+F+U),A:All currencies (=D+F+U),A:All currencies (=D+F+U),A:All currencies (=D+F+U),A:All currencies (=D+F+U),A:All currencies (=D+F+U),A:All currencies (=D+F+U),A:All currencies (=D+F+U)
L_PARENT_CTY:Parent country,5J:All countries (total),5J:All countries (total),5J:All countries (total),5J:All countries (total),5J:All countries (total),5J:All countries (total),5J:All countries (total),5J:All countries (total),5J:All countries (total),5J:All countries (total),5J:All countries (total),5J:All countries (total),5J:All countries (total),5J:All countries (total),5J:All countries (total),5J:All countries (total),5J:All countries (total),5J:All countries (total),5J:All countries (total),5J:All countries (total),5J:All countries (total),5J:All countries (total),5J:All countries (total),5J:All countries (total),5J:All countries (total),5J:All countries (total),5J:All countries (total),5J:All countries (total),5J:All countries (total),5J:All countries (total),5J:All countries (total),5J:All countries (total),5J:All countries (total),5J:All countries (total),5J:All countries (total),5J:All countries (total),5J:All countries (total),5J:All countries (total),5J:All countries (total),5J:All countries (total),5J:All countries (total),5J:All countries (total),5J:All countries (total),5J:All countries (total),5J:All countries (total),5J:All countries (total),5J:All countries (total),5J:All countries (total),5J:All countries (total),5J:All countries (total),5J:All countries (total),5J:All countries (total),5J:All countries (total),5J:All countries (total),5J:All countries (total)
L_REP_BANK_TYPE:Type of reporting institutions,"A:All reporting banks/institutions (domestic, foreign, consortium and unclassified)","A:All reporting banks/institutions (domestic, foreign, consortium and unclassified)","A:All reporting banks/institutions (domestic, foreign, consortium and unclassified)","A:All reporting banks/institutions (domestic, foreign, consortium and unclassified)","A:All reporting banks/institutions (domestic, foreign, consortium and unclassified)","A:All reporting banks/institutions (domestic, foreign, consortium and unclassified)","A:All reporting banks/institutions (domestic, foreign, consortium and unclassified)","A:All reporting banks/institutions (domestic, foreign, consortium and unclassified)","A:All reporting banks/institutions (domestic, foreign, consortium and unclassified)","A:All reporting banks/institutions (domestic, foreign, consortium and unclassified)","A:All reporting banks/institutions (domestic, foreign, consortium and unclassified)","A:All reporting banks/institutions (domestic, foreign, consortium and unclassified)","A:All reporting banks/institutions (domestic, foreign, consortium and unclassified)","A:All reporting banks/institutions (domestic, foreign, consortium and unclassified)","A:All reporting banks/institutions (domestic, foreign, consortium and unclassified)","A:All reporting banks/institutions (domestic, foreign, consortium and unclassified)","A:All reporting banks/institutions (domestic, foreign, consortium and unclassified)","A:All reporting banks/institutions (domestic, foreign, consortium and unclassified)","A:All reporting banks/institutions (domestic, foreign, consortium and unclassified)","A:All reporting banks/institutions (domestic, foreign, consortium and unclassified)","A:All reporting banks/institutions (domestic, foreign, consortium and unclassified)","A:All reporting banks/institutions (domestic, foreign, consortium and unclassified)","A:All reporting banks/institutions (domestic, foreign, consortium and unclassified)","A:All reporting banks/institutions (domestic, foreign, consortium and unclassified)","A:All reporting banks/institutions (domestic, foreign, consortium and unclassified)","A:All reporting banks/institutions (domestic, foreign, consortium and unclassified)","A:All reporting banks/institutions (domestic, foreign, consortium and unclassified)","A:All reporting banks/institutions (domestic, foreign, consortium and unclassified)","A:All reporting banks/institutions (domestic, foreign, consortium and unclassified)","A:All reporting banks/institutions (domestic, foreign, consortium and unclassified)","A:All reporting banks/institutions (domestic, foreign, consortium and unclassified)","A:All reporting banks/institutions (domestic, foreign, consortium and unclassified)","A:All reporting banks/institutions (domestic, foreign, consortium and unclassified)","A:All reporting banks/institutions (domestic, foreign, consortium and unclassified)","A:All reporting banks/institutions (domestic, foreign, consortium and unclassified)","A:All reporting banks/institutions (domestic, foreign, consortium and unclassified)","A:All reporting banks/institutions (domestic, foreign, consortium and unclassified)","A:All reporting banks/institutions (domestic, foreign, consortium and unclassified)","A:All reporting banks/institutions (domestic, foreign, consortium and unclassified)","A:All reporting banks/institutions (domestic, foreign, consortium and unclassified)","A:All reporting banks/institutions (domestic, foreign, consortium and unclassified)","A:All reporting banks/institutions (domestic, foreign, consortium and unclassified)","A:All reporting banks/institutions (domestic, foreign, consortium and unclassified)","A:All reporting banks/institutions (domestic, foreign, consortium and unclassified)","A:All reporting banks/institutions (domestic, foreign, consortium and unclassified)","A:All reporting banks/institutions (domestic, foreign, consortium and unclassified)","A:All reporting banks/institutions (domestic, foreign, consortium and unclassified)","A:All reporting banks/institutions (domestic, foreign, consortium and unclassified)","A:All reporting banks/institutions (domestic, foreign, consortium and unclassified)","A:All reporting banks/institutions (domestic, foreign, consortium and unclassified)","A:All reporting banks/institutions (domestic, foreign, consortium and unclassified)","A:All reporting banks/institutions (domestic, foreign, consortium and unclassified)","A:All reporting banks/institutions (domestic, foreign, consortium and unclassified)","A:All reporting banks/institutions (domestic, foreign, consortium and unclassified)","A:All reporting banks/institutions (domestic, foreign, consortium and unclassified)"
L_REP_CTY:Reporting country,5A:All reporting countries,5A:All reporting countries,5A:All reporting countries,5A:All reporting countries,5A:All reporting countries,5A:All reporting countries,5A:All reporting countries,5A:All reporting countries,5A:All reporting countries,5A:All reporting countries,5A:All reporting countries,5A:All reporting countries,5A:All reporting countries,5A:All reporting countries,5A:All reporting countries,5A:All reporting countries,5A:All reporting countries,5A:All reporting countries,5A:All reporting countries,5A:All reporting countries,5A:All reporting countries,5A:All reporting countries,5A:All reporting countries,5A:All reporting countries,5A:All reporting countries,5A:All reporting countries,5A:All reporting countries,5A:All reporting countries,5A:All reporting countries,5A:All reporting countries,5A:All reporting countries,5A:All reporting countries,5A:All reporting countries,5A:All reporting countries,5A:All reporting countries,5A:All reporting countries,5A:All reporting countries,5A:All reporting countries,5A:All reporting countries,5A:All reporting countries,5A:All reporting countries,5A:All reporting countries,5A:All reporting countries,5A:All reporting countries,5A:All reporting countries,5A:All reporting countries,5A:All reporting countries,5A:All reporting countries,5A:All reporting countries,5A:All reporting countries,5A:All reporting countries,5A:All reporting countries,5A:All reporting countries,5A:All reporting countries,5A:All reporting countries
L_CP_SECTOR:Counterparty sector,"N:Non-banks, total","N:Non-banks, total","N:Non-banks, total","N:Non-banks, total","N:Non-banks, total","N:Non-banks, total","N:Non-banks, total","N:Non-banks, total","N:Non-banks, total","N:Non-banks, total","N:Non-banks, total","N:Non-banks, total","N:Non-banks, total","N:Non-banks, total","N:Non-banks, total","N:Non-banks, total","N:Non-banks, total","N:Non-banks, total","N:Non-banks, total","N:Non-banks, total","N:Non-banks, total","N:Non-banks, total","N:Non-banks, total","N:Non-banks, total","N:Non-banks, total","N:Non-banks, total","N:Non-banks, total","N:Non-banks, total","N:Non-banks, total","N:Non-banks, total","N:Non-banks, total","N:Non-banks, total","N:Non-banks, total","N:Non-banks, total","N:Non-banks, total","N:Non-banks, total","N:Non-banks, total","N:Non-banks, total","N:Non-banks, total","N:Non-banks, total","N:Non-banks, total","N:Non-banks, total","N:Non-banks, total","N:Non-banks, total","N:Non-banks, total","N:Non-banks, total","N:Non-banks, total","N:Non-banks, total","N:Non-banks, total","N:Non-banks, total","N:Non-banks, total","N:Non-banks, total","N:Non-banks, total","N:Non-banks, total","N:Non-banks, total"
L_CP_COUNTRY:Counterparty country,AR:Argentina,AT:Austria,AU:Australia,BE:Belgium,BG:Bulgaria,BO:Bolivia,BR:Brazil,BY:Belarus,C9:Czechoslovakia,CA:Canada,CH:Switzerland,CL:Chile,CN:China,CO:Colombia,CR:Costa Rica,CY:Cyprus,CZ:Czechia,DE:Germany,DK:Denmark,EC:Ecuador,ES:Spain,FI:Finland,FR:France,GB:United Kingdom,GR:Greece,HR:Croatia,HU:Hungary,ID:Indonesia,IE:Ireland,IL:Israel,IS:Iceland,IT:Italy,JP:Japan,KR:Korea,LT:Lithuania,LU:Luxembourg,LV:Latvia,MT:Malta,MX:Mexico,MY:Malaysia,NL:Netherlands,NO:Norway,NZ:New Zealand,PL:Poland,PT:Portugal,RO:Romania,RU:Russia,SE:Sweden,SG:Singapore,SI:Slovenia,SK:Slovakia,TH:Thailand,TR:Türkiye,US:United States,ZA:South Africa
L_POS_TYPE:Position type,N:Cross-border,N:Cross-border,N:Cross-border,N:Cross-border,N:Cross-border,N:Cross-border,N:Cross-border,N:Cross-border,N:Cross-border,N:Cross-border,N:Cross-border,N:Cross-border,N:Cross-border,N:Cross-border,N:Cross-border,N:Cross-border,N:Cross-border,N:Cross-border,N:Cross-border,N:Cross-border,N:Cross-border,N:Cross-border,N:Cross-border,N:Cross-border,N:Cross-border,N:Cross-border,N:Cross-border,N:Cross-border,N:Cross-border,N:Cross-border,N:Cross-border,N:Cross-border,N:Cross-border,N:Cross-border,N:Cross-border,N:Cross-border,N:Cross-border,N:Cross-border,N:Cross-border,N:Cross-border,N:Cross-border,N:Cross-border,N:Cross-border,N:Cross-border,N:Cross-border,N:Cross-border,N:Cross-border,N:Cross-border,N:Cross-border,N:Cross-border,N:Cross-border,N:Cross-border,N:Cross-border,N:Cross-border,N:Cross-border
Unit,US dollar,US dollar,US dollar,US dollar,US dollar,US dollar,US dollar,US dollar,US dollar,US dollar,US dollar,US dollar,US dollar,US dollar,US dollar,US dollar,US dollar,US dollar,US dollar,US dollar,US dollar,US dollar,US dollar,US dollar,US dollar,US dollar,US dollar,US dollar,US dollar,US dollar,US dollar,US dollar,US dollar,US dollar,US dollar,US dollar,US dollar,US dollar,US dollar,US dollar,US dollar,US dollar,US dollar,US dollar,US dollar,US dollar,US dollar,US dollar,US dollar,US dollar,US dollar,US dollar,US dollar,US dollar,US dollar
Unit multiplier,Millions,Millions,Millions,Millions,Millions,Millions,Millions,Millions,Millions,Millions,Millions,Millions,Millions,Millions,Millions,Millions,Millions,Millions,Millions,Millions,Millions,Millions,Millions,Millions,Millions,Millions,Millions,Millions,Millions,Millions,Millions,Millions,Millions,Millions,Millions,Millions,Millions,Millions,Millions,Millions,Millions,Millions,Millions,Millions,Millions,Millions,Millions,Millions,Millions,Millions,Millions,Millions,Millions,Millions,Millions
TIME_PERIOD:Period
1990-03-31,16518.0,826.0,14532.0,4378.0,291.0,96.0,33694.0,,237.0,15662.0,6418.0,4182.0,7354.0,4176.0,209.0,1094.0,,5169.0,11161.0,2373.0,4830.0,3954.0,5210.0,18514.0,3929.0,,405.0,12086.0,3584.0,1665.0,739.0,8997.0,70260.0,5871.0,,2425.0,,190.0,39911.0,1946.0,14345.0,5586.0,5001.0,1700.0,3109.0,4.0,,5639.0,1514.0,,,3317.0,3589.0,209406.0,6187.0
1990-06-30,15872.0,920.0,14008.0,3877.0,277.0,93.0,31159.0,,240.0,16859.0,7646.0,3884.0,7622.0,4086.0,171.0,1200.0,,5218.0,11214.0,2299.0,5023.0,3973.0,5362.0,17947.0,3828.0,,351.0,13572.0,3944.0,1696.0,867.0,10065.0,79826.0,6015.0,,2507.0,,223.0,37528.0,1797.0,15288.0,5355.0,4996.0,1676.0,3303.0,4.0,,5710.0,1475.0,,,3593.0,3817.0,218134.0,5940.0
1990-09-30,15802.0,1083.0,14169.0,4259.0,261.0,99.0,29615.0,,239.0,18689.0,7533.0,3803.0,7779.0,4270.0,272.0,1284.0,,6175.0,10105.0,2328.0,5294.0,3901.0,6070.0,18918.0,3791.0,,523.0,14252.0,4193.0,1737.0,850.0,12036.0,93075.0,6355.0,,2831.0,,225.0,37321.0,1865.0,17622.0,5539.0,5541.0,1470.0,3183.0,19.0,,5848.0,1476.0,,,3590.0,4624.0,237359.0,6035.0
1990-12-31,16183.0,986.0,12979.0,4591.0,214.0,102.0,29096.0,,260.0,20470.0,8684.0,4356.0,8056.0,4330.0,329.0,1303.0,,5812.0,11201.0,2232.0,5743.0,4185.0,5989.0,21283.0,3828.0,,379.0,15241.0,4520.0,1864.0,912.0,12227.0,107869.0,6414.0,,4011.0,,233.0,38269.0,1845.0,18913.0,6115.0,5148.0,1712.0,2378.0,13.0,,6679.0,1595.0,,,4233.0,4510.0,243928.0,5766.0
1991-03-31,16308.0,866.0,12560.0,4529.0,180.0,104.0,28377.0,,366.0,21861.0,9163.0,4450.0,8174.0,4261.0,331.0,1291.0,,6416.0,10289.0,2192.0,6049.0,4290.0,6246.0,20025.0,3940.0,,411.0,15898.0,5840.0,2137.0,949.0,15511.0,106804.0,6573.0,,3582.0,,252.0,38687.0,1773.0,18646.0,5959.0,4849.0,1727.0,2361.0,28.0,,7143.0,2799.0,,,4940.0,4683.0,245150.0,5955.0
1991-06-30,16167.0,831.0,13799.0,4447.0,157.0,107.0,26757.0,,321.0,23261.0,8681.0,4254.0,7953.0,4204.0,369.0,1484.0,,7227.0,11559.0,2275.0,4545.0,4081.0,6883.0,20044.0,3872.0,,365.0,16122.0,5840.0,1898.0,988.0,13475.0,115328.0,6647.0,,4449.0,,353.0,39026.0,1882.0,19616.0,5953.0,5268.0,1764.0,2451.0,50.0,,7118.0,2031.0,,,5420.0,4600.0,246136.0,5943.0
1991-09-30,16095.0,844.0,13537.0,3637.0,174.0,113.0,24594.0,,217.0,21890.0,8305.0,4031.0,7577.0,4182.0,365.0,1651.0,,6737.0,11753.0,2159.0,4326.0,3828.0,6943.0,22026.0,3899.0,,339.0,16894.0,6210.0,1962.0,966.0,14296.0,122856.0,6474.0,,4132.0,,359.0,40806.0,2011.0,18216.0,6178.0,4995.0,1781.0,2132.0,41.0,,6446.0,1903.0,,,6336.0,4691.0,250839.0,5758.0
1991-12-31,16765.0,891.0,12364.0,4007.0,201.0,115.0,25091.0,,259.0,20460.0,6777.0,3852.0,5058.0,4385.0,340.0,1603.0,,6365.0,9061.0,1994.0,4439.0,3446.0,6494.0,24506.0,3951.0,,313.0,16641.0,6895.0,1985.0,1001.0,13235.0,140730.0,5914.0,,4813.0,,409.0,43970.0,1559.0,19059.0,7060.0,3389.0,1740.0,2032.0,32.0,,6259.0,1655.0,,,5231.0,4688.0,251653.0,5133.0
1992-03-31,16864.0,1423.0,12635.0,3862.0,187.0,171.0,24952.0,,250.0,21132.0,8022.0,3939.0,5408.0,4350.0,310.0,1824.0,,7524.0,8077.0,1944.0,5270.0,3449.0,6305.0,25191.0,3790.0,,323.0,17218.0,7307.0,1973.0,998.0,13348.0,140784.0,5984.0,,4360.0,,401.0,44566.0,1551.0,18258.0,7526.0,3360.0,2286.0,2133.0,39.0,,5757.0,1601.0,,,5563.0,4559.0,263276.0,5338.0
1992-06-30,16968.0,1299.0,12311.0,4101.0,187.0,264.0,25465.0,,296.0,22437.0,7778.0,4090.0,5569.0,4288.0,292.0,1998.0,,7712.0,8089.0,1949.0,4335.0,3685.0,6807.0,23773.0,4118.0,,399.0,18275.0,8262.0,1986.0,999.0,12929.0,148641.0,6283.0,,4587.0,,444.0,42182.0,1617.0,17403.0,7251.0,3164.0,2186.0,2144.0,44.0,,8460.0,2134.0,,,5985.0,4705.0,268996.0,5207.0
1992-09-30,16405.0,1324.0,11783.0,4648.0,214.0,184.0,25622.0,,284.0,21514.0,8555.0,4238.0,5556.0,4625.0,393.0,2103.0,,7973.0,9200.0,1874.0,5009.0,3383.0,6690.0,25130.0,4129.0,,420.0,19528.0,8549.0,1971.0,1001.0,12849.0,152799.0,6317.0,,4368.0,,468.0,43024.0,1758.0,17477.0,7133.0,3001.0,2291.0,2241.0,43.0,,12381.0,1854.0,,,6221.0,4861.0,276171.0,5094.0
1992-12-31,18698.0,1409.0,11662.0,3536.0,196.0,145.0,26487.0,,244.0,20989.0,8308.0,4318.0,6640.0,4943.0,486.0,2158.0,,7196.0,7831.0,1810.0,4790.0,3759.0,7075.0,26134.0,4343.0,,399.0,20252.0,8978.0,1952.0,1006.0,14531.0,158386.0,6805.0,,4707.0,,521.0,42906.0,1677.0,16753.0,7664.0,2920.0,2151.0,2746.0,164.0,,11374.0,1996.0,,,6554.0,4950.0,278380.0,4896.0
1993-03-31,20325.0,1993.0,10956.0,3956.0,243.0,163.0,26651.0,,252.0,23370.0,8498.0,4405.0,5956.0,4960.0,561.0,2152.0,,8942.0,7413.0,1733.0,4542.0,3895.0,6940.0,24855.0,4227.0,,409.0,18845.0,9227.0,2063.0,1017.0,14168.0,148384.0,6634.0,,4601.0,,639.0,43476.0,1767.0,16525.0,7942.0,2867.0,2120.0,2490.0,214.0,,10889.0,2198.0,,,6211.0,5173.0,284693.0,4664.0
1993-06-30,17802.0,1895.0,11143.0,4843.0,256.0,130.0,26084.0,,336.0,22440.0,8716.0,4485.0,7737.0,5100.0,629.0,2267.0,,10328.0,7365.0,1591.0,3876.0,3956.0,7178.0,28892.0,4290.0,,426.0,17872.0,8491.0,1961.0,995.0,14332.0,175332.0,7088.0,,4537.0,,661.0,43787.0,1964.0,16960.0,8106.0,3324.0,2023.0,2555.0,189.0,,9399.0,1730.0,,,5746.0,5623.0,294390.0,4659.0
1993-09-30,18115.0,1371.0,10755.0,4899.0,222.0,159.0,27266.0,,399.0,23927.0,9493.0,4743.0,7013.0,5279.0,684.0,2121.0,,11560.0,7004.0,1532.0,3734.0,4296.0,6795.0,29985.0,4297.0,,324.0,16903.0,7784.0,2015.0,943.0,15009.0,177830.0,7220.0,,4238.0,,668.0,44289.0,1887.0,16589.0,7478.0,3919.0,2027.0,2592.0,194.0,,9723.0,1967.0,,,5853.0,6055.0,298454.0,4472.0
1993-12-31,20953.0,1617.0,9555.0,3651.0,184.0,185.0,29880.0,6.0,,22905.0,7857.0,5113.0,7911.0,5527.0,729.0,2233.0,342.0,11940.0,6458.0,1566.0,3748.0,4090.0,6669.0,34992.0,4464.0,25.0,352.0,16486.0,8960.0,2192.0,859.0,12085.0,164811.0,7779.0,37.0,6061.0,1.0,665.0,45543.0,1930.0,16177.0,7720.0,5305.0,2037.0,2989.0,217.0,2198.0,8607.0,2331.0,86.0,34.0,5479.0,6393.0,308694.0,4232.0
1994-03-31,19462.0,1728.0,8645.0,4500.0,161.0,168.0,30831.0,6.0,,23089.0,8610.0,5329.0,7772.0,5618.0,735.0,2224.0,377.0,11024.0,6732.0,1519.0,3998.0,4062.0,7217.0,36601.0,4588.0,24.0,315.0,16849.0,8403.0,2209.0,915.0,12177.0,180729.0,7934.0,40.0,5171.0,1.0,756.0,44215.0,2019.0,16101.0,7345.0,4673.0,1928.0,2830.0,202.0,1990.0,8901.0,2751.0,93.0,34.0,5747.0,6867.0,308240.0,3896.0
1994-06-30,20624.0,1904.0,8903.0,3724.0,226.0,151.0,37285.0,6.0,,23144.0,8392.0,5598.0,7643.0,6264.0,745.0,2270.0,390.0,9801.0,5996.0,1436.0,3522.0,4556.0,8159.0,26300.0,4832.0,24.0,241.0,17344.0,7912.0,2353.0,718.0,12136.0,183509.0,8573.0,29.0,5653.0,2.0,689.0,43670.0,1869.0,15752.0,7258.0,4402.0,1667.0,3046.0,232.0,1934.0,8215.0,2614.0,95.0,55.0,5999.0,6837.0,312670.0,3808.0
1994-09-30,20614.0,1539.0,8397.0,4867.0,1882.0,130.0,35680.0,6.0,,25948.0,8471.0,5966.0,9059.0,5974.0,777.0,2231.0,364.0,10143.0,6598.0,1396.0,3707.0,4352.0,8748.0,27344.0,5013.0,21.0,401.0,17914.0,7922.0,2299.0,679.0,11666.0,180050.0,9024.0,45.0,6744.0,3.0,847.0,45569.0,2273.0,15363.0,7059.0,4460.0,1869.0,3048.0,221.0,1888.0,9208.0,3522.0,84.0,60.0,6185.0,6532.0,313086.0,3704.0
1994-12-31,21147.0,1997.0,8795.0,3627.0,1475.0,105.0,34906.0,6.0,,26408.0,7976.0,6601.0,9712.0,6063.0,827.0,2341.0,292.0,8440.0,8236.0,1480.0,2976.0,4052.0,8087.0,30529.0,5313.0,41.0,513.0,18507.0,9239.0,2296.0,654.0,11736.0,184516.0,10345.0,31.0,6359.0,4.0,847.0,47421.0,1850.0,16044.0,6600.0,4323.0,4751.0,2757.0,254.0,1865.0,9514.0,2683.0,99.0,90.0,6370.0,6063.0,298987.0,4048.0
1995-03-31,20503.0,1829.0,8251.0,2980.0,1465.0,124.0,34182.0,4.0,,27137.0,8524.0,6846.0,9663.0,6397.0,1445.0,2413.0,367.0,8864.0,5723.0,1586.0,3403.0,5019.0,7756.0,30617.0,5193.0,53.0,689.0,19041.0,8478.0,2444.0,615.0,11951.0,192729.0,11227.0,29.0,5832.0,44.0,907.0,48261.0,2179.0,14839.0,6139.0,4321.0,4507.0,2850.0,302.0,1837.0,9353.0,2885.0,85.0,125.0,6443.0,6218.0,309132.0,4168.0
1995-06-30,21950.0,2100.0,8468.0,2905.0,1256.0,144.0,34505.0,5.0,,26921.0,7569.0,6852.0,9332.0,6757.0,2095.0,2415.0,395.0,9627.0,6526.0,1626.0,4300.0,4976.0,7253.0,29431.0,6042.0,60.0,562.0,19609.0,8913.0,2462.0,647.0,11456.0,229090.0,12012.0,61.0,6180.0,46.0,968.0,48290.0,2330.0,15859.0,6433.0,5213.0,4218.0,3157.0,352.0,1846.0,9536.0,4758.0,99.0,97.0,7063.0,6422.0,330247.0,4270.0
1995-09-30,21448.0,2125.0,9137.0,2866.0,1179.0,169.0,35323.0,5.0,,25763.0,8483.0,7044.0,11045.0,6936.0,2779.0,2453.0,378.0,10611.0,6056.0,1606.0,3705.0,4344.0,7728.0,28957.0,6540.0,58.0,619.0,20783.0,8801.0,2130.0,624.0,11915.0,225198.0,13289.0,61.0,6855.0,25.0,973.0,47416.0,2595.0,15490.0,5878.0,4441.0,4721.0,3171.0,327.0,1909.0,9353.0,3075.0,113.0,111.0,8002.0,6639.0,347631.0,4637.0
1995-12-31,21441.0,2097.0,8813.0,7031.0,1211.0,192.0,36803.0,10.0,,24996.0,9700.0,8364.0,11079.0,7351.0,3420.0,2692.0,559.0,10313.0,4889.0,1677.0,3099.0,4167.0,7869.0,31315.0,6626.0,137.0,553.0,21743.0,9855.0,2275.0,514.0,11579.0,239247.0,14766.0,84.0,7033.0,56.0,1026.0,48808.0,2865.0,15553.0,6071.0,5661.0,4669.0,3414.0,390.0,2347.0,8723.0,3572.0,141.0,238.0,8922.0,6971.0,399083.0,4427.0
1996-03-31,21528.0,1863.0,8957.0,3899.0,1042.0,159.0,37487.0,13.0,,21842.0,7651.0,8259.0,12069.0,7651.0,2814.0,2711.0,511.0,10536.0,4616.0,1804.0,6229.0,4695.0,7841.0,29295.0,6118.0,138.0,550.0,22651.0,8867.0,2316.0,510.0,12966.0,205765.0,16432.0,87.0,7357.0,56.0,1003.0,47592.0,2836.0,16296.0,5617.0,4529.0,5842.0,3496.0,443.0,2963.0,10211.0,3827.0,160.0,233.0,8675.0,7160.0,414284.0,4697.0
1996-06-30,22754.0,2025.0,8076.0,4987.0,939.0,148.0,37403.0,18.0,,23139.0,9450.0,8291.0,11807.0,7850.0,2211.0,2508.0,492.0,10803.0,4600.0,2163.0,3272.0,4583.0,8384.0,26971.0,5742.0,163.0,447.0,24494.0,8284.0,2364.0,455.0,12217.0,208405.0,17949.0,87.0,7276.0,58.0,1152.0,47583.0,3145.0,17662.0,5126.0,4115.0,4422.0,3251.0,478.0,2926.0,9303.0,4188.0,233.0,367.0,8898.0,7693.0,421165.0,4582.0
1996-09-30,23410.0,1794.0,8130.0,4276.0,784.0,132.0,37114.0,12.0,,22064.0,8338.0,8581.0,11382.0,8182.0,1589.0,2488.0,546.0,10641.0,4484.0,2004.0,4880.0,4459.0,8530.0,28356.0,6265.0,520.0,547.0,26587.0,7928.0,2370.0,495.0,12008.0,201130.0,18228.0,110.0,7215.0,27.0,1241.0,49266.0,3333.0,17263.0,5101.0,2819.0,3445.0,3110.0,537.0,3707.0,9037.0,3665.0,402.0,467.0,9135.0,8205.0,443306.0,4396.0
1996-12-31,23174.0,1950.0,8370.0,5735.0,815.0,86.0,38644.0,18.0,,19010.0,8632.0,9340.0,11300.0,9482.0,1021.0,2525.0,533.0,9661.0,3982.0,2227.0,3909.0,4728.0,10017.0,28805.0,6467.0,529.0,787.0,27296.0,8299.0,2533.0,481.0,13205.0,198205.0,19199.0,189.0,7994.0,44.0,1314.0,48178.0,3372.0,17192.0,6020.0,3271.0,3526.0,3219.0,620.0,4809.0,8539.0,3900.0,408.0,599.0,9163.0,8510.0,464871.0,5095.0
1997-03-31,23616.0,2572.0,8933.0,8486.0,538.0,97.0,40445.0,16.0,,20846.0,9673.0,10604.0,11526.0,9614.0,1081.0,2550.0,528.0,10895.0,4520.0,2515.0,5644.0,4984.0,14790.0,35426.0,6250.0,518.0,799.0,28823.0,8491.0,2632.0,457.0,13248.0,190578.0,20887.0,219.0,7845.0,46.0,1383.0,46741.0,3387.0,16659.0,5769.0,3129.0,4714.0,2905.0,817.0,5052.0,8978.0,4614.0,466.0,760.0,9253.0,9006.0,491310.0,5472.0
1997-06-30,23906.0,2200.0,10158.0,7875.0,588.0,144.0,42821.0,16.0,,21756.0,9190.0,11745.0,12295.0,9615.0,1047.0,2772.0,509.0,11968.0,4525.0,2214.0,7060.0,5150.0,11559.0,36346.0,6556.0,598.0,709.0,29765.0,8850.0,2727.0,378.0,12348.0,197892.0,21192.0,252.0,7834.0,53.0,1393.0,45366.0,3584.0,19787.0,5205.0,3504.0,3171.0,2764.0,861.0,9052.0,8584.0,5031.0,405.0,883.0,9080.0,9638.0,508840.0,5747.0
1997-09-30,25431.0,1782.0,10305.0,8147.0,512.0,172.0,44414.0,20.0,,22896.0,9671.0,12925.0,12188.0,9906.0,1177.0,2840.0,674.0,11820.0,5065.0,2170.0,5309.0,5408.0,12377.0,41147.0,6782.0,612.0,668.0,30846.0,9816.0,2935.0,381.0,12078.0,173384.0,20668.0,342.0,8282.0,66.0,1427.0,41705.0,4079.0,20019.0,6367.0,2954.0,4230.0,2596.0,707.0,9964.0,8378.0,6602.0,424.0,1101.0,8385.0,10247.0,557156.0,6009.0
1997-12-31,27702.0,1689.0,10368.0,9705.0,560.0,195.0,43216.0,17.0,,20954.0,10602.0,14913.0,12839.0,10173.0,1716.0,3053.0,687.0,11627.0,5969.0,2139.0,3805.0,4480.0,11755.0,41171.0,6722.0,607.0,942.0,30957.0,10456.0,2786.0,472.0,12045.0,200930.0,20319.0,373.0,9190.0,51.0,1483.0,40355.0,4122.0,20232.0,6059.0,3965.0,3587.0,2965.0,893.0,12815.0,8351.0,5111.0,384.0,1428.0,8813.0,11514.0,570809.0,5618.0
1998-03-31,27092.0,2145.0,8578.0,6398.0,627.0,168.0,45146.0,15.0,,20835.0,8069.0,15280.0,13595.0,10089.0,1560.0,3795.0,775.0,11778.0,4141.0,2313.0,6066.0,3894.0,12826.0,45435.0,6698.0,582.0,775.0,24430.0,12244.0,2686.0,517.0,12515.0,137175.0,18043.0,470.0,10186.0,49.0,1642.0,43019.0,4174.0,19388.0,6220.0,2861.0,4598.0,2971.0,1015.0,14087.0,8590.0,4613.0,401.0,1401.0,7737.0,11441.0,575621.0,5794.0
1998-06-30,26163.0,2103.0,7934.0,7584.0,560.0,170.0,47415.0,17.0,,21824.0,10188.0,15122.0,12726.0,10536.0,1449.0,3276.0,925.0,12925.0,4480.0,2248.0,4427.0,4145.0,12533.0,49712.0,6727.0,594.0,660.0,24855.0,13108.0,2705.0,474.0,11387.0,132617.0,17533.0,458.0,9002.0,56.0,1599.0,43043.0,4046.0,18766.0,5977.0,3148.0,4647.0,3157.0,991.0,15419.0,8606.0,4890.0,328.0,1524.0,7524.0,12913.0,597782.0,5878.0
1998-09-30,26043.0,2109.0,8511.0,7375.0,517.0,164.0,44606.0,16.0,,23021.0,10402.0,15317.0,11634.0,10299.0,1311.0,3307.0,1075.0,10387.0,5420.0,2344.0,4971.0,4110.0,12703.0,45234.0,6624.0,477.0,1083.0,24100.0,14242.0,2817.0,424.0,11457.0,109537.0,15737.0,520.0,10862.0,78.0,1551.0,41457.0,4089.0,19739.0,6438.0,3088.0,4286.0,2992.0,966.0,14218.0,8172.0,4156.0,311.0,1474.0,7463.0,12596.0,601250.0,5628.0
1998-12-31,26706.0,1457.0,8903.0,5990.0,582.0,139.0,39914.0,18.0,,23331.0,9087.0,14793.0,11558.0,10032.0,1158.0,3088.0,763.0,10891.0,5171.0,2365.0,4257.0,3796.0,13339.0,48711.0,6343.0,544.0,1018.0,21763.0,15550.0,2816.0,405.0,11325.0,106375.0,13690.0,570.0,10308.0,73.0,1735.0,42492.0,3910.0,23580.0,7593.0,3045.0,4174.0,3726.0,1004.0,12740.0,7637.0,4205.0,324.0,1380.0,7422.0,12993.0,617924.0,5440.0
1999-03-31,27903.0,2099.0,9511.0,7296.0,683.0,135.0,39389.0,11.0,,19321.0,10873.0,15159.0,13435.0,10378.0,1142.0,3415.0,852.0,16062.0,3995.0,2541.0,3655.0,3185.0,12219.0,59092.0,6215.0,489.0,1170.0,20746.0,17182.0,3164.0,531.0,10834.0,88079.0,14438.0,505.0,11864.0,69.0,1809.0,42639.0,3696.0,22379.0,7503.0,2680.0,4970.0,3923.0,918.0,11667.0,7869.0,4302.0,271.0,1387.0,7127.0,13067.0,637658.0,5361.0
1999-06-30,28558.0,2440.0,9436.0,9994.0,640.0,149.0,36724.0,7.0,,19808.0,12057.0,14859.0,12952.0,9801.0,1119.0,3303.0,736.0,17167.0,3556.0,2352.0,5217.0,3437.0,12936.0,59569.0,6595.0,468.0,1512.0,19954.0,17063.0,4027.0,558.0,12114.0,79861.0,15942.0,510.0,11540.0,72.0,1679.0,41066.0,3515.0,20282.0,7767.0,2029.0,4378.0,3492.0,913.0,10178.0,7647.0,4461.0,289.0,1176.0,6861.0,12828.0,682859.0,5052.0
1999-09-30,26949.0,2517.0,11686.0,9710.0,682.0,162.0,34715.0,6.0,,20442.0,12574.0,14153.0,11032.0,9452.0,1228.0,3297.0,676.0,17315.0,3315.0,2091.0,4929.0,3266.0,12668.0,56076.0,6848.0,520.0,1420.0,18541.0,17873.0,2869.0,520.0,10615.0,79482.0,15415.0,437.0,12478.0,52.0,1778.0,42017.0,3271.0,20634.0,8107.0,1852.0,4228.0,3666.0,870.0,10257.0,8440.0,5051.0,247.0,1146.0,6388.0,13030.0,686815.0,4893.0
1999-12-31,26757.0,3357.0,11498.0,11978.0,657.0,150.0,35273.0,15.0,,20393.0,11940.0,14092.0,11259.0,9245.0,1284.0,3472.0,690.0,17871.0,4915.0,1884.0,5183.0,3144.0,13290.0,60134.0,7509.0,671.0,1462.0,17447.0,19103.0,3466.0,499.0,10771.0,76867.0,11952.0,502.0,13433.0,63.0,1616.0,41544.0,3115.0,23428.0,7468.0,1913.0,4369.0,3691.0,926.0,10591.0,7654.0,5574.0,284.0,1106.0,6836.0,13366.0,701465.0,4755.0
2000-03-31,26319.0,2723.0,12543.0,10765.0,700.0,138.0,35504.0,12.0,,21521.0,12407.0,14393.0,11377.0,8816.0,1374.0,3493.0,862.0,18010.0,4446.0,1802.0,4896.0,3553.0,12552.0,64951.0,7020.0,667.0,1297.0,16322.0,19149.0,3885.0,518.0,11136.0,64007.0,13115.0,504.0,13846.0,58.0,1492.0,38187.0,3291.0,25646.0,7193.0,2220.0,3626.0,3777.0,848.0,10318.0,8347.0,5901.0,300.0,1080.0,6343.0,14573.0,719133.0,4554.0
2000-06-30,26676.0,2812.0,12712.0,10749.0,627.0,150.0,33409.0,9.0,,19847.0,13878.0,13743.0,9242.0,8312.0,1458.0,3313.0,836.0,14908.0,4096.0,1763.0,4139.0,3210.0,16628.0,61209.0,7824.0,647.0,1315.0,16372.0,18346.0,3048.0,589.0,10935.0,55789.0,17341.0,514.0,13158.0,40.0,1554.0,37897.0,3499.0,24223.0,8212.0,2376.0,4161.0,4025.0,847.0,9963.0,8048.0,7688.0,334.0,1089.0,6229.0,14509.0,733435.0,5359.0
2000-09-30,27062.0,3268.0,12790.0,9702.0,651.0,175.0,33143.0,13.0,,20722.0,14026.0,14160.0,8974.0,8267.0,1501.0,3473.0,817.0,17500.0,4310.0,1293.0,4213.0,3531.0,15304.0,62176.0,7220.0,668.0,1173.0,15380.0,16977.0,2892.0,692.0,10434.0,47206.0,17116.0,409.0,13542.0,14.0,1509.0,37661.0,3613.0,25748.0,9271.0,2408.0,3881.0,3870.0,816.0,12578.0,9590.0,5824.0,325.0,968.0,5714.0,14885.0,751214.0,4769.0
2000-12-31,25318.0,3861.0,14135.0,9419.0,648.0,193.0,35436.0,11.0,,21910.0,18153.0,13571.0,8655.0,7845.0,1686.0,3627.0,830.0,20435.0,5183.0,1049.0,4382.0,3731.0,15793.0,66226.0,6770.0,971.0,1382.0,14461.0,17294.0,3800.0,707.0,10443.0,40041.0,11480.0,406.0,14492.0,15.0,1507.0,37868.0,3825.0,28490.0,8712.0,2584.0,3808.0,3105.0,910.0,12544.0,9949.0,5322.0,350.0,732.0,5783.0,17464.0,787091.0,4583.0
2001-03-31,24800.0,3882.0,14765.0,8239.0,619.0,183.0,36089.0,14.0,,23602.0,17363.0,14016.0,8744.0,7941.0,2000.0,3671.0,889.0,22554.0,4207.0,1274.0,6087.0,3247.0,16503.0,72525.0,7084.0,890.0,1268.0,14090.0,16592.0,4084.0,715.0,11335.0,38770.0,15625.0,387.0,15514.0,24.0,1532.0,39661.0,3936.0,36401.0,10065.0,2404.0,3794.0,3295.0,981.0,11654.0,9750.0,5498.0,353.0,704.0,5665.0,17603.0,890961.0,4895.0
2001-06-30,26363.0,3849.0,14222.0,7584.0,666.0,186.0,38519.0,22.0,,24587.0,18454.0,13952.0,11810.0,7201.0,2297.0,3677.0,783.0,27257.0,4241.0,1332.0,6063.0,2882.0,19655.0,79554.0,7208.0,888.0,1289.0,13528.0,15275.0,4276.0,784.0,11587.0,38046.0,15324.0,370.0,16972.0,28.0,1524.0,40585.0,4262.0,33929.0,10952.0,2788.0,3468.0,3425.0,1000.0,11968.0,10052.0,5195.0,316.0,582.0,5462.0,15758.0,901745.0,4674.0
2001-09-30,25679.0,4385.0,14147.0,8019.0,676.0,171.0,38406.0,16.0,,25915.0,17037.0,12977.0,9414.0,7465.0,2138.0,3531.0,701.0,20614.0,4537.0,1327.0,6440.0,3038.0,19405.0,71990.0,7631.0,950.0,1191.0,12888.0,15393.0,4414.0,802.0,12647.0,33164.0,16358.0,346.0,18304.0,28.0,1536.0,39540.0,4218.0,35740.0,9842.0,2593.0,3310.0,3538.0,1018.0,12340.0,10199.0,5738.0,137.0,566.0,5369.0,17711.0,909619.0,4153.0
2001-12-31,24445.0,4201.0,15645.0,7838.0,588.0,245.0,37712.0,14.0,,27722.0,19059.0,13188.0,8746.0,7051.0,2465.0,3604.0,1037.0,25730.0,5077.0,1313.0,6568.0,3216.0,26072.0,60295.0,7847.0,699.0,1069.0,12585.0,18553.0,5740.0,789.0,11128.0,34320.0,15033.0,273.0,20928.0,42.0,1509.0,40157.0,4265.0,32619.0,11170.0,2351.0,3533.0,3655.0,995.0,13524.0,10044.0,6160.0,124.0,504.0,5375.0,16925.0,947293.0,4071.0
2002-03-31,21949.0,5010.0,13959.0,7040.0,565.0,334.0,38519.0,24.0,,25027.0,18182.0,12962.0,8387.0,6858.0,2210.0,3634.0,687.0,22551.0,3690.0,1403.0,8627.0,3875.0,19799.0,68601.0,7973.0,569.0,1064.0,11653.0,18885.0,4418.0,776.0,12320.0,32471.0,17734.0,260.0,22881.0,42.0,1467.0,42944.0,4503.0,34228.0,9749.0,2992.0,3785.0,3802.0,973.0,14151.0,10583.0,5264.0,105.0,510.0,5258.0,17837.0,968436.0,3781.0
2002-06-30,20107.0,4828.0,14146.0,6050.0,505.0,187.0,35511.0,25.0,,23976.0,18619.0,12424.0,12406.0,6144.0,1921.0,3328.0,690.0,21501.0,4279.0,1448.0,7221.0,3787.0,19736.0,62526.0,6604.0,582.0,994.0,11167.0,16989.0,4448.0,746.0,11068.0,31335.0,17262.0,237.0,23644.0,33.0,1508.0,43882.0,4758.0,33178.0,9970.0,2939.0,3398.0,3270.0,958.0,15545.0,10293.0,5194.0,90.0,518.0,4862.0,16497.0,1003837.0,3563.0
2002-09-30,18317.0,4640.0,15559.0,5898.0,549.0,149.0,34170.0,14.0,,24267.0,18166.0,12193.0,11915.0,6036.0,1949.0,3423.0,689.0,20768.0,3793.0,1448.0,7548.0,3631.0,19973.0,64915.0,6882.0,669.0,1136.0,10514.0,15762.0,6105.0,800.0,12009.0,29083.0,19843.0,191.0,24979.0,41.0,1557.0,42557.0,4736.0,36246.0,11808.0,3269.0,3834.0,3460.0,968.0,15073.0,10725.0,5574.0,77.0,525.0,4776.0,17646.0,1052609.0,3741.0
2002-12-31,17833.0,4552.0,15332.0,5188.0,575.0,144.0,34518.0,10.0,,25760.0,16973.0,12714.0,6404.0,6333.0,2863.0,3169.0,662.0,21925.0,3773.0,1416.0,8111.0,3219.0,18039.0,65853.0,7114.0,888.0,1016.0,9805.0,18716.0,5753.0,784.0,13074.0,29405.0,13774.0,169.0,29623.0,84.0,1178.0,45566.0,5002.0,35379.0,12402.0,2672.0,3608.0,3482.0,1069.0,16979.0,10591.0,5732.0,71.0,410.0,4365.0,17537.0,1097859.0,3562.0
2003-03-31,16955.0,4078.0,15162.0,6697.0,578.0,143.0,35710.0,31.0,,26370.0,18447.0,12878.0,9464.0,6188.0,2630.0,3318.0,635.0,17754.0,3674.0,1537.0,6069.0,2937.0,25429.0,101579.0,7458.0,873.0,881.0,9137.0,23398.0,3092.0,972.0,14491.0,32072.0,10408.0,213.0,26438.0,117.0,1290.0,46374.0,4656.0,37661.0,6952.0,2424.0,3422.0,4019.0,1060.0,18234.0,9896.0,5682.0,82.0,414.0,4396.0,16623.0,1115475.0,3575.0
2003-06-30,16512.0,4525.0,14753.0,5381.0,584.0,134.0,35143.0,19.0,,26459.0,20283.0,12698.0,8310.0,6775.0,2562.0,3353.0,608.0,19451.0,3662.0,1567.0,6249.0,3120.0,30030.0,105703.0,7287.0,867.0,876.0,8980.0,22910.0,3162.0,1010.0,15774.0,37992.0,10964.0,156.0,28224.0,111.0,1404.0,45409.0,4990.0,38182.0,7231.0,2379.0,3258.0,4586.0,1165.0,19340.0,9960.0,5728.0,86.0,288.0,4465.0,17267.0,1181685.0,3830.0
2003-09-30,14766.0,4446.0,14524.0,4660.0,494.0,158.0,34679.0,23.0,,26359.0,19700.0,12337.0,7790.0,6199.0,2622.0,3677.0,607.0,21984.0,3545.0,1531.0,5951.0,3503.0,30443.0,116781.0,7088.0,778.0,1054.0,8309.0,28581.0,3436.0,998.0,15198.0,32232.0,10777.0,98.0,27022.0,118.0,1367.0,43060.0,4613.0,38264.0,6841.0,2424.0,3277.0,4399.0,970.0,21155.0,10075.0,5602.0,90.0,298.0,3937.0,18721.0,1217795.0,3721.0
2003-12-31,13098.0,5115.0,14361.0,4682.0,624.0,285.0,35282.0,43.0,,27412.0,18816.0,12143.0,6709.0,5421.0,2584.0,3498.0,686.0,22049.0,3144.0,1422.0,6090.0,3011.0,30472.0,125589.0,7265.0,700.0,1141.0,8359.0,29863.0,3520.0,918.0,16095.0,33276.0,10500.0,89.0,26965.0,108.0,1378.0,41816.0,4416.0,38099.0,6590.0,2603.0,3498.0,4272.0,1141.0,23433.0,9583.0,5651.0,92.0,265.0,3736.0,17805.0,1270518.0,3711.0
2004-03-31,12403.0,5799.0,11949.0,5145.0,658.0,277.0,34785.0,61.0,,25426.0,24734.0,12038.0,10520.0,5505.0,2659.0,3961.0,637.0,24187.0,2787.0,1488.0,5026.0,3821.0,41923.0,141481.0,7245.0,816.0,1299.0,7963.0,33294.0,3775.0,865.0,17584.0,28868.0,12267.0,68.0,31335.0,103.0,1442.0,42150.0,7229.0,41367.0,9810.0,2410.0,3577.0,4043.0,1077.0,28874.0,11821.0,6380.0,95.0,256.0,4425.0,20152.0,1390991.0,3337.0
2004-06-30,11961.0,5192.0,11547.0,5627.0,557.0,305.0,33617.0,69.0,,25736.0,22646.0,11945.0,8118.0,5366.0,2739.0,3824.0,538.0,24973.0,2249.0,1453.0,4596.0,2939.0,37146.0,138156.0,6900.0,851.0,1322.0,7858.0,38308.0,4072.0,921.0,15801.0,34074.0,11845.0,75.0,30971.0,109.0,1721.0,42027.0,7655.0,39477.0,10163.0,2218.0,3307.0,3851.0,1138.0,28446.0,9986.0,6735.0,81.0,315.0,4823.0,20263.0,1357331.0,3417.0
2004-09-30,11254.0,4805.0,12696.0,5135.0,532.0,285.0,32421.0,100.0,,26689.0,22780.0,11852.0,9693.0,4992.0,2598.0,4615.0,534.0,21901.0,2419.0,1537.0,4556.0,2365.0,33132.0,165046.0,6216.0,795.0,1334.0,7376.0,36688.0,4162.0,846.0,14367.0,31241.0,12449.0,54.0,31472.0,115.0,1842.0,42369.0,7770.0,36235.0,7567.0,2594.0,2996.0,2935.0,1079.0,27883.0,10041.0,6450.0,76.0,221.0,6155.0,20058.0,1379771.0,3271.0
2004-12-31,10686.0,5116.0,12421.0,6569.0,543.0,185.0,32472.0,145.0,,28703.0,24032.0,11081.0,9922.0,4787.0,2543.0,4935.0,623.0,24065.0,4152.0,1447.0,5386.0,2315.0,37702.0,175785.0,6400.0,822.0,1391.0,7270.0,40717.0,3995.0,823.0,15166.0,43666.0,11964.0,43.0,33429.0,145.0,1929.0,42455.0,7901.0,37918.0,8296.0,2767.0,2960.0,1938.0,1258.0,30672.0,10928.0,6772.0,72.0,106.0,6053.0,19084.0,1412979.0,3246.0
2005-03-31,9874.0,4804.0,12615.0,5378.0,488.0,190.0,29264.0,119.0,,29252.0,28091.0,11525.0,10856.0,4401.0,2598.0,6383.0,691.0,26386.0,2517.0,1536.0,6166.0,2850.0,40458.0,189605.0,5941.0,854.0,1988.0,7512.0,39689.0,3831.0,956.0,13345.0,33705.0,13159.0,30.0,34200.0,124.0,1996.0,43413.0,8046.0,40063.0,7113.0,2725.0,3000.0,1947.0,1650.0,30289.0,9763.0,7424.0,61.0,102.0,4872.0,21581.0,1616832.0,3061.0
2005-06-30,9265.0,5399.0,12192.0,7191.0,642.0,270.0,29508.0,143.0,,32428.0,25681.0,11645.0,12062.0,4647.0,2392.0,6582.0,642.0,25972.0,2337.0,1603.0,5403.0,2141.0,48131.0,191403.0,6421.0,883.0,2128.0,7524.0,43645.0,3794.0,932.0,14347.0,34483.0,14543.0,26.0,35608.0,151.0,2206.0,40884.0,8250.0,41629.0,7396.0,2631.0,3078.0,1919.0,1654.0,30215.0,8602.0,8502.0,56.0,171.0,4995.0,22305.0,1648365.0,3092.0
2005-09-30,9439.0,5322.0,15915.0,5651.0,532.0,267.0,32727.0,157.0,,31345.0,26376.0,11175.0,14029.0,5114.0,2526.0,7842.0,539.0,27665.0,2972.0,1717.0,6135.0,2130.0,40170.0,198244.0,6514.0,767.0,2462.0,7499.0,47783.0,3777.0,891.0,13501.0,31228.0,14519.0,22.0,45131.0,90.0,2221.0,39206.0,9282.0,47974.0,8639.0,2648.0,3079.0,2313.0,1615.0,34132.0,7686.0,10214.0,53.0,136.0,4307.0,22966.0,1728764.0,2945.0
2005-12-31,8974.0,5106.0,15615.0,6104.0,399.0,245.0,34581.0,167.0,,31743.0,32052.0,10264.0,14659.0,4984.0,2567.0,8463.0,377.0,25064.0,5259.0,1942.0,5594.0,2007.0,42460.0,188559.0,6081.0,838.0,2616.0,8143.0,52180.0,3662.0,1159.0,15310.0,29948.0,13934.0,18.0,50288.0,85.0,2310.0,40166.0,9177.0,48315.0,8850.0,2717.0,3431.0,3357.0,1697.0,44625.0,7384.0,11244.0,63.0,114.0,4114.0,27261.0,1745590.0,3109.0
2006-03-31,8735.0,5421.0,16291.0,5033.0,422.0,240.0,36283.0,156.0,,33671.0,29327.0,11026.0,13656.0,4622.0,2725.0,9528.0,707.0,30276.0,4779.0,1893.0,5814.0,3496.0,48623.0,212358.0,6310.0,761.0,2423.0,8482.0,57937.0,4326.0,1261.0,14116.0,30129.0,12640.0,25.0,54871.0,83.0,3900.0,41967.0,9574.0,71999.0,9569.0,2823.0,3136.0,2414.0,1683.0,44646.0,8536.0,13880.0,59.0,170.0,4608.0,33198.0,1884637.0,3039.0
2006-06-30,9387.0,5670.0,17276.0,6548.0,518.0,419.0,36330.0,142.0,,32310.0,32002.0,12578.0,15184.0,4817.0,3177.0,11136.0,527.0,22709.0,4868.0,1730.0,6246.0,2046.0,50003.0,292913.0,6396.0,870.0,1984.0,8900.0,60420.0,4071.0,1492.0,11376.0,28555.0,15432.0,17.0,58288.0,74.0,3980.0,47658.0,9602.0,58592.0,9835.0,2513.0,3015.0,2091.0,1502.0,44355.0,8158.0,15883.0,95.0,146.0,4325.0,34013.0,1972409.0,3144.0
2006-09-30,8967.0,5491.0,16711.0,7576.0,510.0,437.0,37544.0,168.0,,32918.0,45615.0,12858.0,15493.0,5785.0,3296.0,10722.0,517.0,24099.0,4889.0,1791.0,6031.0,1968.0,44199.0,297360.0,6761.0,702.0,1898.0,8823.0,62686.0,4184.0,1545.0,11809.0,26957.0,15956.0,17.0,61596.0,90.0,4001.0,46906.0,10069.0,60032.0,10070.0,2590.0,2993.0,1356.0,1756.0,39301.0,7065.0,14457.0,76.0,150.0,4462.0,35747.0,2095606.0,4713.0
2006-12-31,9451.0,5561.0,17476.0,9170.0,527.0,323.0,47717.0,155.0,,34829.0,40760.0,13250.0,15390.0,5307.0,3210.0,11618.0,575.0,26010.0,5746.0,1720.0,6971.0,1870.0,45004.0,352735.0,6781.0,780.0,1963.0,8796.0,68355.0,4373.0,1639.0,19645.0,32225.0,18142.0,44.0,70801.0,97.0,4181.0,47561.0,10137.0,62228.0,10243.0,1940.0,2975.0,1943.0,1743.0,39893.0,7666.0,12494.0,69.0,85.0,4453.0,38352.0,2225553.0,4793.0
2007-03-31,9348.0,7302.0,20454.0,7973.0,711.0,316.0,49311.0,285.0,,39631.0,48038.0,13240.0,17902.0,7004.0,3233.0,13765.0,552.0,24168.0,6611.0,1554.0,6892.0,1621.0,45659.0,378390.0,6907.0,821.0,1999.0,9555.0,88306.0,4348.0,1826.0,13882.0,30914.0,17130.0,50.0,75117.0,93.0,3729.0,49969.0,9868.0,80231.0,10291.0,2078.0,2912.0,1608.0,1759.0,44557.0,10393.0,13949.0,89.0,108.0,4798.0,39640.0,2392471.0,4032.0
2007-06-30,11441.0,6469.0,22382.0,7610.0,732.0,339.0,50045.0,334.0,,42567.0,45111.0,13745.0,23513.0,6485.0,3324.0,17796.0,419.0,23267.0,7062.0,1858.0,6775.0,1693.0,43659.0,457064.0,6838.0,917.0,1722.0,8200.0,96185.0,4875.0,1847.0,14229.0,31159.0,19634.0,65.0,84662.0,118.0,4306.0,50424.0,9871.0,102415.0,11811.0,2290.0,2580.0,1733.0,1904.0,59411.0,9862.0,16175.0,68.0,122.0,4379.0,42948.0,2516181.0,3841.0
2007-09-30,12756.0,6536.0,23416.0,8400.0,698.0,328.0,50761.0,330.0,,39010.0,48192.0,14736.0,25854.0,7311.0,3681.0,19219.0,433.0,23502.0,6764.0,2324.0,9929.0,1778.0,47297.0,429154.0,7465.0,1007.0,2331.0,7978.0,115618.0,4261.0,1802.0,13624.0,27334.0,17833.0,79.0,88650.0,124.0,4434.0,54279.0,8884.0,104201.0,12476.0,2086.0,2755.0,2837.0,1604.0,66880.0,13666.0,16198.0,66.0,322.0,4356.0,47742.0,2590942.0,4278.0
2007-12-31,12518.0,5318.0,26302.0,10089.0,644.0,355.0,51828.0,331.0,,47994.0,53838.0,15052.0,26267.0,6948.0,3968.0,20892.0,454.0,26636.0,7351.0,2454.0,9438.0,2176.0,54263.0,406831.0,7266.0,1009.0,2624.0,8367.0,133918.0,4265.0,1555.0,12932.0,28779.0,18736.0,58.0,105845.0,116.0,4688.0,55139.0,10286.0,106935.0,14889.0,2230.0,2460.0,2004.0,1632.0,70391.0,12864.0,18346.0,98.0,152.0,4327.0,52347.0,2527029.0,3870.0
2008-03-31,12110.0,6846.0,26211.0,12221.0,738.0,369.0,53568.0,312.0,,47568.0,57728.0,16046.0,31583.0,7118.0,4082.0,21933.0,522.0,29847.0,5915.0,2032.0,11626.0,2499.0,74272.0,473521.0,6889.0,1136.0,2647.0,9035.0,154503.0,4290.0,2001.0,13074.0,46052.0,20593.0,151.0,114461.0,123.0,5100.0,58290.0,11124.0,121543.0,14024.0,2418.0,2775.0,1992.0,1794.0,75198.0,12070.0,24320.0,107.0,202.0,4459.0,54469.0,2596031.0,3777.0
2008-06-30,12176.0,7177.0,28805.0,17609.0,709.0,398.0,55806.0,346.0,,53196.0,58200.0,17362.0,38104.0,6961.0,4442.0,27390.0,588.0,28797.0,5949.0,1898.0,12263.0,3298.0,77318.0,430836.0,8360.0,1170.0,7609.0,9823.0,163319.0,3989.0,1944.0,12052.0,39723.0,22359.0,248.0,115049.0,131.0,5658.0,60487.0,12094.0,123243.0,14057.0,1999.0,2811.0,2231.0,1936.0,73267.0,8934.0,22968.0,101.0,101.0,4457.0,53464.0,2416968.0,4062.0
2008-09-30,12208.0,6215.0,25908.0,12038.0,574.0,368.0,59448.0,370.0,,53677.0,59675.0,18155.0,34711.0,7047.0,4441.0,25460.0,418.0,27723.0,5735.0,1963.0,13347.0,4115.0,88763.0,386207.0,8467.0,1233.0,7982.0,9555.0,151161.0,3675.0,1672.0,11861.0,30513.0,22245.0,177.0,106238.0,140.0,5314.0,63899.0,10780.0,110937.0,15897.0,2259.0,2913.0,2179.0,2045.0,72506.0,9251.0,21409.0,198.0,395.0,4374.0,54253.0,2484366.0,3865.0
2008-12-31,10393.0,6621.0,29367.0,30176.0,804.0,219.0,56956.0,446.0,,54766.0,50807.0,17237.0,27275.0,6926.0,4137.0,20141.0,423.0,26255.0,6624.0,1827.0,11677.0,3686.0,76531.0,320200.0,8745.0,1362.0,9079.0,9184.0,138100.0,3981.0,1358.0,12569.0,26735.0,20936.0,142.0,97654.0,142.0,6241.0,61651.0,9457.0,109408.0,18035.0,2452.0,3466.0,2493.0,1921.0,69113.0,9463.0,20496.0,255.0,224.0,4416.0,55377.0,2181485.0,3687.0
2009-03-31,10106.0,6094.5,28138.0,28516.0,804.0,210.0,55854.0,385.0,,55854.0,51432.0,19714.0,24760.0,6781.0,3594.5,19983.5,529.0,25979.5,9649.0,1973.0,10739.0,2874.5,73729.5,312696.0,8459.0,1419.0,8870.0,9460.0,136874.0,4058.0,1383.0,13511.5,40146.0,19374.5,113.0,98491.5,136.0,6203.0,59564.5,9216.0,108119.0,17331.0,2498.0,3971.0,2478.0,1839.0,67440.0,10138.0,18848.5,204.0,228.0,4254.0,52684.0,2153015.0,4366.5
2009-06-30,10684.0,5555.0,28982.0,26501.0,759.0,208.0,55534.0,384.0,,49902.0,57032.0,18612.0,25080.0,6542.0,3379.0,19437.0,484.0,45901.0,13708.0,1726.0,10033.0,3356.0,76248.0,311919.0,8578.0,1462.0,9106.0,9239.0,133387.0,3929.0,1468.0,13555.0,37609.0,21120.0,104.0,93827.0,125.0,5889.0,58248.0,8596.0,106959.0,14662.0,3091.0,4162.0,2391.0,1591.0,65044.0,10901.0,18880.0,235.0,165.0,4145.0,49668.0,2174809.0,3171.0
2009-09-30,9903.5,5735.0,28840.0,24880.5,747.0,206.5,62881.5,374.0,,52819.0,54361.0,18821.0,26714.0,6792.0,3989.5,18976.0,466.0,43444.0,15025.0,1719.0,9087.5,3256.0,88941.0,346570.5,8583.0,1248.5,10892.0,10531.5,129963.0,4134.0,1280.0,12606.5,42007.0,22993.0,108.0,98214.0,122.0,5859.0,56505.5,9169.0,104592.0,14633.0,2703.0,4186.0,2516.0,1378.0,60112.0,13871.0,20404.5,225.0,202.0,4516.0,51625.0,2164200.0,3203.5
2009-12-31,8574.0,5294.0,29903.0,22396.0,710.0,597.0,59237.0,324.0,,55648.0,55077.0,19849.0,30655.0,6636.0,3059.0,19188.0,436.0,39940.0,11665.0,1676.0,7781.0,3769.0,73925.0,334349.0,8505.0,1312.0,11602.0,11475.0,125010.0,4487.0,1763.0,11961.0,46208.0,25584.0,203.0,96084.0,160.0,5345.0,53912.0,9703.0,101392.0,14233.0,1899.0,4579.0,2495.0,1269.0,56174.0,12603.0,25119.0,228.0,253.0,5090.0,49480.0,2082847.0,3397.0
2010-03-31,9218.0,5654.0,29143.0,22866.0,649.0,494.0,61323.0,359.0,,55009.0,55839.0,20812.0,35861.0,6564.0,3168.0,19369.0,322.0,32363.0,15983.0,1629.0,7006.0,3831.0,92358.0,341523.0,8913.0,1460.0,10778.0,12088.0,125167.0,4483.0,1818.0,11503.0,53458.0,25651.0,239.0,92370.0,282.0,5338.0,55301.0,9734.0,91106.0,12482.0,2223.0,4700.0,3151.0,1148.0,53241.0,15161.0,23663.0,226.0,205.0,4908.0,48060.0,2176990.0,3017.0
2010-06-30,9234.0,6393.0,27807.0,16632.0,860.0,460.0,66517.0,299.0,,55382.0,49220.0,20648.0,35900.0,6394.0,3206.0,18707.0,384.0,50149.0,10895.0,1612.0,7021.0,3399.0,76993.0,338228.0,8655.0,1444.0,10110.0,10762.0,104808.0,4034.0,1815.0,10286.0,54498.0,25165.0,204.0,87046.0,160.0,5265.0,54900.0,9876.0,89563.0,13277.0,2933.0,4517.0,2724.0,1204.0,48310.0,10396.0,20086.0,208.0,225.0,5186.0,46300.0,2181531.0,2801.0
2010-09-30,9258.0,9016.0,29391.0,15730.0,918.0,456.0,74265.0,363.0,,51235.0,48003.0,20097.0,44459.0,6476.0,3117.0,19988.0,372.0,45745.0,11146.0,1660.0,6510.0,3353.0,72513.0,419882.0,9068.0,1599.0,9527.0,12649.0,103478.0,3882.0,1781.0,10829.0,59495.0,24604.0,368.0,92231.0,135.0,5400.0,55402.0,9664.0,99929.0,14009.0,2705.0,5059.0,2641.0,1259.0,47496.0,12094.0,22542.0,255.0,125.0,5201.0,45223.0,2292092.0,3203.0
2010-12-31,9540.0,6255.0,30380.0,16307.0,865.0,458.0,77291.0,366.0,,50052.0,57507.0,19986.0,46438.0,6890.0,3202.0,17929.0,335.0,62331.0,11946.0,1758.0,8439.0,3174.0,75829.0,395681.0,9241.0,1236.0,2916.0,14066.0,103499.0,4421.0,1178.0,10456.0,63474.0,22796.0,296.0,108645.0,137.0,5366.0,56927.0,10182.0,94818.0,13234.0,2567.0,4776.0,2539.0,1194.0,45474.0,12380.0,24138.0,263.0,204.0,5920.0,43696.0,2260249.0,3128.0
2011-03-31,10490.0,6346.0,31848.0,20069.0,844.0,402.0,82518.0,199.0,,53011.0,61871.0,19624.0,56849.0,6806.0,3245.0,17810.0,332.0,66538.0,12485.0,1742.0,6976.0,3292.0,80703.0,442523.0,9384.0,1764.0,2331.0,14835.0,100381.0,4747.0,1174.0,9245.0,67481.0,25118.0,263.0,117735.0,135.0,6096.0,55704.0,11383.0,100192.0,14386.0,2386.0,4966.0,2799.0,948.0,42903.0,11083.0,28361.0,221.0,145.0,6463.0,43419.0,2329752.283,3429.0
2011-06-30,10436.0,5634.0,32748.0,19168.0,835.0,427.0,84966.0,210.0,,53945.0,60881.0,20164.0,66951.0,7104.0,3687.0,17932.0,353.0,53051.0,10422.0,1790.0,9816.0,2931.0,83348.0,494650.0,8964.0,1538.0,2226.0,16058.0,101873.0,4651.0,1220.0,11156.0,62762.0,26364.0,245.0,126230.0,138.0,5639.0,55544.0,12145.0,95423.0,13787.0,2490.0,4884.0,2795.0,875.0,42990.0,10326.0,29995.0,231.0,69.0,7065.0,42754.0,2307395.0,3664.0
2011-09-30,11155.0,5383.0,29746.0,15393.0,692.0,424.0,89586.0,154.0,,59360.0,53120.0,20069.0,72353.0,7969.0,4376.0,16707.0,360.0,45384.0,9151.0,1783.0,8418.0,2188.0,78618.0,496876.0,8711.0,1436.0,1637.0,17186.0,105322.0,4576.0,1203.0,12161.0,85398.0,28012.0,363.0,106260.0,119.0,5727.0,57339.0,11877.0,107034.0,14975.0,2169.0,4305.0,2734.0,876.0,47646.0,10254.0,31569.0,212.0,73.0,7854.0,42165.0,2200100.0,3359.0
2011-12-31,10822.0,5797.0,30758.0,14822.0,647.0,400.0,94529.0,142.0,,57987.0,57349.0,21981.0,73032.0,8689.0,4335.0,16621.0,358.0,44073.0,9388.0,1745.0,8498.0,2216.0,79347.0,500392.0,9160.0,793.0,1786.0,17066.0,98625.0,5855.0,729.0,11851.0,85216.0,26124.0,187.0,106769.0,138.0,5746.0,56200.0,10359.0,105042.0,14893.0,1874.0,4387.0,2713.0,760.0,50113.0,10960.0,25383.0,244.0,74.0,6567.0,41097.0,2188660.0,3523.0
2012-03-31,11146.484,6763.422,29717.497,13556.632,651.0,408.0,99301.297,155.0,,59606.155,55427.368,22198.56,82795.856,9158.0,3866.0,17126.696,392.0,45177.063,9054.496,1755.0,9040.403,1954.718,82180.375,464728.142,9142.764,1038.0,1543.0,20079.731,93760.809,5377.983,687.0,10782.545,79768.361,21774.485,195.0,109628.745,207.0,5756.011,55269.969,6751.435,99082.292,14667.765,1896.336,4722.937,2273.359,873.0,42624.17,10907.072,30937.0,246.0,104.0,6434.02,39796.197,2220806.745,4076.84
2012-06-30,11004.84,7473.681,27120.067,17920.022,625.578,395.994,92426.6,139.188,,53299.268,54758.458,22467.976,87943.745,8974.287,3828.975,16720.277,368.691,44842.875,10526.317,1865.572,7916.137,2285.492,87667.436,397741.104,10894.181,614.626,1294.917,22548.416,86486.98,5489.186,1131.562,11563.471,78086.019,20525.67,181.784,114087.741,217.481,5700.148,53032.64,6916.887,102951.259,13116.901,2161.71,4295.213,2278.386,718.092,45603.631,11466.333,31709.29,176.47,112.025,6400.451,38632.704,2182058.248,3991.3
2012-09-30,10802.598,8284.517,26674.246,14932.746,568.623,397.463,96960.167,151.631,,57574.753,58498.516,22158.569,92213.327,8866.313,3888.942,21095.125,396.411,48821.365,7402.073,1888.938,7831.148,2502.236,86487.954,403376.598,11237.684,633.801,1204.579,23635.976,83716.13,5643.717,1094.564,11277.207,89314.736,19728.9,203.93,121893.419,181.095,5777.413,50698.33,6923.239,103695.62,14403.047,1857.529,4538.625,2266.426,760.238,44114.358,11444.837,37292.236,224.273,133.164,7865.3,38723.567,2243412.137,3966.749
2012-12-31,9368.317,7768.557,25668.68,13861.075,585.326,438.153,100944.095,139.935,,55666.085,54042.878,23220.172,96343.136,9799.86,3829.891,21957.998,355.216,54662.913,8013.197,1940.354,8569.126,3057.696,84588.425,391874.704,11286.394,747.904,1234.71,27104.038,89309.439,5257.073,1103.876,10062.97,88749.693,19450.633,236.236,132812.777,242.2,5860.43,49733.215,7209.702,102992.397,13809.639,2050.467,5098.097,2300.552,756.556,41356.748,10687.824,38401.628,235.712,197.25,8790.081,38472.149,2276082.32,4054.587
2013-03-31,8828.443,8089.962,25987.394,21232.362,562.336,387.986,103725.583,138.855,,60884.465,56202.362,22806.063,116535.693,10041.325,3856.007,22711.097,352.245,54594.643,7439.94,2024.444,8620.098,2627.282,88481.994,397100.416,11479.417,1032.289,1789.835,26949.906,93485.637,5807.819,1182.46,10514.553,88595.62,20410.034,335.059,131494.913,276.805,5765.557,48822.74,7355.904,111618.855,13717.586,2219.494,4411.824,2463.3,778.447,65582.613,13653.469,38391.934,309.403,179.077,9339.086,37069.731,2228215.94,4629.644
2013-06-30,9571.908,7285.002,30273.555,23284.629,536.012,389.742,107619.276,115.958,,64204.292,49970.055,21299.426,125184.245,10915.855,3859.893,19927.503,395.024,56613.792,7461.239,2426.135,6777.418,3190.135,75220.066,399359.471,11589.316,703.775,2164.772,27524.04,93680.787,6483.002,1203.211,12804.749,69155.144,18703.06,369.294,131725.575,194.18,5997.077,46631.815,7768.392,107745.937,13771.068,2077.416,4531.619,2058.699,855.37,64924.76,12640.192,36879.565,276.529,193.526,10981.98,36256.018,2163108.786,4573.676
2013-09-30,8525.485,6903.907,32838.825,23823.25,467.171,414.131,103600.222,117.18,,64055.011,53138.026,21080.437,142527.011,11466.53,3842.536,19153.737,499.179,57249.219,7283.82,2600.322,6751.653,4259.29,67264.505,396556.427,11155.824,741.919,2123.94,27564.169,94253.472,6226.247,1153.364,9085.68,58052.898,19786.969,359.68,127414.55,201.288,5796.994,45575.914,8047.78,103703.866,13432.255,2187.93,4458.764,1762.678,760.684,66820.807,13988.885,41759.342,254.151,170.413,12157.022,36851.647,2102999.309,4801.104
2013-12-31,7863.984,7641.621,34933.171,23964.404,445.238,313.868,104286.73,85.46,,65824.881,54947.121,20082.792,159874.877,11978.654,4319.514,17679.596,460.082,59433.262,8002.491,2806.013,7238.013,5161.283,62476.587,398043.739,11027.37,865.057,1545.294,32444.304,96286.32,6314.062,1394.739,9654.072,59202.948,19530.385,393.318,132801.968,218.404,6339.8,46847.09,8847.769,115337.524,13846.954,2562.844,4412.676,2168.413,598.626,63400.175,14919.149,43867.286,265.689,338.238,12931.778,37607.523,2111934.728,4524.955
2014-03-31,8107.198,6882.295,34716.013,14054.595,439.704,338.338,104017.884,130.584,,64276.736,51591.493,22355.692,185339.953,11979.995,4361.898,17259.353,489.77,60202.377,8000.659,2765.347,7584.25,4785.895,54204.141,407390.456,11656.458,668.13,887.777,34173.423,100668.528,6512.92,1081.209,9324.991,64998.36,19649.635,407.404,141646.71,328.639,5878.609,48307.035,8963.855,120359.054,13485.878,2565.532,4084.054,1790.786,685.461,57987.702,18063.21,44448.01,422.912,324.993,11911.823,36677.222,2176535.253,4896.927
2014-06-30,8334.076,6481.304,37591.456,20351.376,436.264,349.27,102767.372,140.393,,61107.998,45849.075,22488.324,197298.732,12559.941,4012.612,16987.251,481.661,54597.241,7772.287,3001.308,7351.81,4777.339,54710.183,412398.507,10998.611,788.429,630.313,36247.35,99904.956,5716.107,1018.405,9264.617,65694.176,19145.666,527.417,148761.769,318.632,5962.834,50114.39,9986.801,124805.616,14075.133,3030.887,4187.719,1348.103,702.368,55439.433,19286.45,49406.053,381.075,503.535,12797.334,36863.268,2147988.199,5274.881
2014-09-30,7455.241,6728.99,39533.332,19065.245,590.062,407.637,103986.38,175.792,,64629.437,44275.573,22987.738,197533.685,12541.532,3989.186,16940.501,389.291,45953.977,8338.284,3352.695,6746.996,5259.331,60142.011,446056.39,11533.919,567.316,2253.235,37741.297,105567.356,6240.745,1000.739,8968.828,64835.012,18587.255,525.609,159572.401,219.825,6174.135,52478.723,9322.985,125711.584,15000.284,3247.127,4199.641,1818.074,687.221,54980.887,16872.413,49865.604,214.839,451.281,13386.477,36560.228,2162313.205,5382.496
2014-12-31,8044.858,6774.561,39506.37,17073.999,441.174,440.21,103188.439,165.312,,70425.428,45101.067,20606.058,183217.143,13045.621,4033.546,16284.718,401.929,23288.248,7418.052,3902.474,6983.52,5325.838,34290.984,356104.909,12096.279,331.109,2293.38,40029.675,112665.4,5492.102,1040.294,9190.648,71155.688,19111.95,434.81,160813.293,217.336,5957.154,56887.086,9434.564,122597.912,16938.424,2991.043,3997.186,1739.698,556.684,47769.149,15206.839,51208.25,321.556,574.121,13213.058,37993.567,2157031.261,5406.848
2015-03-31,8148.386,6435.917,41765.58,20184.972,101.654,418.442,112049.3,149.953,,72660.224,48037.026,21294.162,187537.44,14772.967,4333.412,16627.105,435.107,26137.532,9622.187,3705.723,7102.169,5836.771,46191.231,371723.356,11442.251,555.153,2028.112,41310.904,113093.257,5885.368,934.921,7534.951,74468.747,19487.24,320.135,167273.729,110.481,6291.172,62363.751,10252.699,124088.204,18546.242,3189.243,3948.394,1668.387,609.323,41284.711,15611.686,52523.249,307.085,493.531,13408.556,37335.962,2250747.988,5692.244
2015-06-30,8297.067,6573.684,40279.962,19428.505,95.548,436.476,114203.382,145.593,,80100.035,44219.728,21572.367,192086.082,14854.826,4437.392,15863.395,294.754,25255.74,8247.875,4255.125,8025.125,6248.312,40601.306,329045.33,11872.129,441.77,2038.843,40182.753,124273.743,6616.227,836.681,6824.277,92110.017,18329.032,423.297,155405.837,169.816,6499.724,60601.628,10198.102,123764.921,17980.474,2857.361,4206.951,1800.511,443.879,40299.046,13715.225,56851.468,333.226,472.309,13634.365,35852.619,2164745.679,5578.137
2015-09-30,7942.512,8222.842,39596.812,20289.316,92.072,430.138,117229.05,185.957,,82043.764,40472.488,21320.253,177065.808,15550.608,4423.719,15487.49,307.418,25789.406,8453.945,4187.448,7475.138,6271.622,39085.045,349426.93,11725.823,484.635,1740.483,40120.549,117458.415,6049.554,670.394,7237.953,97985.302,22501.021,551.603,151089.845,166.031,6312.417,59813.396,9565.559,121758.741,20038.607,2791.922,3281.271,1642.396,475.507,36777.464,13816.22,54239.466,240.692,513.265,14018.82,35681.713,2232212.874,5487.049
2015-12-31,10267.204,7489.45,50812.808,14359.234,163.639,663.34,114487.519,3524.629,,93566.987,46406.092,19639.921,156370.121,15240.752,4123.678,42071.753,316.705,28273.803,8613.424,9458.317,6580.057,6479.377,40126.005,336591.5,12289.661,557.258,2359.913,48352.174,127931.845,6048.108,695.234,6637.137,110914.644,23685.546,612.684,169096.784,192.88,7534.32,59369.164,9850.232,136362.953,19927.956,3128.042,2968.442,1839.379,371.916,50854.272,12775.01,67056.085,351.284,592.218,14287.614,38575.113,2251953.676,7153.978
2016-03-31,10384.724,7335.254,52543.967,13615.684,81.726,691.608,111578.211,3467.404,,90991.33,50739.38,19398.861,145471.641,15672.979,3914.331,44768.242,264.522,30630.347,9138.706,10565.994,6509.202,6490.365,51502.423,374063.201,11882.132,385.438,2177.791,49295.537,134564.198,5907.296,678.481,5718.254,109140.981,23705.775,568.867,170438.282,249.863,7597.056,62389.045,9640.377,137935.847,19041.923,2961.395,3070.473,1711.319,516.866,48018.075,14943.59,72427.963,395.594,614.646,14874.871,38962.417,2416027.7,6724.92
2016-06-30,10599.773,7879.862,53254.766,15415.008,85.267,754.49,106753.839,3552.744,,99825.185,52129.476,19548.928,150940.017,15944.712,4139.867,45842.92,202.47,35868.152,10232.783,12262.56,6523.519,5564.456,54138.511,393094.727,12282.133,636.723,2227.507,47993.496,145817.973,5702.171,536.719,6104.733,118146.141,23690.588,621.615,177807.498,247.627,7489.539,64115.227,9541.81,143121.731,18825.562,3325.233,3016.291,1540.425,511.672,44985.315,15437.581,74168.164,548.25,638.562,14665.415,40760.785,2421192.028,6617.224
2016-09-30,9932.431,9869.139,70697.338,15025.283,76.261,755.62,102899.067,3501.405,,97676.521,55769.951,19571.159,151699.455,15611.575,4178.204,47069.359,235.2,31870.895,9363.158,12283.679,6666.977,4295.976,52106.9,429288.015,11949.784,726.081,2282.453,46314.559,147968.249,5912.447,445.894,4497.996,128914.091,22361.416,601.944,177800.348,306.766,7586.817,62480.824,9348.205,144875.793,19107.814,3834.008,3145.269,1503.295,472.359,41106.387,14019.877,76726.679,425.128,567.533,14353.357,41011.282,2453098.5,7097.648
2016-12-31,9415.426,9568.635,52460.565,17665.482,69.598,690.961,103585.876,3774.188,,95897.539,54318.122,18453.496,160593.231,15425.706,4070.787,44214.338,379.914,31816.845,10835.649,12538.94,6882.251,4941.728,47415.484,448659.27,11754.838,523.071,2128.785,45959.781,140619.894,5596.694,502.323,4685.896,117865.075,22935.63,603.267,172845.888,241.844,7148.483,56887.311,10443.982,144036.998,18915.017,6397.707,3109.331,1265.415,560.517,37714.507,14692.006,82127.018,442.449,576.044,14046.332,39664.903,2304302.002,7292.144
2017-03-31,10251.898,10007.978,53983.844,15417.458,57.878,708.929,99644.451,3644.439,,94831.039,52453.764,18337.733,169762.426,15496.986,4040.981,41849.829,639.155,38045.397,8973.499,12149.694,7125.607,5048.414,51016.768,477561.389,11805.129,659.767,1993.646,47316.293,148080.274,5690.852,525.506,4285.145,114005.814,22991.9,404.145,178118.422,196.43,6704.92,54124.836,10311.518,142324.698,16256.129,6975.128,3048.18,1419.092,423.732,36346.642,13803.267,80867.412,257.206,388.992,14013.649,39993.882,2363722.647,7716.212
2017-06-30,11173.03,8986.335,51974.033,9343.629,61.218,674.69,95239.641,3691.044,,100536.73,50383.332,17468.249,178012.398,14654.032,3994.517,41823.184,709.335,32603.287,8661.757,11962.378,6992.814,5380.267,49396.758,514528.229,11510.928,402.886,2001.466,48943.05,143244.916,5586.061,459.84,3805.031,111034.069,23897.387,555.689,175070.687,251.907,6385.612,56914.199,10608.145,139948.083,16345.314,7011.572,2862.963,1449.493,412.44,34839.071,13166.783,79162.286,353.723,397.795,13694.288,38627.743,2354800.686,8875.379
2017-09-30,14390.629,8708.159,54315.329,10210.284,74.431,692.937,97437.653,3694.832,,108737.851,52011.095,17223.75,182261.288,14795.342,4089.289,39474.694,660.623,37784.306,8094.982,11482.136,6724.006,6528.303,47934.993,524133.104,11306.809,384.366,2178.581,50492.955,149240.67,5684.459,449.182,4328.303,114015.892,23789.726,425.784,181205.62,204.787,6562.328,58673.638,10183.853,138047.806,15304.638,6627.197,2818.561,1270.643,368.852,31525.012,13600.912,72623.286,428.269,407.864,14391.226,37528.006,2439245.523,9513.603
2017-12-31,15326.99,7979.668,52740.769,9654.231,32.264,758.592,95782.954,4016.065,,116910.664,60120.299,18682.373,171136.703,16837.56,4223.78,36947.553,900.74,34634.827,9732.539,11308.251,6933.76,6675.729,42443.926,506678.796,10725.874,339.462,2031.258,50277.349,153822.672,6060.748,461.972,5003.855,115760.99,24292.688,558.231,184656.747,171.762,6631.139,56415.723,10576.682,131257.803,15714.941,7086.332,2895.662,1391.111,376.019,30763.644,13637.058,72018.992,373.123,377.225,14249.964,36156.944,2492650.174,9645.557
2018-03-31,17146.994,8424.314,54752.402,10738.237,33.847,777.473,96513.944,3854.533,,107088.937,62332.18,18289.264,179162.534,14154.213,4054.416,35589.378,658.605,35367.08,10431.472,11176.113,6796.694,6333.156,47494.644,508349.147,9757.482,393.874,1830.918,50277.334,164668.85,5533.31,431.784,4730.135,114409.632,23859.756,417.04,187139.017,160.663,6766.736,57984.587,13847.87,136961.096,14120.707,7506.45,2991.831,1497.105,422.02,29154.923,14334.592,71746.744,301.087,401.081,13837.651,37267.523,2591288.144,10355.516
2018-06-30,17291.392,7930.175,53159.9,10400.625,76.357,879.174,95375.262,3981.249,,99435.163,55223.882,18174.513,175519.267,13619.822,4211.16,35331.959,766.555,43553.522,13248.22,10773.773,6400.732,6297.044,48065.13,530195.462,9756.215,338.707,1763.015,48982.586,163922.058,4818.958,479.25,4517.477,116765.273,21962.337,419.689,182500.002,265.794,6917.618,54273.836,13052.281,134448.957,14058.588,8094.995,2823.909,1694.648,466.657,27044.24,14092.004,76415.739,261.923,385.563,12910.014,37073.169,2472131.939,10473.834
2018-09-30,19532.108,7855.6,52038.803,10823.772,48.913,916.157,95985.919,3752.867,,98496.964,63977.926,18781.063,174885.792,13755.661,4129.505,34069.729,477.788,39318.27,10609.365,10170.162,6332.395,6609.018,45820.971,516622.207,10178.52,318.819,1769.944,49296.804,169889.823,5064.766,473.097,5267.081,112485.164,21589.311,473.915,201485.289,245.756,6573.909,56613.709,12974.712,135015.196,13005.708,8046.903,3149.73,1618.597,375.816,25079.269,13551.749,71099.76,284.216,381.35,12112.431,35276.755,2499047.967,11689.81
2018-12-31,17912.303,7871.274,51645.15,11779.266,41.354,972.451,93783.466,3866.24,,97302.547,60916.485,19247.773,174131.73,13736.302,4476.082,26613.657,954.718,36054.759,9440.797,10392.108,6615.209,5666.254,47774.603,589833.625,10468.202,349.372,1826.212,49612.159,166437.247,5449.226,554.906,4737.978,126324.702,21645.71,376.036,213288.382,235.268,6883.841,58378.997,12932.597,120454.293,15026.457,7685.152,2611.354,1475.273,398.546,21574.085,13914.538,73972.685,243.48,317.599,11750.383,35506.04,2596004.528,12090.97
2019-03-31,18124.957,8340.805,52126.89,12263.393,41.24,942.47,91085.084,3685.7,,97663.089,65086.53,19443.165,180528.277,13512.685,4341.436,25314.621,438.716,36752.675,8538.965,10371.73,7130.949,4871.552,44320.51,542742.299,10521.349,458.552,1729.155,50213.377,165434.265,5667.942,543.951,4499.744,99561.052,21840.169,461.371,211553.862,425.677,6983.319,61963.621,13099.928,119464.598,15888.268,7726.115,3028.992,1534.904,377.829,21107.07,16328.253,78113.762,220.554,415.72,12508.549,39234.819,2725075.539,12784.469
2019-06-30,17619.708,7180.35,51391.255,11684.953,39.451,957.641,88719.707,3916.615,,102016.982,67333.946,21504.124,187700.933,13939.13,4289.824,24683.231,433.763,36365.687,9399.431,10751.235,6300.396,4359.773,42972.261,543968.587,10363.117,630.195,1966.919,50352.136,169483.826,5332.276,533.341,4483.893,108371.43,23225.77,476.675,205854.102,283.152,7142.441,62808.986,13520.294,127855.33,17859.759,7333.631,3076.875,1968.635,424.849,20871.607,15516.401,72783.868,160.168,389.948,11955.861,34892.52,2707484.381,12388.656
2019-09-30,16437.282,7167.482,49803.743,11674.247,56.593,1016.278,84427.598,3775.026,,98631.144,67617.956,21736.066,187887.128,12997.893,6809.766,22912.565,461.662,36185.356,8896.912,10166.909,7059.904,4264.961,39244.9,573550.505,10636.126,638.263,1887.337,50607.043,172839.392,5503.681,546.212,4469.87,125536.269,23620.94,461.591,209469.831,216.622,6831.662,57233.002,12478.824,129071.762,17938.491,6228.201,2368.794,1874.629,349.832,20015.342,16113.022,72972.774,175.052,346.769,11689.543,34873.136,2762668.02,13512.018
2019-12-31,15994.733,6911.29,49923.46,12039.752,52.088,1057.598,82300.758,3259.888,,104843.153,65195.259,21531.164,195001.492,12401.908,6931.319,21116.062,317.671,36080.961,8895.685,10178.101,6818.484,5469.083,37949.895,619103.698,10789.066,472.794,1829.717,51235.828,176138.039,6006.506,498.128,5371.326,145246.186,25204.741,487.219,188025.635,184.103,6942.841,57308.86,13491.272,126349.149,21036.68,6048.771,2304.414,1981.154,413.418,17333.329,15260.181,77353.816,225.426,337.055,12446.232,32891.757,2818216.02,12668.159
2020-03-31,14833.974,6580.258,53311.787,18204.647,49.541,1020.202,86927.018,3055.926,,109692.394,74631.269,22768.208,195377.014,12565.626,7160.06,19972.082,373.885,35927.73,10559.978,9514.476,7337.456,6490.665,43070.743,745514.958,11218.81,477.191,1787.332,51975.339,176386.364,5584.619,626.167,5260.172,131610.228,25693.382,389.73,181107.441,179.34,6762.122,61029.342,13673.688,128709.631,19788.549,6845.694,2879.08,2178.233,356.326,18342.252,16861.445,81439.861,198.059,288.192,12544.507,32291.869,3155625.685,12305.668
2020-06-30,13844.245,6910.893,50346.858,12456.636,39.905,1020.123,87017.788,3042.791,,104364.018,71877.112,23879.624,198329.446,14226.589,7249.558,19195.776,363.602,35400.077,9838.177,9357.918,7820.28,6182.301,45092.018,697975.478,10472.419,543.393,7004.162,51312.074,165135.937,5993.288,618.114,5417.63,127695.238,27120.485,341.245,165710.405,138.389,6739.364,62438.507,12778.556,127426.49,18752.347,6363.852,2969.76,1853.36,366.621,18520.481,15700.944,86174.75,166.929,312.96,12133.287,31446.367,2969876.041,13277.95
2020-09-30,12650.947,6248.343,46547.905,11505.212,38.172,1036.088,81133.717,2748.315,,100826.521,70052.24,25170.317,205101.883,13806.048,4336.328,19587.322,731.876,35826.645,8932.084,9048.072,7198.085,5645.639,37570.869,687787.849,10679.018,423.813,6902.284,51214.005,169852.383,5448.094,634.455,5515.479,123035.046,26946.345,363.347,163893.29,141.796,6744.177,62003.966,12381.277,117915.14,18884.143,4905.548,2842.465,2044.476,488.321,17694.984,15610.064,82758.084,187.507,278.713,11988.211,30820.79,3063144.239,12609.746
2020-12-31,12595.338,6193.348,46085.688,12274.095,101.56,1110.634,77241.528,2689.398,,130742.365,66151.014,24132.98,196253.074,14223.969,5586.515,16567.492,314.613,35887.12,8890.186,9085.202,7746.412,6676.309,38308.689,742212.594,11272.837,400.86,5684.957,50040.354,167695.215,6868.504,643.258,5880.944,168865.213,30378.828,380.528,171731.149,216.606,6489.603,58612.885,12429.941,116412.651,21994.146,5148.721,2948.822,2823.168,584.717,17076.952,15833.019,87504.281,174.11,331.111,16203.073,31356.077,3226614.349,12189.717
2021-03-31,12847.793,5933.949,46957.036,11615.991,66.077,1095.838,75410.338,2471.302,,133998.549,69630.573,23291.848,217058.817,13082.678,5358.94,15646.629,691.922,32744.711,8517.352,8835.251,8722.165,7662.188,36883.268,754981.823,10773.777,338.582,9689.818,50303.136,171488.996,7199.918,610.939,5387.763,134703.907,31826.672,174.096,174920.257,265.676,6586.987,59098.251,11620.93,125957.468,17370.132,5072.376,2913.196,3399.875,461.197,17899.166,15627.106,101671.932,175.467,351.871,16327.741,32393.328,3416214.556,11115.628
2021-06-30,13146.538,5917.75,45405.724,10117.273,70.959,1216.413,76583.747,2501.783,,149920.456,65525.595,22654.584,215744.84,12861.401,4128.346,16266.542,481.593,32451.737,7655.134,8794.445,9666.552,6868.752,35710.779,730051.262,11056.999,290.289,9936.608,49458.187,178832.939,7516.688,670.544,5689.824,134223.708,31943.933,197.627,182684.104,398.375,6547.666,59307.591,12117.23,116677.496,16152.08,4655.31,2646.945,3406.258,394.416,17909.256,15855.486,107681.289,185.791,381.858,15332.932,31707.402,3347737.655,10342.836
2021-09-30,12963.186,6479.314,44130.331,9742.771,52.434,1198.634,75820.226,2277.852,,147851.702,71164.114,22816.445,217668.641,16264.436,5581.766,16406.635,433.576,32840.293,8599.385,8606.423,7840.764,6290.591,41073.959,739170.88,11503.518,273.454,10009.454,49054.016,181922.696,7489.573,676.39,6532.218,138893.081,31980.848,200.22,187459.739,221.666,6577.104,56814.856,11901.633,98666.137,15137.137,5086.494,3161.479,3118.934,535.198,18142.341,16203.138,109551.391,171.709,331.592,15052.026,32759.529,3472338.928,8935.467
2021-12-31,11384.846,5797.669,42865.586,9068.426,58.435,1289.123,77660.051,2212.903,,164118.096,77500.958,24693.273,210926.096,15154.887,5329.896,16496.446,1003.9,32861.547,9436.404,8705.341,7923.282,6171.645,47021.803,705833.492,11206.954,188.412,13141.941,50022.635,188718.468,7830.139,698.312,6120.147,140386.702,31513.276,316.227,202294.534,220.183,6522.011,59128.105,12286.357,97340.715,15461.129,5417.149,3566.386,2697.683,536.055,18222.966,15738.09,114533.841,239.885,287.879,14584.025,31016.578,3615146.232,8633.402
2022-03-31,11540.227,5667.528,43538.511,10764.81,154.209,1312.756,82302.408,1897.489,,136814.722,79504.797,24288.068,203123.73,15889.799,5531.688,7778.748,876.743,31581.519,9418.307,8369.02,8636.247,6398.577,54589.033,757527.844,10765.477,236.691,13352.656,50303.76,180584.421,7653.679,766.96,6768.977,124824.601,32259.943,153.567,204023.861,122.082,6108.855,60393.692,11538.759,94228.962,13837.256,6313.353,2892.685,2874.909,1099.809,15850.687,15376.033,116256.74,237.454,265.663,14972.122,28280.466,3661650.586,8595.691
2022-06-30,10596.713,6148.984,39636.081,10894.288,91.091,1346.692,82303.055,1872.567,,131069.751,64273.172,26142.777,191135.64,16941.121,4261.676,6961.778,339.483,37056.83,9511.264,8181.992,8642.458,7547.994,58685.243,791935.037,10715.929,104.728,13647.974,50674.824,164047.384,7250.258,486.36,7024.646,128695.965,34453.645,29.793,188290.414,91.745,5888.241,59340.81,10730.381,93991.458,13687.406,6637.654,2893.008,3535.979,984.178,14623.647,15211.87,114681.306,213.088,79.393,14690.546,26965.047,3384744.682,8123.68
2022-09-30,11372.524,4450.213,39353.852,11653.6,119.421,1381.828,84406.969,1640.718,,140085.5,70763.689,27811.23,183128.351,17538.952,4355.156,6125.74,342.432,32612.534,8888.278,7852.453,8543.741,6993.337,52160.437,778665.082,10400.024,180.576,3517.117,49659.263,165116.595,6565.582,620.155,7338.766,124573.321,34285.899,39.032,191094.324,39.726,6095.905,59394.943,10742.072,99333.199,14922.563,7086.482,2931.878,3031.549,1064.396,13878.782,15362.869,114372.085,214.051,68.133,14697.176,27039.648,3399291.6,8128.521
2022-12-31,11304.196,4344.213,36659.126,9787.574,60.966,1480.209,81097.938,1643.433,,140927.165,57414.578,27899.825,166608.872,18630.603,4373.591,5092.348,293.304,28143.912,7162.959,7895.267,7587.153,6862.463,54577.58,772975.529,9241.969,293.446,5398.419,47413.973,167307.796,6380.186,521.896,6515.967,124319.873,33905.974,15.261,190284.776,74.834,5655.88,57534.45,10261.947,91833.301,12638.93,5827.179,2454.843,2348.396,986.015,12108.812,12169.196,110819.251,116.739,104.421,14685.496,24782.947,3436394.97,9045.149
2023-03-31,10524.281,4391.37,37489.093,9808.085,246.598,1482.802,80425.701,1531.026,,123978.825,56904.455,27810.845,157862.279,18649.487,4111.474,4274.059,413.471,30265.042,6814.727,7672.941,7981.066,5376.452,54894.735,790346.793,8231.394,227.585,5869.248,47422.003,170824.064,7158.649,478.078,7499.274,103216.064,35973.951,17.299,186537.1,53.396,5548.831,63748.4,9909.527,88722.342,12726.772,5797.802,2647.02,2232.279,1023.743,11291.25,11502.323,104584.435,192.63,146.213,14315.968,25005.385,3644982.599,8997.597
2023-06-30,12034.597,3978.614,39664.459,11195.929,56.706,1465.763,80933.787,1515.206,,139418.834,56749.347,29107.207,147715.461,19060.519,3882.224,4369.073,333.159,24786.698,7078.895,7778.73,7240.395,6232.769,57689.114,851724.096,7672.57,183.189,5822.644,47085.668,179060.587,7362.63,575.838,5227.602,104407.963,34276.627,20.944,199195.372,14.93,5675.817,63430.789,10011.518,82748.33,13249.604,5635.346,2653.675,2039.256,1141.487,10046.7,14166.209,110939.384,109.381,119.756,13832.459,24762.195,3740497.173,7559.823
2023-09-30,11054.958,3830.569,36230.519,9848.602,76.712,1445.995,78843.441,1475.499,,143160.598,65886.205,28331.806,140605.804,19735.541,3866.214,4352.109,304.098,29665.737,7445.828,7645.19,7658.958,7473.998,66857.355,976680.702,6212.007,287.231,6280.146,47400.882,183131.645,7793.784,623.765,5512.448,100409.545,43832.903,4.649,194094.264,17.826,5484.306,63183.123,9893.683,85771.827,13111.711,4847.04,2164.761,2094.084,741.313,8787.69,12372.905,106938.631,322.473,103.349,13642.16,23409.807,3800836.046,7402.729
2023-12-31,11127.835,4131.787,37622.137,7728.433,52.406,1446.113,78687.326,1474.692,,143341.744,63584.166,30577.577,136751.201,18999.154,3879.355,3672.085,233.46,28994.789,7666.365,7522.516,7813.572,6617.682,62635.765,888805.991,5983.142,160.856,6308.906,48485.057,190048.009,8176.506,556.796,4998.954,98914.566,39876.096,1.274,202866.433,9.558,5483.116,62753.688,9618.158,77651.381,11736.684,5281.573,2145.933,1960.882,797.526,7297.348,12507.385,113135.134,243.571,203.267,13507.705,22372.304,4062957.139,7432.628
2024-03-31,10880.543,4499.751,41449.317,6491.763,56.555,1370.363,80161.395,1432.805,,171054.852,64032.171,31525.274,135215.267,19592.881,3696.078,3737.655,243.053,29378.881,7719.022,7277.829,7400.089,6310.775,60680.378,922298.476,5638.473,89.773,6275.669,49506.833,197395.24,7198.529,479.215,5219.719,96208.97,44923.621,16.585,197163.807,12.94,5144.156,61269.615,9973.944,85040.524,13492.434,4805.633,2781.192,1746.566,850.066,6605.529,12954.073,109773.67,217.139,92.959,13643.996,20755.792,4326925.693,7824.153
2024-06-30,11032.433,4267.059,36531.561,7917.858,90.032,1673.779,80928.367,1431.291,,165130.699,60187.285,32093.665,137260.039,19991.354,3749.971,3756.682,345.709,28102.699,7000.23,7037.016,10799.874,6375.528,67522.683,919208.135,5518.072,337.886,6884.088,49368.794,202590.892,6947.871,505.824,4830.134,94021.755,45796.651,42.107,212463.096,80.607,4840.016,59610.667,10047.102,81946.313,13367.484,5011.74,2760.12,1605.263,486.686,5765.008,13046.305,123661.077,230.837,98.672,13469.917,21576.833,4272259.161,7470.446
2024-09-30,9685.224,3955.674,39647.117,7570.524,147.648,1359.414,88899.347,1291.799,,165145.096,62136.849,34337.447,131522.03,20602.915,3756.255,4177.496,279.519,28285.781,7852.986,6986.735,6625.533,6719.315,72005.487,884794.442,5400.894,121.511,6932.678,49442.887,218908.677,7790.308,347.106,5331.84,92388.034,44497.155,22.463,213030.767,30.848,5255.849,61086.476,10118.537,77279.192,13366.998,5251.503,3052.082,1741.996,644.114,5039.07,13158.147,118094.568,189.756,93.564,13588.095,21247.993,4579385.299,7546.118
2024-12-31,9668.076,3821.535,38651.541,8000.754,93.2,1367.771,83724.181,1292.045,,166986.699,65392.763,32983.065,135150.005,20297.844,3817.043,3723.021,315.043,28398.705,11124.553,6875.48,7961.815,7553.436,72018.237,796068.375,5320.694,108.43,6967.011,49185.7,232553.333,7411.621,366.726,5261.311,92498.976,41770.862,19.329,230225.893,69.1,5104.225,62817.376,10006.226,82364.034,15655.357,5929.039,3507.587,1031.02,660.722,4395.661,15044.72,123751.267,337.044,105.188,13543.758,19359.931,4618325.885,7474.786
