Time Series Search Export,Search term,Search filters,,Last update of Credit to the non-financial sector data,Downloaded at,Source,Source URL,Download URL,About Credit to the non-financial sector
,,,,2025-06-16,2025-06-25 14:23 CEST,BIS,"https://data.bis.org/topics/TOTAL_CREDIT/BIS,WS_TC,2.0/Q.CA.P.B.M.USD.A?","https://data.bis.org/topics/TOTAL_CREDIT/BIS,WS_TC,2.0/Q.CA.P.B.M.USD.A?&file_format=csv&format=long&split_frequencies=false&transposed=false&include=code",https://data.bis.org/topics/TOTAL_CREDIT

DATAFLOW_ID,KEY,FREQ,BORROWERS_CTY,TC_BORROWERS,TC_LENDERS,VALUATION,UNIT_TYPE,TC_ADJUST,Unit,Unit multiplier,TIME_PERIOD,OBS_CONF,OBS_PRE_BREAK,OBS_STATUS,OBS_VALUE
"BIS,WS_TC,2.0",Q.CA.P.B.M.USD.A,Q,CA,P,B,M,USD,A,US dollar,Billions,1954-03-31,F,,A,4.051
"BIS,WS_TC,2.0",Q.CA.P.B.M.USD.A,Q,CA,P,B,M,USD,A,US dollar,Billions,1954-06-30,F,,A,4.113
"BIS,WS_TC,2.0",Q.CA.P.B.M.USD.A,Q,CA,P,B,M,USD,A,US dollar,Billions,1954-09-30,F,,A,4.045
"BIS,WS_TC,2.0",Q.CA.P.B.M.USD.A,Q,CA,P,B,M,USD,A,US dollar,Billions,1954-12-31,F,,A,4.229
"BIS,WS_TC,2.0",Q.CA.P.B.M.USD.A,Q,CA,P,B,M,USD,A,US dollar,Billions,1955-03-31,F,,A,4.087
"BIS,WS_TC,2.0",Q.CA.P.B.M.USD.A,Q,CA,P,B,M,USD,A,US dollar,Billions,1955-06-30,F,,A,4.291
"BIS,WS_TC,2.0",Q.CA.P.B.M.USD.A,Q,CA,P,B,M,USD,A,US dollar,Billions,1955-09-30,F,,A,4.582
"BIS,WS_TC,2.0",Q.CA.P.B.M.USD.A,Q,CA,P,B,M,USD,A,US dollar,Billions,1955-12-31,F,,A,5.057
"BIS,WS_TC,2.0",Q.CA.P.B.M.USD.A,Q,CA,P,B,M,USD,A,US dollar,Billions,1956-03-31,F,,A,5.218
"BIS,WS_TC,2.0",Q.CA.P.B.M.USD.A,Q,CA,P,B,M,USD,A,US dollar,Billions,1956-06-30,F,,A,5.676
"BIS,WS_TC,2.0",Q.CA.P.B.M.USD.A,Q,CA,P,B,M,USD,A,US dollar,Billions,1956-09-30,F,,A,5.734
"BIS,WS_TC,2.0",Q.CA.P.B.M.USD.A,Q,CA,P,B,M,USD,A,US dollar,Billions,1956-12-31,F,,A,5.953
"BIS,WS_TC,2.0",Q.CA.P.B.M.USD.A,Q,CA,P,B,M,USD,A,US dollar,Billions,1957-03-31,F,,A,5.866
"BIS,WS_TC,2.0",Q.CA.P.B.M.USD.A,Q,CA,P,B,M,USD,A,US dollar,Billions,1957-06-30,F,,A,6.015
"BIS,WS_TC,2.0",Q.CA.P.B.M.USD.A,Q,CA,P,B,M,USD,A,US dollar,Billions,1957-09-30,F,,A,5.944
"BIS,WS_TC,2.0",Q.CA.P.B.M.USD.A,Q,CA,P,B,M,USD,A,US dollar,Billions,1957-12-31,F,,A,5.877
"BIS,WS_TC,2.0",Q.CA.P.B.M.USD.A,Q,CA,P,B,M,USD,A,US dollar,Billions,1958-03-31,F,,A,5.834
"BIS,WS_TC,2.0",Q.CA.P.B.M.USD.A,Q,CA,P,B,M,USD,A,US dollar,Billions,1958-06-30,F,,A,5.885
"BIS,WS_TC,2.0",Q.CA.P.B.M.USD.A,Q,CA,P,B,M,USD,A,US dollar,Billions,1958-09-30,F,,A,5.826
"BIS,WS_TC,2.0",Q.CA.P.B.M.USD.A,Q,CA,P,B,M,USD,A,US dollar,Billions,1958-12-31,F,,A,6.159
"BIS,WS_TC,2.0",Q.CA.P.B.M.USD.A,Q,CA,P,B,M,USD,A,US dollar,Billions,1959-03-31,F,,A,6.344
"BIS,WS_TC,2.0",Q.CA.P.B.M.USD.A,Q,CA,P,B,M,USD,A,US dollar,Billions,1959-06-30,F,,A,6.867
"BIS,WS_TC,2.0",Q.CA.P.B.M.USD.A,Q,CA,P,B,M,USD,A,US dollar,Billions,1959-09-30,F,,A,7.316
"BIS,WS_TC,2.0",Q.CA.P.B.M.USD.A,Q,CA,P,B,M,USD,A,US dollar,Billions,1959-12-31,F,,A,7.245
"BIS,WS_TC,2.0",Q.CA.P.B.M.USD.A,Q,CA,P,B,M,USD,A,US dollar,Billions,1960-03-31,F,,A,7.025
"BIS,WS_TC,2.0",Q.CA.P.B.M.USD.A,Q,CA,P,B,M,USD,A,US dollar,Billions,1960-06-30,F,,A,6.988
"BIS,WS_TC,2.0",Q.CA.P.B.M.USD.A,Q,CA,P,B,M,USD,A,US dollar,Billions,1960-09-30,F,,A,6.985
"BIS,WS_TC,2.0",Q.CA.P.B.M.USD.A,Q,CA,P,B,M,USD,A,US dollar,Billions,1960-12-31,F,,A,7.096
"BIS,WS_TC,2.0",Q.CA.P.B.M.USD.A,Q,CA,P,B,M,USD,A,US dollar,Billions,1961-03-31,F,,A,6.973
"BIS,WS_TC,2.0",Q.CA.P.B.M.USD.A,Q,CA,P,B,M,USD,A,US dollar,Billions,1961-06-30,F,,A,6.791
"BIS,WS_TC,2.0",Q.CA.P.B.M.USD.A,Q,CA,P,B,M,USD,A,US dollar,Billions,1961-09-30,F,,A,6.929
"BIS,WS_TC,2.0",Q.CA.P.B.M.USD.A,Q,CA,P,B,M,USD,A,US dollar,Billions,1961-12-31,F,,A,7.091
"BIS,WS_TC,2.0",Q.CA.P.B.M.USD.A,Q,CA,P,B,M,USD,A,US dollar,Billions,1962-03-31,F,,A,7.083
"BIS,WS_TC,2.0",Q.CA.P.B.M.USD.A,Q,CA,P,B,M,USD,A,US dollar,Billions,1962-06-30,F,,A,7.394
"BIS,WS_TC,2.0",Q.CA.P.B.M.USD.A,Q,CA,P,B,M,USD,A,US dollar,Billions,1962-09-30,F,,A,7.645
"BIS,WS_TC,2.0",Q.CA.P.B.M.USD.A,Q,CA,P,B,M,USD,A,US dollar,Billions,1962-12-31,F,,A,7.553
"BIS,WS_TC,2.0",Q.CA.P.B.M.USD.A,Q,CA,P,B,M,USD,A,US dollar,Billions,1963-03-31,F,,A,7.382
"BIS,WS_TC,2.0",Q.CA.P.B.M.USD.A,Q,CA,P,B,M,USD,A,US dollar,Billions,1963-06-30,F,,A,7.606
"BIS,WS_TC,2.0",Q.CA.P.B.M.USD.A,Q,CA,P,B,M,USD,A,US dollar,Billions,1963-09-30,F,,A,7.659
"BIS,WS_TC,2.0",Q.CA.P.B.M.USD.A,Q,CA,P,B,M,USD,A,US dollar,Billions,1963-12-31,F,,A,7.906
"BIS,WS_TC,2.0",Q.CA.P.B.M.USD.A,Q,CA,P,B,M,USD,A,US dollar,Billions,1964-03-31,F,,A,7.963
"BIS,WS_TC,2.0",Q.CA.P.B.M.USD.A,Q,CA,P,B,M,USD,A,US dollar,Billions,1964-06-30,F,,A,8.394
"BIS,WS_TC,2.0",Q.CA.P.B.M.USD.A,Q,CA,P,B,M,USD,A,US dollar,Billions,1964-09-30,F,,A,8.612
"BIS,WS_TC,2.0",Q.CA.P.B.M.USD.A,Q,CA,P,B,M,USD,A,US dollar,Billions,1964-12-31,F,,A,8.91
"BIS,WS_TC,2.0",Q.CA.P.B.M.USD.A,Q,CA,P,B,M,USD,A,US dollar,Billions,1965-03-31,F,,A,8.977
"BIS,WS_TC,2.0",Q.CA.P.B.M.USD.A,Q,CA,P,B,M,USD,A,US dollar,Billions,1965-06-30,F,,A,9.563
"BIS,WS_TC,2.0",Q.CA.P.B.M.USD.A,Q,CA,P,B,M,USD,A,US dollar,Billions,1965-09-30,F,,A,10.025
"BIS,WS_TC,2.0",Q.CA.P.B.M.USD.A,Q,CA,P,B,M,USD,A,US dollar,Billions,1965-12-31,F,,A,10.544
"BIS,WS_TC,2.0",Q.CA.P.B.M.USD.A,Q,CA,P,B,M,USD,A,US dollar,Billions,1966-03-31,F,,A,10.399
"BIS,WS_TC,2.0",Q.CA.P.B.M.USD.A,Q,CA,P,B,M,USD,A,US dollar,Billions,1966-06-30,F,,A,10.76
"BIS,WS_TC,2.0",Q.CA.P.B.M.USD.A,Q,CA,P,B,M,USD,A,US dollar,Billions,1966-09-30,F,,A,10.883
"BIS,WS_TC,2.0",Q.CA.P.B.M.USD.A,Q,CA,P,B,M,USD,A,US dollar,Billions,1966-12-31,F,,A,11.075
"BIS,WS_TC,2.0",Q.CA.P.B.M.USD.A,Q,CA,P,B,M,USD,A,US dollar,Billions,1967-03-31,F,,A,11.276
"BIS,WS_TC,2.0",Q.CA.P.B.M.USD.A,Q,CA,P,B,M,USD,A,US dollar,Billions,1967-06-30,F,,A,11.537
"BIS,WS_TC,2.0",Q.CA.P.B.M.USD.A,Q,CA,P,B,M,USD,A,US dollar,Billions,1967-09-30,F,,A,12.094
"BIS,WS_TC,2.0",Q.CA.P.B.M.USD.A,Q,CA,P,B,M,USD,A,US dollar,Billions,1967-12-31,F,,A,12.627
"BIS,WS_TC,2.0",Q.CA.P.B.M.USD.A,Q,CA,P,B,M,USD,A,US dollar,Billions,1968-03-31,F,,A,12.895
"BIS,WS_TC,2.0",Q.CA.P.B.M.USD.A,Q,CA,P,B,M,USD,A,US dollar,Billions,1968-06-30,F,,A,13.424
"BIS,WS_TC,2.0",Q.CA.P.B.M.USD.A,Q,CA,P,B,M,USD,A,US dollar,Billions,1968-09-30,F,,A,13.847
"BIS,WS_TC,2.0",Q.CA.P.B.M.USD.A,Q,CA,P,B,M,USD,A,US dollar,Billions,1968-12-31,F,,A,14.534
"BIS,WS_TC,2.0",Q.CA.P.B.M.USD.A,Q,CA,P,B,M,USD,A,US dollar,Billions,1969-03-31,F,,A,13.041
"BIS,WS_TC,2.0",Q.CA.P.B.M.USD.A,Q,CA,P,B,M,USD,A,US dollar,Billions,1969-06-30,F,,A,13.922
"BIS,WS_TC,2.0",Q.CA.P.B.M.USD.A,Q,CA,P,B,M,USD,A,US dollar,Billions,1969-09-30,F,,A,14.432
"BIS,WS_TC,2.0",Q.CA.P.B.M.USD.A,Q,CA,P,B,M,USD,A,US dollar,Billions,1969-12-31,F,,A,15.044
"BIS,WS_TC,2.0",Q.CA.P.B.M.USD.A,Q,CA,P,B,M,USD,A,US dollar,Billions,1970-03-31,F,,A,15.093
"BIS,WS_TC,2.0",Q.CA.P.B.M.USD.A,Q,CA,P,B,M,USD,A,US dollar,Billions,1970-06-30,F,,A,15.826
"BIS,WS_TC,2.0",Q.CA.P.B.M.USD.A,Q,CA,P,B,M,USD,A,US dollar,Billions,1970-09-30,F,,A,16.967
"BIS,WS_TC,2.0",Q.CA.P.B.M.USD.A,Q,CA,P,B,M,USD,A,US dollar,Billions,1970-12-31,F,,A,17.426
"BIS,WS_TC,2.0",Q.CA.P.B.M.USD.A,Q,CA,P,B,M,USD,A,US dollar,Billions,1971-03-31,F,,A,17.678
"BIS,WS_TC,2.0",Q.CA.P.B.M.USD.A,Q,CA,P,B,M,USD,A,US dollar,Billions,1971-06-30,F,,A,18.182
"BIS,WS_TC,2.0",Q.CA.P.B.M.USD.A,Q,CA,P,B,M,USD,A,US dollar,Billions,1971-09-30,F,,A,19.513
"BIS,WS_TC,2.0",Q.CA.P.B.M.USD.A,Q,CA,P,B,M,USD,A,US dollar,Billions,1971-12-31,F,,A,20.776
"BIS,WS_TC,2.0",Q.CA.P.B.M.USD.A,Q,CA,P,B,M,USD,A,US dollar,Billions,1972-03-31,F,,A,21.93
"BIS,WS_TC,2.0",Q.CA.P.B.M.USD.A,Q,CA,P,B,M,USD,A,US dollar,Billions,1972-06-30,F,,A,23.754
"BIS,WS_TC,2.0",Q.CA.P.B.M.USD.A,Q,CA,P,B,M,USD,A,US dollar,Billions,1972-09-30,F,,A,24.785
"BIS,WS_TC,2.0",Q.CA.P.B.M.USD.A,Q,CA,P,B,M,USD,A,US dollar,Billions,1972-12-31,F,,A,25.811
"BIS,WS_TC,2.0",Q.CA.P.B.M.USD.A,Q,CA,P,B,M,USD,A,US dollar,Billions,1973-03-31,F,,A,27.228
"BIS,WS_TC,2.0",Q.CA.P.B.M.USD.A,Q,CA,P,B,M,USD,A,US dollar,Billions,1973-06-30,F,,A,29.185
"BIS,WS_TC,2.0",Q.CA.P.B.M.USD.A,Q,CA,P,B,M,USD,A,US dollar,Billions,1973-09-30,F,,A,30.403
"BIS,WS_TC,2.0",Q.CA.P.B.M.USD.A,Q,CA,P,B,M,USD,A,US dollar,Billions,1973-12-31,F,,A,32.828
"BIS,WS_TC,2.0",Q.CA.P.B.M.USD.A,Q,CA,P,B,M,USD,A,US dollar,Billions,1974-03-31,F,,A,34.819
"BIS,WS_TC,2.0",Q.CA.P.B.M.USD.A,Q,CA,P,B,M,USD,A,US dollar,Billions,1974-06-30,F,,A,37.418
"BIS,WS_TC,2.0",Q.CA.P.B.M.USD.A,Q,CA,P,B,M,USD,A,US dollar,Billions,1974-09-30,F,,A,39.194
"BIS,WS_TC,2.0",Q.CA.P.B.M.USD.A,Q,CA,P,B,M,USD,A,US dollar,Billions,1974-12-31,F,,A,40.818
"BIS,WS_TC,2.0",Q.CA.P.B.M.USD.A,Q,CA,P,B,M,USD,A,US dollar,Billions,1975-03-31,F,,A,42.038
"BIS,WS_TC,2.0",Q.CA.P.B.M.USD.A,Q,CA,P,B,M,USD,A,US dollar,Billions,1975-06-30,F,,A,42.798
"BIS,WS_TC,2.0",Q.CA.P.B.M.USD.A,Q,CA,P,B,M,USD,A,US dollar,Billions,1975-09-30,F,,A,44.908
"BIS,WS_TC,2.0",Q.CA.P.B.M.USD.A,Q,CA,P,B,M,USD,A,US dollar,Billions,1975-12-31,F,,A,47.149
"BIS,WS_TC,2.0",Q.CA.P.B.M.USD.A,Q,CA,P,B,M,USD,A,US dollar,Billions,1976-03-31,F,,A,53.178
"BIS,WS_TC,2.0",Q.CA.P.B.M.USD.A,Q,CA,P,B,M,USD,A,US dollar,Billions,1976-06-30,F,,A,56.874
"BIS,WS_TC,2.0",Q.CA.P.B.M.USD.A,Q,CA,P,B,M,USD,A,US dollar,Billions,1976-09-30,F,,A,59.013
"BIS,WS_TC,2.0",Q.CA.P.B.M.USD.A,Q,CA,P,B,M,USD,A,US dollar,Billions,1976-12-31,F,,A,59.363
"BIS,WS_TC,2.0",Q.CA.P.B.M.USD.A,Q,CA,P,B,M,USD,A,US dollar,Billions,1977-03-31,F,,A,59.458
"BIS,WS_TC,2.0",Q.CA.P.B.M.USD.A,Q,CA,P,B,M,USD,A,US dollar,Billions,1977-06-30,F,,A,61.736
"BIS,WS_TC,2.0",Q.CA.P.B.M.USD.A,Q,CA,P,B,M,USD,A,US dollar,Billions,1977-09-30,F,,A,63.788
"BIS,WS_TC,2.0",Q.CA.P.B.M.USD.A,Q,CA,P,B,M,USD,A,US dollar,Billions,1977-12-31,F,,A,64.533
"BIS,WS_TC,2.0",Q.CA.P.B.M.USD.A,Q,CA,P,B,M,USD,A,US dollar,Billions,1978-03-31,F,,A,65.414
"BIS,WS_TC,2.0",Q.CA.P.B.M.USD.A,Q,CA,P,B,M,USD,A,US dollar,Billions,1978-06-30,F,,A,68.768
"BIS,WS_TC,2.0",Q.CA.P.B.M.USD.A,Q,CA,P,B,M,USD,A,US dollar,Billions,1978-09-30,F,,A,68.571
"BIS,WS_TC,2.0",Q.CA.P.B.M.USD.A,Q,CA,P,B,M,USD,A,US dollar,Billions,1978-12-31,F,,A,72.578
"BIS,WS_TC,2.0",Q.CA.P.B.M.USD.A,Q,CA,P,B,M,USD,A,US dollar,Billions,1979-03-31,F,,A,77.953
"BIS,WS_TC,2.0",Q.CA.P.B.M.USD.A,Q,CA,P,B,M,USD,A,US dollar,Billions,1979-06-30,F,,A,81.93
"BIS,WS_TC,2.0",Q.CA.P.B.M.USD.A,Q,CA,P,B,M,USD,A,US dollar,Billions,1979-09-30,F,,A,86.661
"BIS,WS_TC,2.0",Q.CA.P.B.M.USD.A,Q,CA,P,B,M,USD,A,US dollar,Billions,1979-12-31,F,,A,89.586
"BIS,WS_TC,2.0",Q.CA.P.B.M.USD.A,Q,CA,P,B,M,USD,A,US dollar,Billions,1980-03-31,F,,A,91.811
"BIS,WS_TC,2.0",Q.CA.P.B.M.USD.A,Q,CA,P,B,M,USD,A,US dollar,Billions,1980-06-30,F,,A,100.005
"BIS,WS_TC,2.0",Q.CA.P.B.M.USD.A,Q,CA,P,B,M,USD,A,US dollar,Billions,1980-09-30,F,,A,100.605
"BIS,WS_TC,2.0",Q.CA.P.B.M.USD.A,Q,CA,P,B,M,USD,A,US dollar,Billions,1980-12-31,F,,A,104.423
"BIS,WS_TC,2.0",Q.CA.P.B.M.USD.A,Q,CA,P,B,M,USD,A,US dollar,Billions,1981-03-31,F,,A,111.119
"BIS,WS_TC,2.0",Q.CA.P.B.M.USD.A,Q,CA,P,B,M,USD,A,US dollar,Billions,1981-06-30,F,,A,118.263
"BIS,WS_TC,2.0",Q.CA.P.B.M.USD.A,Q,CA,P,B,M,USD,A,US dollar,Billions,1981-09-30,F,,A,128.663
"BIS,WS_TC,2.0",Q.CA.P.B.M.USD.A,Q,CA,P,B,M,USD,A,US dollar,Billions,1981-12-31,F,,A,138.272
"BIS,WS_TC,2.0",Q.CA.P.B.M.USD.A,Q,CA,P,B,M,USD,A,US dollar,Billions,1982-03-31,F,,A,139.384
"BIS,WS_TC,2.0",Q.CA.P.B.M.USD.A,Q,CA,P,B,M,USD,A,US dollar,Billions,1982-06-30,F,,A,134.919
"BIS,WS_TC,2.0",Q.CA.P.B.M.USD.A,Q,CA,P,B,M,USD,A,US dollar,Billions,1982-09-30,F,,A,141.463
"BIS,WS_TC,2.0",Q.CA.P.B.M.USD.A,Q,CA,P,B,M,USD,A,US dollar,Billions,1982-12-31,F,,A,139.727
"BIS,WS_TC,2.0",Q.CA.P.B.M.USD.A,Q,CA,P,B,M,USD,A,US dollar,Billions,1983-03-31,F,,A,138.531
"BIS,WS_TC,2.0",Q.CA.P.B.M.USD.A,Q,CA,P,B,M,USD,A,US dollar,Billions,1983-06-30,F,,A,136.759
"BIS,WS_TC,2.0",Q.CA.P.B.M.USD.A,Q,CA,P,B,M,USD,A,US dollar,Billions,1983-09-30,F,,A,135.621
"BIS,WS_TC,2.0",Q.CA.P.B.M.USD.A,Q,CA,P,B,M,USD,A,US dollar,Billions,1983-12-31,F,,A,134.01
"BIS,WS_TC,2.0",Q.CA.P.B.M.USD.A,Q,CA,P,B,M,USD,A,US dollar,Billions,1984-03-31,F,,A,132.922
"BIS,WS_TC,2.0",Q.CA.P.B.M.USD.A,Q,CA,P,B,M,USD,A,US dollar,Billions,1984-06-30,F,,A,130.869
"BIS,WS_TC,2.0",Q.CA.P.B.M.USD.A,Q,CA,P,B,M,USD,A,US dollar,Billions,1984-09-30,F,,A,132.397
"BIS,WS_TC,2.0",Q.CA.P.B.M.USD.A,Q,CA,P,B,M,USD,A,US dollar,Billions,1984-12-31,F,,A,133.293
"BIS,WS_TC,2.0",Q.CA.P.B.M.USD.A,Q,CA,P,B,M,USD,A,US dollar,Billions,1985-03-31,F,,A,134.168
"BIS,WS_TC,2.0",Q.CA.P.B.M.USD.A,Q,CA,P,B,M,USD,A,US dollar,Billions,1985-06-30,F,,A,135.791
"BIS,WS_TC,2.0",Q.CA.P.B.M.USD.A,Q,CA,P,B,M,USD,A,US dollar,Billions,1985-09-30,F,,A,139.456
"BIS,WS_TC,2.0",Q.CA.P.B.M.USD.A,Q,CA,P,B,M,USD,A,US dollar,Billions,1985-12-31,F,,A,140.051
"BIS,WS_TC,2.0",Q.CA.P.B.M.USD.A,Q,CA,P,B,M,USD,A,US dollar,Billions,1986-03-31,F,,A,143.743
"BIS,WS_TC,2.0",Q.CA.P.B.M.USD.A,Q,CA,P,B,M,USD,A,US dollar,Billions,1986-06-30,F,,A,146.132
"BIS,WS_TC,2.0",Q.CA.P.B.M.USD.A,Q,CA,P,B,M,USD,A,US dollar,Billions,1986-09-30,F,,A,148.503
"BIS,WS_TC,2.0",Q.CA.P.B.M.USD.A,Q,CA,P,B,M,USD,A,US dollar,Billions,1986-12-31,F,,A,150.996
"BIS,WS_TC,2.0",Q.CA.P.B.M.USD.A,Q,CA,P,B,M,USD,A,US dollar,Billions,1987-03-31,F,,A,160.85
"BIS,WS_TC,2.0",Q.CA.P.B.M.USD.A,Q,CA,P,B,M,USD,A,US dollar,Billions,1987-06-30,F,,A,162.997
"BIS,WS_TC,2.0",Q.CA.P.B.M.USD.A,Q,CA,P,B,M,USD,A,US dollar,Billions,1987-09-30,F,,A,169.98
"BIS,WS_TC,2.0",Q.CA.P.B.M.USD.A,Q,CA,P,B,M,USD,A,US dollar,Billions,1987-12-31,F,,A,178.55
"BIS,WS_TC,2.0",Q.CA.P.B.M.USD.A,Q,CA,P,B,M,USD,A,US dollar,Billions,1988-03-31,F,,A,193.167
"BIS,WS_TC,2.0",Q.CA.P.B.M.USD.A,Q,CA,P,B,M,USD,A,US dollar,Billions,1988-06-30,F,,A,204.619
"BIS,WS_TC,2.0",Q.CA.P.B.M.USD.A,Q,CA,P,B,M,USD,A,US dollar,Billions,1988-09-30,F,,A,211.734
"BIS,WS_TC,2.0",Q.CA.P.B.M.USD.A,Q,CA,P,B,M,USD,A,US dollar,Billions,1988-12-31,F,,A,222.79
"BIS,WS_TC,2.0",Q.CA.P.B.M.USD.A,Q,CA,P,B,M,USD,A,US dollar,Billions,1989-03-31,F,,A,229.952
"BIS,WS_TC,2.0",Q.CA.P.B.M.USD.A,Q,CA,P,B,M,USD,A,US dollar,Billions,1989-06-30,F,,A,237.745
"BIS,WS_TC,2.0",Q.CA.P.B.M.USD.A,Q,CA,P,B,M,USD,A,US dollar,Billions,1989-09-30,F,,A,247.42
"BIS,WS_TC,2.0",Q.CA.P.B.M.USD.A,Q,CA,P,B,M,USD,A,US dollar,Billions,1989-12-31,F,,A,258.599
"BIS,WS_TC,2.0",Q.CA.P.B.M.USD.A,Q,CA,P,B,M,USD,A,US dollar,Billions,1990-03-31,F,,A,261.929
"BIS,WS_TC,2.0",Q.CA.P.B.M.USD.A,Q,CA,P,B,M,USD,A,US dollar,Billions,1990-06-30,F,,A,272.307
"BIS,WS_TC,2.0",Q.CA.P.B.M.USD.A,Q,CA,P,B,M,USD,A,US dollar,Billions,1990-09-30,F,,A,279.308
"BIS,WS_TC,2.0",Q.CA.P.B.M.USD.A,Q,CA,P,B,M,USD,A,US dollar,Billions,1990-12-31,F,,A,277.845
"BIS,WS_TC,2.0",Q.CA.P.B.M.USD.A,Q,CA,P,B,M,USD,A,US dollar,Billions,1991-03-31,F,,A,279.388
"BIS,WS_TC,2.0",Q.CA.P.B.M.USD.A,Q,CA,P,B,M,USD,A,US dollar,Billions,1991-06-30,F,,A,286.251
"BIS,WS_TC,2.0",Q.CA.P.B.M.USD.A,Q,CA,P,B,M,USD,A,US dollar,Billions,1991-09-30,F,,A,290.732
"BIS,WS_TC,2.0",Q.CA.P.B.M.USD.A,Q,CA,P,B,M,USD,A,US dollar,Billions,1991-12-31,F,,A,285.541
"BIS,WS_TC,2.0",Q.CA.P.B.M.USD.A,Q,CA,P,B,M,USD,A,US dollar,Billions,1992-03-31,F,,A,277.405
"BIS,WS_TC,2.0",Q.CA.P.B.M.USD.A,Q,CA,P,B,M,USD,A,US dollar,Billions,1992-06-30,F,,A,279.776
"BIS,WS_TC,2.0",Q.CA.P.B.M.USD.A,Q,CA,P,B,M,USD,A,US dollar,Billions,1992-09-30,F,,A,271.369
"BIS,WS_TC,2.0",Q.CA.P.B.M.USD.A,Q,CA,P,B,M,USD,A,US dollar,Billions,1992-12-31,F,,A,266.114
"BIS,WS_TC,2.0",Q.CA.P.B.M.USD.A,Q,CA,P,B,M,USD,A,US dollar,Billions,1993-03-31,F,,A,272.927
"BIS,WS_TC,2.0",Q.CA.P.B.M.USD.A,Q,CA,P,B,M,USD,A,US dollar,Billions,1993-06-30,F,,A,275.062
"BIS,WS_TC,2.0",Q.CA.P.B.M.USD.A,Q,CA,P,B,M,USD,A,US dollar,Billions,1993-09-30,F,,A,278.263
"BIS,WS_TC,2.0",Q.CA.P.B.M.USD.A,Q,CA,P,B,M,USD,A,US dollar,Billions,1993-12-31,F,,A,282.666
"BIS,WS_TC,2.0",Q.CA.P.B.M.USD.A,Q,CA,P,B,M,USD,A,US dollar,Billions,1994-03-31,F,,A,273.265
"BIS,WS_TC,2.0",Q.CA.P.B.M.USD.A,Q,CA,P,B,M,USD,A,US dollar,Billions,1994-06-30,F,,A,282.267
"BIS,WS_TC,2.0",Q.CA.P.B.M.USD.A,Q,CA,P,B,M,USD,A,US dollar,Billions,1994-09-30,F,,A,293.759
"BIS,WS_TC,2.0",Q.CA.P.B.M.USD.A,Q,CA,P,B,M,USD,A,US dollar,Billions,1994-12-31,F,,A,289.435
"BIS,WS_TC,2.0",Q.CA.P.B.M.USD.A,Q,CA,P,B,M,USD,A,US dollar,Billions,1995-03-31,F,,A,294.313
"BIS,WS_TC,2.0",Q.CA.P.B.M.USD.A,Q,CA,P,B,M,USD,A,US dollar,Billions,1995-06-30,F,,A,304.433
"BIS,WS_TC,2.0",Q.CA.P.B.M.USD.A,Q,CA,P,B,M,USD,A,US dollar,Billions,1995-09-30,F,,A,315.409
"BIS,WS_TC,2.0",Q.CA.P.B.M.USD.A,Q,CA,P,B,M,USD,A,US dollar,Billions,1995-12-31,F,,A,322.43
"BIS,WS_TC,2.0",Q.CA.P.B.M.USD.A,Q,CA,P,B,M,USD,A,US dollar,Billions,1996-03-31,F,,A,329.497
"BIS,WS_TC,2.0",Q.CA.P.B.M.USD.A,Q,CA,P,B,M,USD,A,US dollar,Billions,1996-06-30,F,,A,331.181
"BIS,WS_TC,2.0",Q.CA.P.B.M.USD.A,Q,CA,P,B,M,USD,A,US dollar,Billions,1996-09-30,F,,A,336.135
"BIS,WS_TC,2.0",Q.CA.P.B.M.USD.A,Q,CA,P,B,M,USD,A,US dollar,Billions,1996-12-31,F,,A,339.398
"BIS,WS_TC,2.0",Q.CA.P.B.M.USD.A,Q,CA,P,B,M,USD,A,US dollar,Billions,1997-03-31,F,,A,348.717
"BIS,WS_TC,2.0",Q.CA.P.B.M.USD.A,Q,CA,P,B,M,USD,A,US dollar,Billions,1997-06-30,F,,A,355.815
"BIS,WS_TC,2.0",Q.CA.P.B.M.USD.A,Q,CA,P,B,M,USD,A,US dollar,Billions,1997-09-30,F,,A,370.61
"BIS,WS_TC,2.0",Q.CA.P.B.M.USD.A,Q,CA,P,B,M,USD,A,US dollar,Billions,1997-12-31,F,,A,361.736
"BIS,WS_TC,2.0",Q.CA.P.B.M.USD.A,Q,CA,P,B,M,USD,A,US dollar,Billions,1998-03-31,F,,A,371.273
"BIS,WS_TC,2.0",Q.CA.P.B.M.USD.A,Q,CA,P,B,M,USD,A,US dollar,Billions,1998-06-30,F,,A,368.377
"BIS,WS_TC,2.0",Q.CA.P.B.M.USD.A,Q,CA,P,B,M,USD,A,US dollar,Billions,1998-09-30,F,,A,362.554
"BIS,WS_TC,2.0",Q.CA.P.B.M.USD.A,Q,CA,P,B,M,USD,A,US dollar,Billions,1998-12-31,F,,A,357.424
"BIS,WS_TC,2.0",Q.CA.P.B.M.USD.A,Q,CA,P,B,M,USD,A,US dollar,Billions,1999-03-31,F,,A,369.008
"BIS,WS_TC,2.0",Q.CA.P.B.M.USD.A,Q,CA,P,B,M,USD,A,US dollar,Billions,1999-06-30,F,,A,375.065
"BIS,WS_TC,2.0",Q.CA.P.B.M.USD.A,Q,CA,P,B,M,USD,A,US dollar,Billions,1999-09-30,F,,A,378.958
"BIS,WS_TC,2.0",Q.CA.P.B.M.USD.A,Q,CA,P,B,M,USD,A,US dollar,Billions,1999-12-31,F,,A,394.434
"BIS,WS_TC,2.0",Q.CA.P.B.M.USD.A,Q,CA,P,B,M,USD,A,US dollar,Billions,2000-03-31,F,,A,420.328
"BIS,WS_TC,2.0",Q.CA.P.B.M.USD.A,Q,CA,P,B,M,USD,A,US dollar,Billions,2000-06-30,F,,A,420.024
"BIS,WS_TC,2.0",Q.CA.P.B.M.USD.A,Q,CA,P,B,M,USD,A,US dollar,Billions,2000-09-30,F,,A,415.393
"BIS,WS_TC,2.0",Q.CA.P.B.M.USD.A,Q,CA,P,B,M,USD,A,US dollar,Billions,2000-12-31,F,,A,419.454
"BIS,WS_TC,2.0",Q.CA.P.B.M.USD.A,Q,CA,P,B,M,USD,A,US dollar,Billions,2001-03-31,F,,A,404.603
"BIS,WS_TC,2.0",Q.CA.P.B.M.USD.A,Q,CA,P,B,M,USD,A,US dollar,Billions,2001-06-30,F,,A,417.638
"BIS,WS_TC,2.0",Q.CA.P.B.M.USD.A,Q,CA,P,B,M,USD,A,US dollar,Billions,2001-09-30,F,,A,412.3
"BIS,WS_TC,2.0",Q.CA.P.B.M.USD.A,Q,CA,P,B,M,USD,A,US dollar,Billions,2001-12-31,F,,A,409.274
"BIS,WS_TC,2.0",Q.CA.P.B.M.USD.A,Q,CA,P,B,M,USD,A,US dollar,Billions,2002-03-31,F,,A,414.391
"BIS,WS_TC,2.0",Q.CA.P.B.M.USD.A,Q,CA,P,B,M,USD,A,US dollar,Billions,2002-06-30,F,,A,443.449
"BIS,WS_TC,2.0",Q.CA.P.B.M.USD.A,Q,CA,P,B,M,USD,A,US dollar,Billions,2002-09-30,F,,A,427.907
"BIS,WS_TC,2.0",Q.CA.P.B.M.USD.A,Q,CA,P,B,M,USD,A,US dollar,Billions,2002-12-31,F,,A,430.335
"BIS,WS_TC,2.0",Q.CA.P.B.M.USD.A,Q,CA,P,B,M,USD,A,US dollar,Billions,2003-03-31,F,,A,469.765
"BIS,WS_TC,2.0",Q.CA.P.B.M.USD.A,Q,CA,P,B,M,USD,A,US dollar,Billions,2003-06-30,F,,A,509.582
"BIS,WS_TC,2.0",Q.CA.P.B.M.USD.A,Q,CA,P,B,M,USD,A,US dollar,Billions,2003-09-30,F,,A,516.776
"BIS,WS_TC,2.0",Q.CA.P.B.M.USD.A,Q,CA,P,B,M,USD,A,US dollar,Billions,2003-12-31,F,,A,547.902
"BIS,WS_TC,2.0",Q.CA.P.B.M.USD.A,Q,CA,P,B,M,USD,A,US dollar,Billions,2004-03-31,F,,A,546.982
"BIS,WS_TC,2.0",Q.CA.P.B.M.USD.A,Q,CA,P,B,M,USD,A,US dollar,Billions,2004-06-30,F,,A,551.688
"BIS,WS_TC,2.0",Q.CA.P.B.M.USD.A,Q,CA,P,B,M,USD,A,US dollar,Billions,2004-09-30,F,,A,596.537
"BIS,WS_TC,2.0",Q.CA.P.B.M.USD.A,Q,CA,P,B,M,USD,A,US dollar,Billions,2004-12-31,F,,A,646.669
"BIS,WS_TC,2.0",Q.CA.P.B.M.USD.A,Q,CA,P,B,M,USD,A,US dollar,Billions,2005-03-31,F,,A,650.243
"BIS,WS_TC,2.0",Q.CA.P.B.M.USD.A,Q,CA,P,B,M,USD,A,US dollar,Billions,2005-06-30,F,,A,658.695
"BIS,WS_TC,2.0",Q.CA.P.B.M.USD.A,Q,CA,P,B,M,USD,A,US dollar,Billions,2005-09-30,F,,A,709.091
"BIS,WS_TC,2.0",Q.CA.P.B.M.USD.A,Q,CA,P,B,M,USD,A,US dollar,Billions,2005-12-31,F,,A,727.77
"BIS,WS_TC,2.0",Q.CA.P.B.M.USD.A,Q,CA,P,B,M,USD,A,US dollar,Billions,2006-03-31,F,,A,740.626
"BIS,WS_TC,2.0",Q.CA.P.B.M.USD.A,Q,CA,P,B,M,USD,A,US dollar,Billions,2006-06-30,F,,A,801.214
"BIS,WS_TC,2.0",Q.CA.P.B.M.USD.A,Q,CA,P,B,M,USD,A,US dollar,Billions,2006-09-30,F,,A,812.213
"BIS,WS_TC,2.0",Q.CA.P.B.M.USD.A,Q,CA,P,B,M,USD,A,US dollar,Billions,2006-12-31,F,,A,800.745
"BIS,WS_TC,2.0",Q.CA.P.B.M.USD.A,Q,CA,P,B,M,USD,A,US dollar,Billions,2007-03-31,F,,A,828.144
"BIS,WS_TC,2.0",Q.CA.P.B.M.USD.A,Q,CA,P,B,M,USD,A,US dollar,Billions,2007-06-30,F,,A,936.47
"BIS,WS_TC,2.0",Q.CA.P.B.M.USD.A,Q,CA,P,B,M,USD,A,US dollar,Billions,2007-09-30,F,,A,1039.674
"BIS,WS_TC,2.0",Q.CA.P.B.M.USD.A,Q,CA,P,B,M,USD,A,US dollar,Billions,2007-12-31,F,,A,1071.288
"BIS,WS_TC,2.0",Q.CA.P.B.M.USD.A,Q,CA,P,B,M,USD,A,US dollar,Billions,2008-03-31,F,,A,1035.529
"BIS,WS_TC,2.0",Q.CA.P.B.M.USD.A,Q,CA,P,B,M,USD,A,US dollar,Billions,2008-06-30,F,,A,1057.252
"BIS,WS_TC,2.0",Q.CA.P.B.M.USD.A,Q,CA,P,B,M,USD,A,US dollar,Billions,2008-09-30,F,,A,1046.915
"BIS,WS_TC,2.0",Q.CA.P.B.M.USD.A,Q,CA,P,B,M,USD,A,US dollar,Billions,2008-12-31,F,,A,895.237
"BIS,WS_TC,2.0",Q.CA.P.B.M.USD.A,Q,CA,P,B,M,USD,A,US dollar,Billions,2009-03-31,F,,A,862.344
"BIS,WS_TC,2.0",Q.CA.P.B.M.USD.A,Q,CA,P,B,M,USD,A,US dollar,Billions,2009-06-30,F,,A,949.79
"BIS,WS_TC,2.0",Q.CA.P.B.M.USD.A,Q,CA,P,B,M,USD,A,US dollar,Billions,2009-09-30,F,,A,1031.135
"BIS,WS_TC,2.0",Q.CA.P.B.M.USD.A,Q,CA,P,B,M,USD,A,US dollar,Billions,2009-12-31,F,,A,1067.91
"BIS,WS_TC,2.0",Q.CA.P.B.M.USD.A,Q,CA,P,B,M,USD,A,US dollar,Billions,2010-03-31,F,,A,1113.2
"BIS,WS_TC,2.0",Q.CA.P.B.M.USD.A,Q,CA,P,B,M,USD,A,US dollar,Billions,2010-06-30,F,,A,1100.379
"BIS,WS_TC,2.0",Q.CA.P.B.M.USD.A,Q,CA,P,B,M,USD,A,US dollar,Billions,2010-09-30,F,,A,1128.036
"BIS,WS_TC,2.0",Q.CA.P.B.M.USD.A,Q,CA,P,B,M,USD,A,US dollar,Billions,2010-12-31,F,,A,1180.959
"BIS,WS_TC,2.0",Q.CA.P.B.M.USD.A,Q,CA,P,B,M,USD,A,US dollar,Billions,2011-03-31,F,,A,1260.405
"BIS,WS_TC,2.0",Q.CA.P.B.M.USD.A,Q,CA,P,B,M,USD,A,US dollar,Billions,2011-06-30,F,,A,1298.608
"BIS,WS_TC,2.0",Q.CA.P.B.M.USD.A,Q,CA,P,B,M,USD,A,US dollar,Billions,2011-09-30,F,,A,1219.944
"BIS,WS_TC,2.0",Q.CA.P.B.M.USD.A,Q,CA,P,B,M,USD,A,US dollar,Billions,2011-12-31,F,,A,1516.002
"BIS,WS_TC,2.0",Q.CA.P.B.M.USD.A,Q,CA,P,B,M,USD,A,US dollar,Billions,2012-03-31,F,,A,1571.107
"BIS,WS_TC,2.0",Q.CA.P.B.M.USD.A,Q,CA,P,B,M,USD,A,US dollar,Billions,2012-06-30,F,,A,1558.563
"BIS,WS_TC,2.0",Q.CA.P.B.M.USD.A,Q,CA,P,B,M,USD,A,US dollar,Billions,2012-09-30,F,,A,1660.459
"BIS,WS_TC,2.0",Q.CA.P.B.M.USD.A,Q,CA,P,B,M,USD,A,US dollar,Billions,2012-12-31,F,,A,1656.643
"BIS,WS_TC,2.0",Q.CA.P.B.M.USD.A,Q,CA,P,B,M,USD,A,US dollar,Billions,2013-03-31,F,,A,1642.506
"BIS,WS_TC,2.0",Q.CA.P.B.M.USD.A,Q,CA,P,B,M,USD,A,US dollar,Billions,2013-06-30,F,,A,1617.139
"BIS,WS_TC,2.0",Q.CA.P.B.M.USD.A,Q,CA,P,B,M,USD,A,US dollar,Billions,2013-09-30,F,,A,1678.716
"BIS,WS_TC,2.0",Q.CA.P.B.M.USD.A,Q,CA,P,B,M,USD,A,US dollar,Billions,2013-12-31,F,,A,1644.006
"BIS,WS_TC,2.0",Q.CA.P.B.M.USD.A,Q,CA,P,B,M,USD,A,US dollar,Billions,2014-03-31,F,,A,1593.574
"BIS,WS_TC,2.0",Q.CA.P.B.M.USD.A,Q,CA,P,B,M,USD,A,US dollar,Billions,2014-06-30,F,,A,1669.509
"BIS,WS_TC,2.0",Q.CA.P.B.M.USD.A,Q,CA,P,B,M,USD,A,US dollar,Billions,2014-09-30,F,,A,1618.196
"BIS,WS_TC,2.0",Q.CA.P.B.M.USD.A,Q,CA,P,B,M,USD,A,US dollar,Billions,2014-12-31,F,,A,1578.34
"BIS,WS_TC,2.0",Q.CA.P.B.M.USD.A,Q,CA,P,B,M,USD,A,US dollar,Billions,2015-03-31,F,,A,1446.729
"BIS,WS_TC,2.0",Q.CA.P.B.M.USD.A,Q,CA,P,B,M,USD,A,US dollar,Billions,2015-06-30,F,,A,1514.001
"BIS,WS_TC,2.0",Q.CA.P.B.M.USD.A,Q,CA,P,B,M,USD,A,US dollar,Billions,2015-09-30,F,,A,1419.829
"BIS,WS_TC,2.0",Q.CA.P.B.M.USD.A,Q,CA,P,B,M,USD,A,US dollar,Billions,2015-12-31,F,,A,1395.272
"BIS,WS_TC,2.0",Q.CA.P.B.M.USD.A,Q,CA,P,B,M,USD,A,US dollar,Billions,2016-03-31,F,,A,1505.592
"BIS,WS_TC,2.0",Q.CA.P.B.M.USD.A,Q,CA,P,B,M,USD,A,US dollar,Billions,2016-06-30,F,,A,1539.696
"BIS,WS_TC,2.0",Q.CA.P.B.M.USD.A,Q,CA,P,B,M,USD,A,US dollar,Billions,2016-09-30,F,,A,1525.242
"BIS,WS_TC,2.0",Q.CA.P.B.M.USD.A,Q,CA,P,B,M,USD,A,US dollar,Billions,2016-12-31,F,,A,1508.157
"BIS,WS_TC,2.0",Q.CA.P.B.M.USD.A,Q,CA,P,B,M,USD,A,US dollar,Billions,2017-03-31,F,,A,1538.565
"BIS,WS_TC,2.0",Q.CA.P.B.M.USD.A,Q,CA,P,B,M,USD,A,US dollar,Billions,2017-06-30,F,,A,1621.602
"BIS,WS_TC,2.0",Q.CA.P.B.M.USD.A,Q,CA,P,B,M,USD,A,US dollar,Billions,2017-09-30,F,,A,1716.779
"BIS,WS_TC,2.0",Q.CA.P.B.M.USD.A,Q,CA,P,B,M,USD,A,US dollar,Billions,2017-12-31,F,,A,1723.497
"BIS,WS_TC,2.0",Q.CA.P.B.M.USD.A,Q,CA,P,B,M,USD,A,US dollar,Billions,2018-03-31,F,,A,1691.024
"BIS,WS_TC,2.0",Q.CA.P.B.M.USD.A,Q,CA,P,B,M,USD,A,US dollar,Billions,2018-06-30,F,,A,1677.136
"BIS,WS_TC,2.0",Q.CA.P.B.M.USD.A,Q,CA,P,B,M,USD,A,US dollar,Billions,2018-09-30,F,,A,1728.039
"BIS,WS_TC,2.0",Q.CA.P.B.M.USD.A,Q,CA,P,B,M,USD,A,US dollar,Billions,2018-12-31,F,,A,1676.998
"BIS,WS_TC,2.0",Q.CA.P.B.M.USD.A,Q,CA,P,B,M,USD,A,US dollar,Billions,2019-03-31,F,,A,1722.47
"BIS,WS_TC,2.0",Q.CA.P.B.M.USD.A,Q,CA,P,B,M,USD,A,US dollar,Billions,2019-06-30,F,,A,1793.772
"BIS,WS_TC,2.0",Q.CA.P.B.M.USD.A,Q,CA,P,B,M,USD,A,US dollar,Billions,2019-09-30,F,,A,1799.875
"BIS,WS_TC,2.0",Q.CA.P.B.M.USD.A,Q,CA,P,B,M,USD,A,US dollar,Billions,2019-12-31,F,,A,1851.852
"BIS,WS_TC,2.0",Q.CA.P.B.M.USD.A,Q,CA,P,B,M,USD,A,US dollar,Billions,2020-03-31,F,,A,1737.056
"BIS,WS_TC,2.0",Q.CA.P.B.M.USD.A,Q,CA,P,B,M,USD,A,US dollar,Billions,2020-06-30,F,,A,1791.102
"BIS,WS_TC,2.0",Q.CA.P.B.M.USD.A,Q,CA,P,B,M,USD,A,US dollar,Billions,2020-09-30,F,,A,1844.003
"BIS,WS_TC,2.0",Q.CA.P.B.M.USD.A,Q,CA,P,B,M,USD,A,US dollar,Billions,2020-12-31,F,,A,1966.257
"BIS,WS_TC,2.0",Q.CA.P.B.M.USD.A,Q,CA,P,B,M,USD,A,US dollar,Billions,2021-03-31,F,,A,2010.647
"BIS,WS_TC,2.0",Q.CA.P.B.M.USD.A,Q,CA,P,B,M,USD,A,US dollar,Billions,2021-06-30,F,,A,2108.434
"BIS,WS_TC,2.0",Q.CA.P.B.M.USD.A,Q,CA,P,B,M,USD,A,US dollar,Billions,2021-09-30,F,,A,2095.974
"BIS,WS_TC,2.0",Q.CA.P.B.M.USD.A,Q,CA,P,B,M,USD,A,US dollar,Billions,2021-12-31,F,,A,2150.147
"BIS,WS_TC,2.0",Q.CA.P.B.M.USD.A,Q,CA,P,B,M,USD,A,US dollar,Billions,2022-03-31,F,,A,2231.749
"BIS,WS_TC,2.0",Q.CA.P.B.M.USD.A,Q,CA,P,B,M,USD,A,US dollar,Billions,2022-06-30,F,,A,2236.68
"BIS,WS_TC,2.0",Q.CA.P.B.M.USD.A,Q,CA,P,B,M,USD,A,US dollar,Billions,2022-09-30,F,,A,2153.677
"BIS,WS_TC,2.0",Q.CA.P.B.M.USD.A,Q,CA,P,B,M,USD,A,US dollar,Billions,2022-12-31,F,,A,2209.277
"BIS,WS_TC,2.0",Q.CA.P.B.M.USD.A,Q,CA,P,B,M,USD,A,US dollar,Billions,2023-03-31,F,,A,2224.129
"BIS,WS_TC,2.0",Q.CA.P.B.M.USD.A,Q,CA,P,B,M,USD,A,US dollar,Billions,2023-06-30,F,,A,2305.477
"BIS,WS_TC,2.0",Q.CA.P.B.M.USD.A,Q,CA,P,B,M,USD,A,US dollar,Billions,2023-09-30,F,,A,2297.243
"BIS,WS_TC,2.0",Q.CA.P.B.M.USD.A,Q,CA,P,B,M,USD,A,US dollar,Billions,2023-12-31,F,,A,2346.531
"BIS,WS_TC,2.0",Q.CA.P.B.M.USD.A,Q,CA,P,B,M,USD,A,US dollar,Billions,2024-03-31,F,,A,2300.718
"BIS,WS_TC,2.0",Q.CA.P.B.M.USD.A,Q,CA,P,B,M,USD,A,US dollar,Billions,2024-06-30,F,,A,2301.16
"BIS,WS_TC,2.0",Q.CA.P.B.M.USD.A,Q,CA,P,B,M,USD,A,US dollar,Billions,2024-09-30,F,,A,2353.42
"BIS,WS_TC,2.0",Q.CA.P.B.M.USD.A,Q,CA,P,B,M,USD,A,US dollar,Billions,2024-12-31,F,,A,2227.961
