"Country Name","Country Code","Indicator Name","Indicator Code",Attribute,2001Q4,2002Q1,2002Q2,2002Q3,2002Q4,2003Q1,2003Q2,2003Q3,2003Q4,2004Q1,2004Q2,2004Q3,2004Q4,2005Q1,2005Q2,2005Q3,2005Q4,2006Q1,2006Q2,2006Q3,2006Q4,2007Q1,2007Q2,2007Q3,2007Q4,2008Q1,2008Q2,2008Q3,2008Q4,2009Q1,2009Q2,2009Q3,2009Q4,2010Q1,2010Q2,2010Q3,2010Q4,2011Q1,2011Q2,2011Q3,2011Q4,2012Q1,2012Q2,2012Q3,2012Q4,2013Q1,2013Q2,2013Q3,2013Q4,2014Q1,2014Q2,2014Q3,2014Q4,2015Q1,2015Q2,2015Q3,2015Q4,2016Q1,2016Q2,2016Q3,2016Q4,2017Q1,2017Q2,2017Q3,2017Q4,2018Q1,2018Q2,2018Q3,2018Q4,2019Q1,2019Q2,2019Q3,2019Q4,2020Q1,2020Q2,2020Q3,2020Q4,2021Q1,2021Q2,2021Q3,2021Q4,2022Q1,2022Q2,2022Q3,2022Q4,2023Q1,2023Q2,2023Q3,2023Q4,2024Q1,2024Q2,2024Q3,2024Q4,"Base Year",
"Estonia, Rep. of","939","Other Depository Corporations Survey, Demand Deposits (Euro area-Wide-Residency), Euros","FOSDEA_EUR","Value",,,,,,,,,,"1850370000","2055290000","2124540000","2257770000","2320310000","2780010000","2830980000","3196250000","3331860000","3692150000","3845050000","4050700000","4284200000","4481310000","4375640000","4321700000","4318000000","4429000000","4213000000","3817000000","3738000000","3861000000","3751000000","3764000000","3957000000","4222000000","4285000000","4820000000","4696000000","4873000000","4934000000","5203000000","5082000000","5475000000","5739000000","6247000000","6316000000","6659000000","6686000000","7173000000","7357000000","7698000000","7869000000","8382000000","8584000000","9391000000","9530000000","10058000000","10324000000","10862000000","10787000000","11190000000","11229000000","11532000000","11539000000","12315000000","12333000000","13103000000","12783000000","13500000000","13805000000","13722000000","13970000000","14531000000","14919000000","15897000000","16497000000","18357000000","19524000000","19830000000","21059000000","22662000000","22084000000","22217000000","22214000000","21498000000","20513000000","19317000000","17999000000","17310000000","16930000000","17294000000","17011000000","18240000000","",
"Belgium","124","Other Depository Corporations Survey, Demand Deposits (Euro area-Wide-Residency), Euros","FOSDEA_EUR","Value","61397000000","61329000000","65386000000","62408000000","62065000000","65560000000","67819000000","67011000000","67350000000","72783000000","75083000000","76548000000","78155000000","80267000000","83832000000","85098000000","90395000000","92525000000","94823000000","92064000000","92387000000","97083000000","102602000000","99467000000","99521000000","101712000000","102665000000","101678000000","100070000000","110799000000","113133000000","110959000000","112980000000","117174000000","121412000000","120007000000","113924000000","113315000000","112902000000","109063000000","109970000000","115415000000","119591000000","122640000000","122916000000","124194000000","130010000000","131120000000","130248000000","134714000000","141083000000","144477000000","147233000000","154011000000","162611000000","161638000000","162120000000","170083000000","179428000000","179774000000","181798000000","183728000000","190147000000","188874000000","192536000000","197055000000","203771000000","202408000000","206754000000","216942000000","219476000000","219291000000","218309000000","230122000000","243203000000","241678000000","250390000000","253440000000","260742000000","274911000000","282533000000","289477000000","297858000000","297312000000","283151000000","262096000000","251392000000","235052000000","230533000000","225266000000","231059000000","229851000000","238655000000","",
"Spain","184","Other Depository Corporations Survey, Demand Deposits (Euro area-Wide-Residency), Euros","FOSDEA_EUR","Value","159671000000","159245000000","166930000000","165649000000","175186000000","173580000000","180553000000","183221000000","191062000000","191638000000","206258000000","207992000000","214716000000","220250000000","405377000000","407912000000","433701000000","431127000000","453554000000","468705000000","493647000000","477218000000","487829000000","485345000000","485294000000","460223000000","466636000000","465618000000","464300000000","461893000000","491946000000","492814000000","509258000000","500346000000","515295000000","500884000000","509360000000","507197000000","511496000000","492746000000","502408000000","497424000000","515278000000","491687000000","495296000000","503596000000","518877000000","509160000000","523236000000","528481000000","561978000000","568938000000","590126000000","608584000000","652891000000","663572000000","684169000000","695911000000","735912000000","760339000000","797180000000","825065000000","865764000000","886139000000","906423000000","921372000000","973733000000","975505000000","990866000000","1023870000000","1060515000000","1057795000000","1079228000000","1101645000000","1180820000000","1194737000000","1236046000000","1237257000000","1296987000000","1308903000000","1349483000000","1357887000000","1394488000000","1378353000000","1372945000000","1319450000000","1304773000000","1279830000000","1274218000000","1247183000000","1279267000000","1279286000000","1315246000000","",
"Netherlands, The","138","Other Depository Corporations Survey, Other Deposits (Euro area-Wide-Residency), Euros","FOSODEA_EUR","Value","232287010000","244718010000","241950020000","243486000000","244527000000","269517000000","269600000000","272442000000","280937000000","284056000000","285935000000","291137000000","292104000000","293793000000","300324000000","318296000000","336782000000","337472000000","343663000000","355355000000","378653000000","386772000000","392044000000","402826000000","393731000000","402814000000","416516000000","411794000000","430455000000","417334000000","424570000000","414544000000","410709000000","401384000000","416997000000","408468000000","400458000000","401944000000","408915000000","417455000000","417412000000","423154000000","420132000000","425663000000","428254000000","445163000000","439764000000","436583000000","417314000000","422147000000","427175000000","424691000000","401399000000","418068000000","410971000000","413100000000","402710000000","411588000000","410162000000","422642000000","448870000000","468374000000","458272000000","458425000000","448666000000","456543000000","459520000000","458177000000","448024000000","456206000000","462936000000","466064000000","455534000000","465387000000","478929000000","484808000000","469822000000","476451000000","481010000000","482516000000","477457000000","483759000000","500566000000","516607000000","525653000000","554404000000","576692000000","588994000000","591713000000","597319000000","605852000000","610958000000","605112000000","",
"Portugal","182","Other Depository Corporations Survey, Other Deposits (Euro area-Wide-Residency), Euros","FOSODEA_EUR","Value","75173000000","79031000000","79403000000","78533000000","74032000000","73888000000","75956000000","77064000000","75653000000","76515000000","77722000000","77741000000","80752000000","81216000000","77328000000","81537000000","82831000000","84086000000","80700000000","81014000000","85362000000","86114000000","88964000000","93296000000","97464000000","100914000000","102247000000","109739000000","112302000000","113977000000","109263000000","105974000000","102866000000","100689000000","95262000000","99691000000","105105000000","104343000000","104777000000","108313000000","106110000000","102550000000","98794000000","95755000000","94297000000","93422000000","92779000000","92285000000","93859000000","91169000000","87354000000","87489000000","90349150000","89189650000","86446070000","87095920000","84889800000","85267080000","86514530000","86781860000","87612610000","88391040000","87530840000","87934410000","88591160000","85840030000","87001260000","86159220000","88373870000","90226510000","89818820000","88880820000","89143920000","88165830000","89195070000","90063660000","91756290000","93162050000","93853040000","94105060000","95240440000","95643170000","91601520000","93416680000","97662340000","101409470000","106568230000","112792460000","127132700000","135999680000","137700230000","141611160000","147023720000","",
"Cyprus","423","Other Depository Corporations Survey, Demand Deposits (Euro area-Wide-Residency), Euros","FOSDEA_EUR","Value",,,,,,,,,,,,,,,,,"4722000000","4939000000","5115000000","5631000000","5836000000","6229000000","6345000000","6504000000","6983000000","6818000000","7069000000","8022000000","7964000000","7927000000","7988000000","7886000000","9287000000","8535000000","11124000000","9418000000","9949000000","9754000000","10873000000","10412000000","10557000000","10725000000","10784000000","10713000000","10884000000","10792000000","8054000000","9030000000","9281000000","9580000000","9911000000","9763000000","9975000000","10258000000","10327000000","11054000000","11479000000","11637000000","12687000000","12953000000","14043000000","13858000000","13915000000","14788000000","15448000000","15613000000","16314000000","17156000000","17813000000","18047000000","19354000000","19855000000","21096000000","21597000000","22464000000","23274000000","24380000000","25031000000","26227000000","27180000000","28658000000","29080000000","30364000000","31052000000","31563000000","31157000000","31117000000","30449000000","29998000000","29148000000","29694000000","29922000000","30649000000","",
"Italy","136","Other Depository Corporations Survey, Other Deposits (Euro area-Wide-Residency), Euros","FOSODEA_EUR","Value","212131000000","234383000000","237905000000","240326000000","243445000000","286483000000","280913000000","282425000000","282730000000","277045000000","276643000000","277796000000","281851000000","274435000000","276629000000","274634000000","275158000000","266044000000","271700000000","281116000000","282215000000","288842000000","283492000000","285111000000","449324000000","462473000000","462927000000","479814000000","459314000000","444410000000","433104000000","434875000000","428515000000","418915000000","410906000000","415899000000","415339000000","412927000000","408634000000","410771000000","420487000000","444655000000","441514000000","457546000000","471063000000","481802000000","476136000000","473421000000","472648000000","472815000000","462764000000","458369000000","445438000000","441422000000","433551000000","432652000000","426231000000","418233000000","406146000000","399219000000","391278000000","385634000000","379082000000","379358000000","373574000000","375455000000","367649000000","359907000000","358102000000","363436000000","361648000000","359911000000","358929000000","364522000000","372022000000","371628000000","367643000000","370654000000","363951000000","360334000000","356877000000","359267000000","356527000000","361320000000","376748000000","398756000000","413560000000","427171000000","442149000000","463182000000","463371000000","462188000000","466009000000","",
"France","132","Other Depository Corporations Survey, Other Deposits (Euro area-Wide-Residency), Euros","FOSODEA_EUR","Value","625149000000","651191000000","652645000000","671632000000","664489000000","700893000000","708855000000","708302000000","710078000000","740630000000","749056000000","758008000000","771802000000","787644000000","812348000000","822718000000","812177000000","833000000000","847052000000","888254000000","893026000000","959866000000","980261000000","1001168000000","1013593000000","1086066000000","1103063000000","1118602000000","1164945000000","1184406000000","1169067000000","1161108000000","1129871000000","1127359000000","1119236000000","1143681000000","1134890000000","1136151000000","1109139000000","1136699000000","1106113000000","1146936000000","1152883000000","1138264000000","1157112000000","1179941000000","1145100000000","1128614000000","1126327000000","1134440000000","1122701000000","1128143000000","1123462000000","1119700000000","1096988000000","1111135000000","1105617000000","1140940000000","1126391000000","1136483000000","1132579000000","1184198000000","1154130000000","1174211000000","1170421000000","1198322000000","1198299000000","1192529000000","1192168000000","1220312000000","1216307000000","1252622000000","1218208000000","1288744000000","1290058000000","1375895000000","1385729000000","1410752000000","1375751000000","1403395000000","1426198000000","1442505000000","1438857000000","1532442000000","1613987000000","1703297000000","1726872000000","1785756000000","1882749000000","1941453000000","1951053000000","1994704000000","2011947000000","",
"Austria","122","Other Depository Corporations Survey, Other Deposits (Euro area-Wide-Residency), Euros","FOSODEA_EUR","Value","89058370000","88846990000","86553000000","88968000000","88126000000","89136000000","87610000000","86423000000","88354000000","88720000000","86948000000","87192000000","89999000000","91475000000","96262000000","97545000000","101176000000","103213000000","105041000000","108288000000","111503000000","116439000000","121748000000","130471000000","140574000000","149158000000","150071000000","154361000000","160116000000","155681000000","147956000000","141325000000","136774000000","134147000000","131367000000","131696000000","128920000000","131096000000","131210000000","134238000000","135976000000","138346000000","136819000000","131240000000","125650000000","123809000000","122439000000","120970000000","120263000000","125374000000","123009000000","122971000000","122049000000","122199000000","115057000000","115481000000","113377000000","114798000000","114232000000","114311000000","106961000000","104660000000","102263000000","100171000000","98484000000","94690000000","92845000000","93108000000","95933000000","96102000000","95954000000","96826000000","96512000000","96621000000","96210000000","94683000000","94394000000","94640000000","91026000000","89882000000","87873000000","88158000000","88782000000","91487000000","101692000000","106195000000","113742000000","122115000000","131613000000","139297000000","137480000000","139952000000","137023000000","",
"Estonia, Rep. of","939","Other Depository Corporations Survey, Other Deposits (Euro area-Wide-Residency), Euros","FOSODEA_EUR","Value",,,,,,,,,,"907620000","901560000","929050000","1014890000","1160080000","1234440000","1301990000","1611450000","1675500000","1733250000","1813840000","2117480000","2194530000","2292090000","2370510000","2830690000","3157000000","3224000000","3479000000","3878000000","3979000000","3918000000","3967000000","4219000000","4080000000","4018000000","3765000000","3644000000","3669000000","3591000000","3803000000","3849000000","3757000000","3778000000","3625000000","3449000000","3304000000","3175000000","3227000000","3175000000","3197000000","3104000000","3073000000","2993000000","2986000000","2737000000","2674000000","2627000000","2524000000","2481000000","2504000000","2704000000","2654000000","2617000000","2623000000","2383000000","2292000000","2539000000","2562000000","2737000000","2714000000","3074000000","3413000000","3249000000","3387000000","3253000000","2935000000","2867000000","2954000000","2753000000","2887000000","2858000000","2977000000","3196000000","3410000000","4319000000","5593000000","7060000000","8402000000","9953000000","10457000000","10527000000","11028000000","11053000000","",
"Latvia","941","Other Depository Corporations Survey, Other Deposits (Euro area-Wide-Residency), Euros","FOSODEA_EUR","Value",,,,,,,,,,,,,,,,,,,,,,,,,,,,,,,,,,,,"4190000000","3937000000","3983000000","3639000000","3537000000","3168000000","3204000000","3236000000","2961000000","2807000000","2710000000","2451000000","2317000000","2396000000","2437000000","2342000000","2256000000","2258000000","2151000000","2154000000","2048000000","2052000000","2113000000","2029000000","2070000000","2150000000","2025000000","1966000000","2016000000","1968000000","2040000000","2089000000","2066000000","2219000000","2179000000","2213000000","2252000000","2434000000","2547000000","2010000000","1963000000","1893000000","1685000000","1628000000","1585000000","1490000000","1341000000","1283000000","1270000000","1539000000","2041000000","2690000000","3569000000","4137000000","4854000000","4627000000","4601000000","4681000000","",
"Malta","181","Other Depository Corporations Survey, Demand Deposits (Euro area-Wide-Residency), Euros","FOSDEA_EUR","Value",,,,,,,,,,,,,,"2655400000","2751150000","2771920000","2795120000","2806160000","2849210000","2831020000","2825790000","2817730000","2906780000","2990240000","3128250000","3157380000","3162810000","3220210000","3169990000","3307400000","3470240000","3538270000","3714330000","3783160000","4232230000","4197270000","4318960000","4510830000","4453860000","4616780000","4713480000","4872190000","4978320000","5129060000","5212280000","5377920000","5451580000","5664860000","5943830000","6203470000","6285330000","6889390000","8854000000","9426000000","10558000000","10776000000","11237000000","11090000000","11728000000","12093000000","12599000000","12911000000","13496000000","13575000000","13920000000","14031000000","14137000000","14440000000","14757000000","14977000000","15212000000","15455000000","15656000000","16082000000","16528000000","16547000000","17103000000","17652000000","18010000000","18472000000","19049000000","19782000000","20217000000","20809000000","20976000000","20772000000","20959000000","20486000000","20942000000","20730000000","20952000000","20993000000","21912000000","",
"Portugal","182","Other Depository Corporations Survey, Demand Deposits (Euro area-Wide-Residency), Euros","FOSDEA_EUR","Value","46929000000","43933000000","45728000000","45802000000","46126000000","46080000000","46806000000","47434000000","49000000000","47695000000","48407000000","48146000000","49739000000","49704000000","52423000000","52930000000","56134000000","52048000000","54982000000","54107000000","57831000000","52945000000","55144000000","54862000000","56148000000","53827000000","54049000000","52844000000","53930000000","50012000000","53448000000","54260000000","54131000000","52426000000","55229000000","54414000000","53014000000","51366000000","52121000000","48013000000","49228000000","46205000000","45810000000","46836000000","46457000000","46707000000","48451000000","48168000000","49603000000","48295000000","54230000000","56157000000","54697000000","54856000000","60141000000","61945000000","65984000000","67817000000","70688000000","74529000000","75901000000","79217000000","82663000000","84385000000","85499000000","87824000000","95240000000","96572000000","98486000000","101966000000","107277000000","109107000000","111791000000","117241000000","125880000000","127156000000","131244000000","135269000000","143320000000","146999000000","152197000000","156192000000","168352000000","167678000000","168005000000","156013000000","150756000000","143630000000","135937000000","132250000000","137258000000","136033000000","137096000000","",
"Spain","184","Other Depository Corporations Survey, Other Deposits (Euro area-Wide-Residency), Euros","FOSODEA_EUR","Value","402342000000","406082000000","410694000000","415234000000","428925000000","436384000000","448587000000","450302000000","455192000000","458122000000","463398000000","457881000000","471046000000","470570000000","319062000000","326194000000","333975000000","321366000000","338034000000","350526000000","355677000000","387990000000","413728000000","435637000000","470225000000","547134000000","575845000000","609451000000","643138000000","640514000000","614694000000","596167000000","582826000000","559836000000","554406000000","565489000000","570154000000","562333000000","551168000000","536341000000","512399000000","522377000000","483346000000","472888000000","514199000000","518534000000","499555000000","493810000000","474871000000","471611000000","459579000000","452918000000","435021000000","419735000000","399847000000","395897000000","401163000000","398510000000","399055000000","377736000000","354140000000","324574000000","295020000000","280524000000","257629000000","241273000000","233351000000","224861000000","222641000000","214948000000","202248000000","192816000000","184729000000","171667000000","175039000000","167712000000","158347000000","152248000000","140249000000","134692000000","126117000000","117462000000","114488000000","126837000000","149903000000","162159000000","190871000000","225646000000","268567000000","282204000000","300381000000","313788000000","321703000000","",
"Greece","174","Other Depository Corporations Survey, Demand Deposits (Euro area-Wide-Residency), Euros","FOSDEA_EUR","Value","70385000000","67271000000","70433000000","72131000000","71371000000","72265000000","74690000000","74607000000","79141000000","81784000000","84667000000","85845000000","91100000000","90709000000","96544000000","94611000000","98956000000","95033000000","98876000000","96451000000","99666000000","96489000000","99502000000","95779000000","98395000000","92578000000","93721000000","91206000000","90359000000","88429000000","96921000000","98750000000","102823000000","97941000000","96206000000","92756000000","90718000000","84806000000","82906000000","77385000000","74428000000","67043000000","64091000000","62452000000","65149000000","63088000000","64210000000","65849000000","68340000000","65345000000","67268000000","66866000000","68967000000","63807000000","61761000000","72403000000","77761000000","76041000000","77840000000","77720000000","79730000000","77222000000","78945000000","80244000000","83072000000","81661000000","84115000000","85884000000","89575000000","88766000000","92111000000","94662000000","98440000000","101438000000","105965000000","110451000000","122071000000","126284000000","135172000000","141553000000","150351000000","148661000000","155358000000","158757000000","158652000000","148816000000","147205000000","147349000000","148225000000","144647000000","148779000000","153218000000","157144000000","",
"Slovak Rep.","936","Other Depository Corporations Survey, Other Deposits (Euro area-Wide-Residency), Euros","FOSODEA_EUR","Value",,,,,,,,,,,,,,,,,,"11617840000","11182490000","12306910000","13228320000","13878840000","14812440000","15090350000","14905570000","15518410000","15559190000","16612380000","18382920000","16955690000","16123400000","15936570000","14963380000","14496730000","14045250000","13800950000","13920610000","14392100000","14436630000","15005890000","13639480000","14645230000","14500690000","14366290000","14642140000","14830170000","15204140000","14785840000","14620940000","14154580000","14016350000","13539100000","13696550000","14233570000","13832370000","14004110000","13829620000","13942290000","13785400000","13358720000","12918420000","13007210000","12840440000","13040580000","12633550000","13217330000","12852330000","12641520000","12232270000","12565510000","12769490000","12735480000","12076110000","11414670000","11665720000","10872740000","10648860000","10030070000","9121820000","8821310000","9241230000","8560920000","8467480000","9826680000","11882550000","13953690000","14132320000","15162360000","15722590000","17939960000","18268210000","17930110000","17882190000","",
"France","132","Other Depository Corporations Survey, Demand Deposits (Euro area-Wide-Residency), Euros","FOSDEA_EUR","Value","305546000000","281339990000","289480000000","289791010000","295537000000","278137000000","292995000000","326295000000","350139000000","341839000000","354154000000","350096000000","364054000000","363447000000","381362000000","379719000000","404132000000","392589000000","419751000000","412758000000","431589000000","425805000000","448048000000","438387000000","456873000000","439586000000","444839000000","441462000000","449479000000","427342000000","448862000000","454745000000","481399000000","469772000000","494781000000","495816000000","521767000000","501748000000","523826000000","524546000000","546962000000","548128000000","551944000000","556281000000","560060000000","542168000000","568650000000","570862000000","587485000000","584310000000","612281000000","607656000000","643182000000","660876000000","701988000000","707139000000","741587000000","749620000000","775505000000","771494000000","818628000000","837967000000","874414000000","884396000000","917272000000","908955000000","955627000000","957367000000","995975000000","1023055000000","1067749000000","1084224000000","1118242000000","1200582000000","1335987000000","1356198000000","1380024000000","1408195000000","1455952000000","1489800000000","1495881000000","1511732000000","1534546000000","1502784000000","1461176000000","1379221000000","1337351000000","1307578000000","1278523000000","1237687000000","1255676000000","1229197000000","1240670000000","",
"Luxembourg","137","Other Depository Corporations Survey, Other Deposits (Euro area-Wide-Residency), Euros","FOSODEA_EUR","Value","153738410000","153700000000","155818410000","161230850000","167242970000","167333000000","172030000000","169622000000","176430000000","177029000000","174440000000","169005000000","184858000000","178666000000","177103000000","196610000000","190547000000","205252000000","204847000000","215226000000","215106000000","226584000000","240052000000","259819000000","264538000000","281919000000","279407000000","302757000000","270889000000","283325000000","265020000000","260203000000","199946000000","184478000000","168355000000","164242000000","155465000000","187893000000","182543000000","199742000000","191787000000","182672000000","184697000000","168460000000","157575000000","143102000000","142556000000","139973000000","126999000000","123337000000","120437000000","129741000000","125202000000","139133000000","134067000000","138719000000","138675000000","126765000000","128243000000","137207000000","138962000000","136644000000","132592000000","132519000000","134001000000","128111000000","127781000000","125117000000","139819000000","141921000000","137616000000","146542000000","146997000000","146372000000","152952000000","150994000000","146461000000","165988000000","171500000000","170267000000","186257000000","169544000000","173544000000","185461000000","214389000000","222077000000","227895000000","241755000000","252196000000","269117000000","285078000000","285152000000","307461000000","",
"Luxembourg","137","Other Depository Corporations Survey, Demand Deposits (Euro area-Wide-Residency), Euros","FOSDEA_EUR","Value","50643000000","54726000000","57826000000","55037000000","48105000000","54202000000","57949000000","57119000000","50384000000","58806000000","59035000000","62426000000","56007000000","67977000000","71508000000","66233000000","70497000000","75596000000","73149000000","73488000000","75771000000","81104000000","81695000000","82952000000","83225000000","94124000000","90593000000","93098000000","86170000000","84152000000","89007000000","90664000000","90259000000","99200000000","115487000000","112852000000","111714000000","116232000000","115377000000","120149000000","120175000000","123809000000","127789000000","141584000000","133672000000","148093000000","158044000000","150492000000","148491000000","158178000000","167056000000","170670000000","169172000000","193218000000","203688000000","195986000000","196958000000","205137000000","209326000000","206843000000","213825000000","225961000000","231260000000","226318000000","226464000000","233372000000","246419000000","248396000000","237552000000","250924000000","256808000000","265465000000","261593000000","296423000000","282192000000","277156000000","290675000000","311863000000","327102000000","342853000000","341687000000","365776000000","364129000000","355667000000","319745000000","303189000000","281099000000","272877000000","266495000000","273066000000","284056000000","282813000000","287821000000","",
"Belgium","124","Other Depository Corporations Survey, Other Deposits (Euro area-Wide-Residency), Euros","FOSODEA_EUR","Value","176783000000","182514000000","185351000000","180505000000","189552540000","194618000000","196872000000","194021000000","205028000000","206549000000","210043000000","210119000000","223059000000","226056000000","227099000000","226020000000","234766000000","239069000000","240103000000","246255000000","250030000000","257638000000","262884000000","266108000000","270007000000","270348000000","274961000000","274483000000","273810000000","263236000000","263094000000","262021000000","258041000000","261408000000","259818000000","269601000000","272727000000","275908000000","274366000000","279315000000","280254000000","280945000000","282335000000","289896000000","292434000000","295151000000","298718000000","306973000000","303621000000","304524000000","311479000000","314475000000","309630000000","315972000000","316087000000","328332000000","328085000000","328550000000","325871000000","318499000000","312954000000","313512000000","313566000000","316126000000","316335000000","325632000000","324913000000","327273000000","336017000000","338529000000","343212000000","343485000000","340781000000","349476000000","355185000000","351825000000","352349000000","351710000000","355628000000","348585000000","351526000000","353187000000","354193000000","358083000000","369699000000","384615000000","397557000000","384656000000","396086000000","404235000000","407399000000","420097000000","421992000000","",
"Malta","181","Other Depository Corporations Survey, Other Deposits (Euro area-Wide-Residency), Euros","FOSODEA_EUR","Value",,,,,,,,,,,,,,"3431540000","3386740000","3513060000","3455910000","3473360000","3530410000","3675040000","3780020000","4107430000","4220460000","4576350000","4738720000","5005330000","4929550000","5039080000","5125610000","5030930000","4872240000","4785720000","4603360000","4569220000","4295790000","4307260000","4355440000","4144320000","4320260000","4342610000","4231170000","4231700000","4212290000","4342930000","4498680000","4465210000","4390840000","4597420000","4910670000","5060450000","4890410000","4932050000","4978040000","4378990000","4478040000","4291550000","4064090000","4165130000","4221330000","4265100000","4215220000","4214880000","4140450000","4116820000","3786350000","3552190000","3801260000","3736370000","3785660000","3715220000","3633880000","3701570000","3654980000","3739400000","4013740000","3975090000","3830610000","3951300000","4250810000","4102580000","4074630000","3936800000","3718790000","3478380000","3436290000","3857950000","4050030000","4224410000","4361260000","4668830000","4395240000","4636180000","4526430000","",
"Italy","136","Other Depository Corporations Survey, Demand Deposits (Euro area-Wide-Residency), Euros","FOSDEA_EUR","Value","449747000000","438943000000","453161000000","448600000000","492522000000","479053000000","499930000000","495491000000","519591000000","514629000000","530323000000","526542000000","549462000000","543738000000","567833000000","562445000000","593889000000","586702000000","603137000000","593602000000","633140000000","613124000000","632133000000","622442000000","651207000000","640011000000","658408000000","649842000000","697722000000","696803000000","725775000000","731003000000","774939000000","758306000000","771484000000","750363000000","762149000000","747350000000","748145000000","739795000000","740697000000","717284000000","715990000000","723235000000","737888000000","744842000000","743559000000","742837000000","759406000000","767012000000","780537000000","798464000000","828833000000","836030000000","854283000000","865021000000","898925000000","906760000000","926615000000","941940000000","995316000000","987915000000","1005346000000","1036645000000","1070580000000","1082012000000","1113811000000","1118146000000","1121326000000","1134649000000","1163023000000","1177559000000","1196342000000","1214956000000","1243855000000","1293600000000","1361874000000","1371384000000","1407573000000","1426500000000","1493824000000","1469069000000","1476332000000","1474367000000","1467761000000","1379701000000","1346334000000","1349498000000","1354298000000","1324014000000","1356595000000","1327450000000","1374155000000","",
"Netherlands, The","138","Other Depository Corporations Survey, Demand Deposits (Euro area-Wide-Residency), Euros","FOSDEA_EUR","Value","150969000000","146260010000","152282990000","149830010000","152521010000","153384000000","158356000000","156554000000","156072000000","153502000000","161349000000","153421000000","162249000000","160751000000","169484000000","177669000000","184710000000","188358000000","193808000000","194329000000","206242000000","225218000000","220284000000","217332000000","201702000000","202925000000","217294000000","204743000000","200572000000","216593000000","230928000000","233479000000","231731000000","251867000000","254608000000","258124000000","262287000000","259321000000","266651000000","267199000000","272426000000","270283000000","288837000000","289411000000","274567000000","271568000000","279038000000","281805000000","278344000000","278603000000","270264000000","275671000000","387412000000","385298000000","386432000000","372312000000","372017000000","392161000000","379791000000","380615000000","346125000000","362446000000","343651000000","352783000000","348790000000","343035000000","342201000000","337769000000","343200000000","347606000000","351931000000","363666000000","373146000000","391834000000","415271000000","427079000000","434506000000","447697000000","462065000000","480685000000","507170000000","522366000000","537604000000","553852000000","520863000000","490222000000","473201000000","446682000000","437938000000","424543000000","425625000000","429424000000","441899000000","",
"Croatia, Rep. of","960","Other Depository Corporations Survey, Other Deposits (Euro area-Wide-Residency), Euros","FOSODEA_EUR","Value",,,,,,,,,,,,,,,,,,,,,,,,,,,,,,,,,,,,,,,,,,"19013000000","18994000000","19282000000","19320000000","19650000000","19016000000","19336000000","19079000000","18824000000","18088000000","18629000000","18099000000","17953000000","17558000000","17657000000","17698000000","16939000000","16402000000","16314000000","15824000000","14795000000","14207000000","14335000000","13534000000","13023000000","12359000000","12210000000","11548000000","10659000000","10128000000","10031000000","9426000000","9106000000","8531000000","8523000000","8447000000","8214000000","7901000000","7645000000","7675000000","7177000000","6958000000","7154000000","7422000000","8752000000","8928000000","10716000000","13160000000","14547000000","15026000000","15280000000","15660000000","",
"Slovenia, Rep. of","961","Other Depository Corporations Survey, Other Deposits (Euro area-Wide-Residency), Euros","FOSODEA_EUR","Value",,,,,,,,,,"7063000000","7283000000","7375000000","7860070000","8087720000","8004020000","8189520000","7599420000","7970970000","7798020000","8048690000","8155570000","8641270000","8876710000","9520080000","10302960000","10438600000","10753070000","11109630000","11471860000","11795300000","11253300000","11171870000","11011510000","10828910000","10785460000","10743240000","10687120000","10599870000","10744360000","10938750000","11046150000","11380210000","11120700000","10580560000","10486880000","11035360000","10494350000","10569340000","10231210000","10417230000","10308660000","10182090000","9857820000","9442320000","9044180000","8392500000","8253080000","8052660000","7729430000","7389840000","7461160000","7199280000","6889260000","6691850000","6681690000","6657600000","6483710000","6372210000","6315370000","6427820000","6498510000","6408990000","6310750000","6100790000","5931510000","5892330000","5713450000","5537460000","5104350000","4698770000","4397550000","4136930000","3897200000","3921630000","4410320000","4763360000","5180210000","5885960000","6838950000","7399160000","7346820000","6807820000","6644540000","",
"Slovenia, Rep. of","961","Other Depository Corporations Survey, Demand Deposits (Euro area-Wide-Residency), Euros","FOSDEA_EUR","Value",,,,,,,,,,"4522000000","4665000000","4727000000","5028120000","4848250000","5352130000","5315280000","6265550000","6354140000","6708520000","6742360000","7111350000","6906800000","7238290000","7189770000","7095480000","7028700000","7289050000","7150600000","6842840000","6799710000","7380840000","7304990000","7381370000","7585610000","8246040000","8209470000","8395000000","8398220000","8479170000","8504600000","8518510000","8476810000","8795310000","8882220000","8886360000","8809130000","9052330000","8839530000","8884290000","9270800000","9799790000","10211440000","10508550000","11196000000","11905000000","12576000000","13155000000","13891000000","14334000000","14883000000","15562000000","16334000000","16570000000","17294000000","17833000000","18251000000","18794000000","19283000000","19983000000","20256000000","20674000000","21241000000","21814000000","22691000000","24079000000","24512000000","25782000000","27110280000","27973000000","28659000000","29708430000","30020000000","30915000000","31688000000","32434000000","31847000000","31961000000","31845000000","31813000000","30741000000","30892000000","31935000000","32635000000","",
"Lithuania","946","Other Depository Corporations Survey, Other Deposits (Euro area-Wide-Residency), Euros","FOSODEA_EUR","Value",,,,,,,,,,,,,,,,,,,,,,,,,,,,,,,,,,,"5868000000","5755000000","5931000000","5835000000","5728000000","5850000000","5425000000","5456000000","5438000000","5523000000","5079000000","5179000000","4877000000","4839000000","4767000000","4564000000","4415000000","4348000000","4436000000","4631000000","4403000000","4213000000","4141000000","3962000000","3707000000","3689000000","3733000000","3788000000","3759000000","3692000000","3614000000","3627000000","3607000000","3637000000","3984000000","3989000000","4101000000","4072000000","4080000000","3974000000","3924000000","3855000000","3822000000","3877000000","3842000000","3848000000","3870000000","3709000000","3752000000","3974000000","4185000000","5036000000","7207000000","8216000000","9081000000","9622000000","9912000000","10166000000","10549000000","",
"Slovak Rep.","936","Other Depository Corporations Survey, Demand Deposits (Euro area-Wide-Residency), Euros","FOSDEA_EUR","Value",,,,,,,,,,,,,,,,,,"11898770000","12688200000","12401640000","13296520000","13348270000","13720500000","13923890000","15362830000","14786860000","15071580000","14815730000","16664830000","15713090000","16357590000","15919140000","16833260000","16766140000","17360560000","17501700000","18486610000","17722440000","18086820000","17537540000","18298080000","17960290000","18175560000","18493070000","19794260000","19653080000","19739710000","20271200000","22020800000","22322930000","22761200000","22494640000","23900410000","24439000000","25390000000","26053000000","28032000000","28224000000","29391000000","30422000000","31503000000","31644000000","32671000000","33113000000","34686000000","35082000000","35867000000","36596000000","38221000000","38275000000","39363000000","40430000000","42947000000","43334000000","44882000000","46539000000","48469000000","49630000000","50735000000","51333000000","52961000000","53015000000","53480000000","54132000000","53231000000","51337000000","50620000000","50119000000","52715000000","51080000000","51466000000","51759000000","54990000000","",
"Greece","174","Other Depository Corporations Survey, Other Deposits (Euro area-Wide-Residency), Euros","FOSODEA_EUR","Value","65372010000","62801990000","59260000000","59414000000","61590000000","60201000000","60746000000","62140000000","60672000000","59040000000","59561000000","61125000000","59999000000","61156000000","59856000000","60627000000","63657000000","67961000000","71565000000","74555000000","79569000000","86365000000","92257000000","100207000000","108351000000","117590000000","125405000000","135464000000","142257000000","145724000000","145161000000","143626000000","138808000000","131741000000","124308000000","123572000000","121648000000","117973000000","109380000000","109495000000","103257000000","101775000000","90568000000","96291000000","101003000000","108139000000","104335000000","102196000000","101120000000","103274000000","103323000000","104385000000","97358000000","80425000000","65057250000","54104210000","50970340000","50532240000","50666010000","52276000000","47126000000","47669000000","46923000000","47310000000","48456000000","49572000000","50883000000","51671000000","51018000000","51578000000","52027000000","51195000000","50981000000","49295000000","48104000000","47847000000","46467000000","44088000000","40037000000","37679000000","35137000000","33408000000","32110000000","32655000000","35861000000","42175000000","47093000000","49751000000","52042000000","51712000000","52266000000","51227000000","52923000000","",
"Finland","172","Other Depository Corporations Survey, Demand Deposits (Euro area-Wide-Residency), Euros","FOSDEA_EUR","Value","39014000000","38790000000","39586000000","40499000000","40952010000","41623000000","43545000000","43285000000","44455000000","44998000000","46545000000","46547000000","46156000000","48528000000","49737000000","49099000000","49367000000","49282000000","50887000000","50583000000","51500000000","51704000000","52868000000","52796000000","53652000000","55603000000","54487000000","54706000000","55545000000","58427000000","62066000000","63409000000","65777000000","65150000000","68055000000","67460000000","70273000000","69447000000","70184000000","72768000000","73772000000","73333000000","75324000000","77348000000","81875000000","82972000000","86741000000","86704000000","90992000000","93532000000","92012000000","94448000000","97850000000","102563000000","108451000000","107613000000","111465000000","115197000000","114927000000","115317000000","117654000000","118446000000","123385000000","125563000000","127235000000","134180000000","135591000000","136688000000","139853000000","140257000000","141289000000","142066000000","146866000000","156997000000","164235000000","169938000000","172046000000","174623000000","178994000000","182715000000","187414000000","184985000000","186718000000","185910000000","170528000000","155333000000","150263000000","141155000000","141715000000","136859000000","136182000000","135934000000","137390000000","",
"Ireland","178","Other Depository Corporations Survey, Demand Deposits (Euro area-Wide-Residency), Euros","FOSDEA_EUR","Value","18871000000","18268000000","18577000000","18705000000","19670000000","45120000000","46410000000","47163000000","49720000000","50658000000","52706000000","55862000000","55370000000","56657000000","60111000000","62733000000","65794000000","68101000000","72921000000","76046000000","79099000000","79014000000","86536000000","84299000000","84995000000","81750000000","77288000000","73394000000","71798000000","82128000000","82701000000","88301000000","91237000000","88580000000","88048000000","85604000000","87263000000","84992000000","84444000000","81704000000","80539000000","79489000000","79470000000","81119000000","83075000000","95242000000","98709000000","100886000000","101698000000","101916000000","96780000000","96197000000","103117000000","105398000000","110118000000","112913000000","118830000000","119446000000","121342000000","125525000000","131603000000","131211000000","133847000000","139544000000","142786000000","143618000000","148137000000","152894000000","154414000000","159674000000","166686000000","173402000000","184450000000","190847000000","199075000000","209293000000","232802000000","233045000000","247332000000","257323000000","260483000000","259344000000","265064000000","266588000000","263138000000","258945000000","260503000000","253611000000","254578000000","253488000000","256811000000","257304000000","267366000000","",
"Ireland","178","Other Depository Corporations Survey, Other Deposits (Euro area-Wide-Residency), Euros","FOSODEA_EUR","Value","81061000000","87032980000","85106990000","91700010000","95319000000","72340000000","76605000000","74522000000","75928000000","78793000000","81250000000","83305000000","88608000000","95172000000","98722000000","101149000000","100667000000","103885000000","109663000000","127032000000","133176000000","144815000000","154348000000","160703000000","160300000000","163603000000","178428000000","174413000000","175490000000","172884000000","161412000000","157399000000","155183000000","167274000000","163277000000","159519000000","147874000000","150452000000","158531000000","155263000000","134321000000","138868000000","135072000000","136454000000","126541000000","127138000000","124270000000","119297000000","118538000000","127612000000","127210000000","134431000000","134760000000","130204000000","122539000000","117933000000","124798000000","116212000000","126780000000","125329000000","133510000000","132198000000","129868000000","130569000000","131503000000","124612000000","126511000000","122587000000","133644000000","120029000000","130171000000","142957000000","147977000000","148942000000","162282000000","163245000000","179926000000","161360000000","160559000000","152332000000","170033000000","156792000000","164672000000","187398000000","195491000000","191966000000","198664000000","207508000000","232656000000","225896000000","238271000000","261597000000","305299000000","",
"Germany","134","Other Depository Corporations Survey, Other Deposits (Euro area-Wide-Residency), Euros","FOSODEA_EUR","Value","797047000000","788543000000","778128000000","776164000000","800838000000","807004000000","801939000000","794104000000","801697000000","785210000000","777655000000","782967000000","800667000000","777999000000","781011000000","782830000000","797337000000","798089000000","808631000000","818973000000","840658000000","844663000000","867732000000","898336000000","972805000000","980228000000","1013152000000","1052659000000","1066456000000","988272000000","942228000000","887278000000","862880000000","843862000000","830718000000","828177000000","846760000000","854593000000","873061000000","899355000000","905910000000","908731000000","922708000000","909551000000","870966000000","860109000000","851878000000","844349000000","856362000000","856423000000","855720000000","854981000000","854199000000","851205000000","839405000000","840798000000","850449000000","854478000000","849707000000","856257000000","850420000000","860594000000","852816000000","850005000000","841939000000","844899000000","847661000000","835109000000","829602000000","846615000000","841328000000","836424000000","824355000000","823227000000","813016000000","810384000000","805100000000","782369000000","770191000000","764184000000","770306000000","789216000000","796209000000","868567000000","904239000000","980437000000","1033079000000","1082682000000","1136005000000","1206146000000","1207735000000","1226544000000","1188438000000","",
"Finland","172","Other Depository Corporations Survey, Other Deposits (Euro area-Wide-Residency), Euros","FOSODEA_EUR","Value","25779750000","26370900000","26497010000","25793670000","28992000000","28016000000","28011000000","28579000000","31070000000","30004000000","30162000000","31371000000","34408000000","33291000000","34450000000","35260000000","37517000000","38910000000","40528000000","40690000000","43187000000","45981000000","48783000000","51808000000","56315000000","56360000000","58937000000","59762000000","59258000000","55456000000","51372000000","49993000000","49531000000","49135000000","48595000000","49138000000","51022000000","49906000000","51607000000","54128000000","53948000000","49475000000","50482000000","50427000000","45267000000","43062000000","40916000000","40016000000","39118000000","39335000000","38093000000","38539000000","36184000000","37269000000","36765000000","37000000000","35053000000","33832000000","33430000000","33473000000","30635000000","31226000000","31518000000","29392000000","29605000000","20846000000","20071000000","19625000000","22038000000","22706000000","20337000000","19345000000","18608000000","22155000000","25304000000","22280000000","16336000000","15256000000","17198000000","16048000000","11793000000","15429000000","18317000000","17505000000","17917000000","20538000000","26459000000","34280000000","32415000000","36160000000","38183000000","35826000000","30775000000","",
"Lithuania","946","Other Depository Corporations Survey, Demand Deposits (Euro area-Wide-Residency), Euros","FOSDEA_EUR","Value",,,,,,,,,,,,,,,,,,,,,,,,,,,,,,,,,,,"5067000000","5232000000","5753000000","5705000000","5907000000","6050000000","6317000000","6206000000","6454000000","6576000000","7467000000","7343000000","7428000000","7680000000","8416000000","8560000000","8872000000","9349000000","10814000000","10427000000","10666000000","11051000000","12131000000","12068000000","12345000000","12919000000","14067000000","13790000000","13825000000","14312000000","15340000000","15158000000","15843000000","16285000000","17456000000","17367000000","17288000000","17980000000","19759000000","20300000000","21791000000","23274000000","26306000000","26938000000","26934000000","27642000000","29673000000","32272000000","32573000000","34457000000","37810000000","36201000000","33400000000","32592000000","33137000000","32563000000","32621000000","33788000000","36922000000","",
"Cyprus","423","Other Depository Corporations Survey, Other Deposits (Euro area-Wide-Residency), Euros","FOSODEA_EUR","Value",,,,,,,,,,,,,,,,,"17780000000","17820000000","18434000000","19130000000","19499000000","20219000000","21326000000","22182000000","23437000000","24040000000","25808000000","30010000000","29712000000","29879000000","29434000000","29555000000","30319000000","31530000000","34726000000","35450000000","35880000000","35871000000","35957000000","35600000000","35664000000","35592000000","36468000000","35750000000","34392000000","30836000000","25193000000","24358000000","23907000000","23147000000","22735000000","22505000000","22442000000","22553000000","22380000000","22528000000","22508000000","23102000000","23170000000","23611000000","23561000000","23832000000","23711000000","23431000000","23182000000","22323000000","21787000000","21135000000","20852000000","20367000000","20179000000","19261000000","18524000000","17441000000","16685000000","15993000000","15553000000","14954000000","14749000000","14438000000","14186000000","13062000000","12549000000","12402000000","12529000000","12787000000","13238000000","13481000000","14334000000","14968000000","15612000000","16054000000","16541000000","",
"Latvia","941","Other Depository Corporations Survey, Demand Deposits (Euro area-Wide-Residency), Euros","FOSDEA_EUR","Value",,,,,,,,,,,,,,,,,,,,,,,,,,,,,,,,,,,,"4077000000","4577000000","4512000000","4798000000","4829000000","5129000000","5338000000","5405000000","5684000000","6104000000","6129000000","6616000000","6794000000","7887000000","7473000000","7434000000","7717000000","8230000000","8368000000","8468000000","8822000000","9347000000","9401000000","9779000000","9716000000","9995000000","10107000000","10063000000","9842000000","10577000000","10246000000","10261000000","10123000000","11025000000","11203000000","11239000000","11338000000","11971000000","12279000000","12819000000","13244000000","14271000000","15090000000","15323000000","15290000000","15965000000","16213000000","16497000000","16820000000","17349000000","16953000000","16064000000","15044000000","15292000000","14856000000","15042000000","15011000000","16251000000","",
"Austria","122","Other Depository Corporations Survey, Demand Deposits (Euro area-Wide-Residency), Euros","FOSDEA_EUR","Value","51038000000","51816000000","51695000000","51385000000","54073000000","56218000000","59001000000","60200000000","63442000000","63800000000","66829000000","67188000000","68888000000","71219000000","75510000000","75648000000","77118000000","78174000000","82806000000","81678000000","81980000000","82460000000","84861000000","84920000000","88207000000","87761000000","90024000000","90277000000","94495000000","99154000000","102428000000","106637000000","111204000000","110746000000","115478000000","117420000000","115309000000","114960000000","117084000000","117621000000","119043000000","123920000000","127881000000","129792000000","136675000000","141512000000","143152000000","142688000000","148332000000","141899000000","145608000000","148247000000","157791000000","159564000000","165873000000","169107000000","177956000000","180090000000","183972000000","188996000000","202253000000","208709000000","213788000000","217476000000","225180000000","235328000000","243035000000","242826000000","253040000000","255121000000","257765000000","257384000000","268558000000","273672000000","281619000000","287474000000","304619000000","308371000000","313349000000","315737000000","330586000000","332847000000","332687000000","342518000000","329213000000","324999000000","312650000000","300737000000","299097000000","293225000000","297320000000","292590000000","306188000000","",
"Germany","134","Other Depository Corporations Survey, Demand Deposits (Euro area-Wide-Residency), Euros","FOSDEA_EUR","Value","532662990000","516075010000","544088000000","549076000000","582912010000","586044000000","616956000000","616884000000","631386000000","646069000000","653116000000","660208000000","654991000000","683747000000","705894000000","715408000000","725394000000","733040000000","749846000000","734450000000","759646000000","761576000000","777408000000","785131000000","789258000000","796013000000","795803000000","792400000000","831823000000","906021000000","944751000000","979817000000","1015470000000","1031279000000","1089391000000","1089684000000","1108359000000","1110274000000","1125451000000","1143289000000","1169171000000","1186337000000","1233531000000","1275415000000","1326065000000","1345791000000","1382380000000","1412841000000","1439075000000","1446460000000","1475326000000","1508772000000","1548630000000","1583272000000","1636800000000","1666695000000","1705488000000","1722684000000","1762959000000","1785234000000","1831969000000","1853118000000","1910392000000","1937500000000","1979012000000","1992725000000","2035331000000","2065756000000","2120516000000","2147388000000","2201348000000","2235493000000","2285575000000","2371332000000","2450236000000","2509472000000","2565338000000","2640170000000","2682105000000","2717299000000","2720059000000","2789727000000","2811482000000","2850822000000","2796176000000","2724053000000","2677217000000","2635268000000","2605882000000","2550270000000","2573859000000","2622285000000","2705220000000","",
"Croatia, Rep. of","960","Other Depository Corporations Survey, Demand Deposits (Euro area-Wide-Residency), Euros","FOSDEA_EUR","Value",,,,,,,,,,,,,,,,,,,,,,,,,,,,,,,,,,,,,,,,,,"7409000000","7697000000","8163000000","8358000000","8278000000","8850000000","9350000000","9356000000","9190000000","9466000000","10230000000","10449000000","10201000000","10986000000","12186000000","12045000000","11875000000","12953000000","14406000000","15037000000","14949000000","15986000000","17645000000","18176000000","18659000000","20038000000","22049000000","22641000000","22396000000","23407000000","25633000000","25913000000","27666000000","28847000000","29937000000","30919000000","31855000000","33521000000","36249000000","37094000000","37662000000","40641000000","43800000000","45288000000","41644000000","42579000000","44679000000","43063000000","39757000000","40493000000","43235000000","44445000000","",
