"quarter","asset.class","flow","gdp.q","pctGDP"
1990 Q1,"FDI",46046806133.5382,6836388250000,0.673554579547734
1990 Q1,"Other Inv",110768173437.664,6836388250000,1.62027329910153
1990 Q1,"Port. Debt",6006213679.07183,6836388250000,0.0878565327104094
1990 Q1,"Port. Equity",7666408113.20994,6836388250000,0.112141204285903
1990 Q2,"FDI",47476772896.22,6836388250000,0.694471571245532
1990 Q2,"Other Inv",89615285966.0862,6836388250000,1.31085717617173
1990 Q2,"Port. Debt",41318113344.4192,6836388250000,0.604385120233907
1990 Q2,"Port. Equity",385743711.20463,6836388250000,0.00564250737521571
1990 Q3,"FDI",51120496124.968,6836388250000,0.747770522321754
1990 Q3,"Other Inv",175627257494.473,6836388250000,2.56900648517838
1990 Q3,"Port. Debt",58393882448.5363,6836388250000,0.854162758362009
1990 Q3,"Port. Equity",-723604614.372797,6836388250000,-0.0105846038567631
1990 Q4,"FDI",51046372237.4694,6836388250000,0.746686267232839
1990 Q4,"Other Inv",132509741341.597,6836388250000,1.93830040799097
1990 Q4,"Port. Debt",67869894740.2702,6836388250000,0.992774141232692
1990 Q4,"Port. Equity",-5744285041.03502,6836388250000,-0.0840251435549322
1991 Q1,"FDI",31875649901.2037,7228729250000,0.440957861317101
1991 Q1,"Other Inv",85912331076.8989,7228729250000,1.18848456078084
1991 Q1,"Port. Debt",57224250376.6099,7228729250000,0.791622543846276
1991 Q1,"Port. Equity",2431902194.65522,7228729250000,0.0336421812264613
1991 Q2,"FDI",33907615189.7309,7228729250000,0.469067439339091
1991 Q2,"Other Inv",-25337927226.2593,7228729250000,-0.350517032108503
1991 Q2,"Port. Debt",41305178311.4436,7228729250000,0.571403034792646
1991 Q2,"Port. Equity",19182371017.043,7228729250000,0.265362975339586
1991 Q3,"FDI",40450558166.3597,7228729250000,0.55958048458323
1991 Q3,"Other Inv",28321255767.5954,7228729250000,0.39178747450799
1991 Q3,"Port. Debt",55766366188.8616,7228729250000,0.771454625843976
1991 Q3,"Port. Equity",10222893889.2807,7228729250000,0.141420345619954
1991 Q4,"FDI",26080386650.7061,7228729250000,0.360787985671287
1991 Q4,"Other Inv",79998153563.7691,7228729250000,1.1066696620816
1991 Q4,"Port. Debt",98471270965.7443,7228729250000,1.36222104273368
1991 Q4,"Port. Equity",4135505814.98771,7228729250000,0.0572093057017969
1992 Q1,"FDI",30253784634.7468,8237632250000,0.367263112950287
1992 Q1,"Other Inv",70484524406.6257,8237632250000,0.855640580539702
1992 Q1,"Port. Debt",53528095822.6928,8237632250000,0.649799532173737
1992 Q1,"Port. Equity",6185306194.32587,8237632250000,0.0750859713885124
1992 Q2,"FDI",35511484468.7063,8237632250000,0.431088489883805
1992 Q2,"Other Inv",75069077815.6189,8237632250000,0.911294356647432
1992 Q2,"Port. Debt",78109639534.4084,8237632250000,0.948204983712503
1992 Q2,"Port. Equity",9445263963.58708,8237632250000,0.114659937187498
1992 Q3,"FDI",35052118239.1809,8237632250000,0.425512054622017
1992 Q3,"Other Inv",218235404244.484,8237632250000,2.64924917283706
1992 Q3,"Port. Debt",49772511362.439,8237632250000,0.604208950483788
1992 Q3,"Port. Equity",3342841859.5975,8237632250000,0.0405801298012242
1992 Q4,"FDI",31131515938.8104,8237632250000,0.377918253619666
1992 Q4,"Other Inv",2747625386.09511,8237632250000,0.0333545526518874
1992 Q4,"Port. Debt",133958638300.201,8237632250000,1.62617890960355
1992 Q4,"Port. Equity",13608972159.4719,8237632250000,0.165204900467266
1993 Q1,"FDI",34977093057.0146,8590229500000,0.407172975495179
1993 Q1,"Other Inv",39902670872.5926,8590229500000,0.464512279591512
1993 Q1,"Port. Debt",123680845329.959,8590229500000,1.43978511086298
1993 Q1,"Port. Equity",21054027989.8726,8590229500000,0.245092729942461
1993 Q2,"FDI",40252053062.2014,8590229500000,0.468579483961417
1993 Q2,"Other Inv",47513380154.3958,8590229500000,0.553109554923949
1993 Q2,"Port. Debt",149006410954.942,8590229500000,1.73460337648654
1993 Q2,"Port. Equity",28946860866.5463,8590229500000,0.33697424343024
1993 Q3,"FDI",50186537937.3279,8590229500000,0.584228138926066
1993 Q3,"Other Inv",135832243765.482,8590229500000,1.58124115037302
1993 Q3,"Port. Debt",89216078182.1693,8590229500000,1.03857618917131
1993 Q3,"Port. Equity",41500965945.0851,8590229500000,0.483118244338934
1993 Q4,"FDI",24662803844.9333,8590229500000,0.28710296791178
1993 Q4,"Other Inv",138782722262.59,8590229500000,1.61558806155982
1993 Q4,"Port. Debt",148674405438.429,8590229500000,1.73073845627091
1993 Q4,"Port. Equity",52527321572.2411,8590229500000,0.611477511424358
1994 Q1,"FDI",39136369409.1071,9025906500000,0.433600430151886
1994 Q1,"Other Inv",71286203523.8254,9025906500000,0.789795501690887
1994 Q1,"Port. Debt",58886818542.0072,9025906500000,0.652419992850659
1994 Q1,"Port. Equity",32359884555.0015,9025906500000,0.358522266489261
1994 Q2,"FDI",34323764965.4948,9025906500000,0.380280528781179
1994 Q2,"Other Inv",1167239893.88648,9025906500000,0.0129321070840527
1994 Q2,"Port. Debt",29858743063.4137,9025906500000,0.330811570709421
1994 Q2,"Port. Equity",10215327992.2225,9025906500000,0.113177861882598
1994 Q3,"FDI",47287622619.7453,9025906500000,0.523909954304815
1994 Q3,"Other Inv",86976764943.3961,9025906500000,0.963634676953457
1994 Q3,"Port. Debt",67228676760.123,9025906500000,0.744841271734014
1994 Q3,"Port. Equity",17431150252.0045,9025906500000,0.193123541131348
1994 Q4,"FDI",57695395751.593,9025906500000,0.639219958145954
1994 Q4,"Other Inv",130467222757.669,9025906500000,1.44547500860627
1994 Q4,"Port. Debt",90097399739.6045,9025906500000,0.998208875082016
1994 Q4,"Port. Equity",3644144353.02296,9025906500000,0.0403742754594562
1995 Q1,"FDI",54346089126.7775,9.552107e+12,0.568943471076879
1995 Q1,"Other Inv",249336431717.29,9.552107e+12,2.61027678728149
1995 Q1,"Port. Debt",58482118706.0364,9.552107e+12,0.612243128202358
1995 Q1,"Port. Equity",-12168477542.2518,9.552107e+12,-0.127390507060399
1995 Q2,"FDI",47878446296.7838,9.552107e+12,0.501234400921009
1995 Q2,"Other Inv",114480755927.488,9.552107e+12,1.19848695086318
1995 Q2,"Port. Debt",136944958038.732,9.552107e+12,1.43366231176778
1995 Q2,"Port. Equity",26160779862.8436,9.552107e+12,0.273874443228531
1995 Q3,"FDI",69183001250.2644,9.552107e+12,0.724269538126661
1995 Q3,"Other Inv",129965365858.642,9.552107e+12,1.36059369789977
1995 Q3,"Port. Debt",139864889272.356,9.552107e+12,1.46423076366665
1995 Q3,"Port. Equity",28312879796.8218,9.552107e+12,0.29640455029264
1995 Q4,"FDI",98790192800.1729,9.552107e+12,1.03422410155344
1995 Q4,"Other Inv",100145654735.524,9.552107e+12,1.04841428949157
1995 Q4,"Port. Debt",107003661861.996,9.552107e+12,1.12021004226603
1995 Q4,"Port. Equity",18239297063.7377,9.552107e+12,0.190945275882459
1996 Q1,"FDI",72000633171.2487,1.0095761e+13,0.713176878605275
1996 Q1,"Other Inv",161457922974.041,1.0095761e+13,1.59926451283901
1996 Q1,"Port. Debt",78943724362.6081,1.0095761e+13,0.78194921970328
1996 Q1,"Port. Equity",50121789864.0426,1.0095761e+13,0.496463712483315
1996 Q2,"FDI",63011317375.7443,1.0095761e+13,0.624136381355941
1996 Q2,"Other Inv",150400519614.277,1.0095761e+13,1.48973930359759
1996 Q2,"Port. Debt",143928429959.768,1.0095761e+13,1.42563230210945
1996 Q2,"Port. Equity",62833359490.0235,1.0095761e+13,0.62237368228134
1996 Q3,"FDI",68948621685.1152,1.0095761e+13,0.682946255216573
1996 Q3,"Other Inv",129180269781.31,1.0095761e+13,1.27954960286114
1996 Q3,"Port. Debt",180991800265.828,1.0095761e+13,1.79275044512076
1996 Q3,"Port. Equity",6170131669.97615,1.0095761e+13,0.0611160631672654
1996 Q4,"FDI",93398899468.8149,1.0095761e+13,0.925129858648743
1996 Q4,"Other Inv",268826757038.617,1.0095761e+13,2.66276863169223
1996 Q4,"Port. Debt",235247553011.841,1.0095761e+13,2.33016166896028
1996 Q4,"Port. Equity",31144168402.9515,1.0095761e+13,0.30848757615153
1997 Q1,"FDI",95777046649.8865,10687986750000,0.896118688113891
1997 Q1,"Other Inv",390978092092.659,10687986750000,3.65810794154155
1997 Q1,"Port. Debt",128759268421.523,10687986750000,1.20471021749276
1997 Q1,"Port. Equity",30279028307.9242,10687986750000,0.28329964301204
1997 Q2,"FDI",88685065521.3815,10687986750000,0.829763992001408
1997 Q2,"Other Inv",185516272062.16,10687986750000,1.73574571527384
1997 Q2,"Port. Debt",210337792583.507,10687986750000,1.9679832835076
1997 Q2,"Port. Equity",74450048797.2505,10687986750000,0.696576918915534
1997 Q3,"FDI",93871611101.6432,10687986750000,0.87829086335313
1997 Q3,"Other Inv",192087392377.636,10687986750000,1.79722708186961
1997 Q3,"Port. Debt",172211295049.457,10687986750000,1.61126037183248
1997 Q3,"Port. Equity",65976733410.1243,10687986750000,0.617298046426978
1997 Q4,"FDI",112104948408.557,10687986750000,1.04888741940625
1997 Q4,"Other Inv",396224062712.515,10687986750000,3.70719081133324
1997 Q4,"Port. Debt",144136241693.028,10687986750000,1.34858177750855
1997 Q4,"Port. Equity",10040101306.9753,10687986750000,0.0939381900616157
1998 Q1,"FDI",120383928518.267,11094080250000,1.08511860204244
1998 Q1,"Other Inv",138304203743.715,11094080250000,1.24664866872326
1998 Q1,"Port. Debt",86429232239.7673,11094080250000,0.779057211522941
1998 Q1,"Port. Equity",82658764696.9179,11094080250000,0.74507091019932
1998 Q2,"FDI",132222904531.373,11094080250000,1.19183295552034
1998 Q2,"Other Inv",164058038699.472,11094080250000,1.478789002806
1998 Q2,"Port. Debt",184155208989.39,11094080250000,1.65994120142938
1998 Q2,"Port. Equity",55741696678.0647,11094080250000,0.50244540711759
1998 Q3,"FDI",120433715805.163,11094080250000,1.08556737549436
1998 Q3,"Other Inv",186220666036.62,11094080250000,1.67855885156969
1998 Q3,"Port. Debt",70172530861.0796,11094080250000,0.632522293689732
1998 Q3,"Port. Equity",-1559737378.61385,11094080250000,-0.0140591860115114
1998 Q4,"FDI",248784927588.207,11094080250000,2.24250160429664
1998 Q4,"Other Inv",-37199190716.0636,11094080250000,-0.335306666959288
1998 Q4,"Port. Debt",138582342946.383,11094080250000,1.24915576436707
1998 Q4,"Port. Equity",129354758492.574,11094080250000,1.16598001436463
1999 Q1,"FDI",154660175554.181,1.1643899e+13,1.32825074791683
1999 Q1,"Other Inv",212128955259.705,1.1643899e+13,1.82180346342496
1999 Q1,"Port. Debt",186803649806.924,1.1643899e+13,1.60430496526056
1999 Q1,"Port. Equity",23122497738.1767,1.1643899e+13,0.198580370185079
1999 Q2,"FDI",330905164036.529,1.1643899e+13,2.84187593894905
1999 Q2,"Other Inv",144827481.558441,1.1643899e+13,0.00124380571798537
1999 Q2,"Port. Debt",245616266516.9,1.1643899e+13,2.1093988063354
1999 Q2,"Port. Equity",194767917224.038,1.1643899e+13,1.67270359545405
1999 Q3,"FDI",183101787084.652,1.1643899e+13,1.57251267023745
1999 Q3,"Other Inv",-62565320925.1055,1.1643899e+13,-0.537322772424473
1999 Q3,"Port. Debt",280837597185.334,1.1643899e+13,2.41188623488862
1999 Q3,"Port. Equity",79022056613.7519,1.1643899e+13,0.678656321338341
1999 Q4,"FDI",268399654166.335,1.1643899e+13,2.30506683514117
1999 Q4,"Other Inv",146949933992.118,1.1643899e+13,1.26203373966159
1999 Q4,"Port. Debt",122322193255.816,1.1643899e+13,1.05052605880398
1999 Q4,"Port. Equity",166710650720.484,1.1643899e+13,1.43174250069057
2000 Q1,"FDI",373597723131.547,1.2516039e+13,2.98495173378372
2000 Q1,"Other Inv",478193684180.933,1.2516039e+13,3.82064712470881
2000 Q1,"Port. Debt",223051660070.551,1.2516039e+13,1.78212659828362
2000 Q1,"Port. Equity",147401289961.237,1.2516039e+13,1.17769919030484
2000 Q2,"FDI",304443433938.891,1.2516039e+13,2.43242637657881
2000 Q2,"Other Inv",139460789805.497,1.2516039e+13,1.11425659352369
2000 Q2,"Port. Debt",160901892578.658,1.2516039e+13,1.28556560568929
2000 Q2,"Port. Equity",127010815921.047,1.2516039e+13,1.01478443716137
2000 Q3,"FDI",312228360601.476,1.2516039e+13,2.49462598032394
2000 Q3,"Other Inv",223488125657.436,1.2516039e+13,1.78561384841831
2000 Q3,"Port. Debt",167099375762.348,1.2516039e+13,1.33508193576537
2000 Q3,"Port. Equity",115246463849.236,1.2516039e+13,0.920790226438539
2000 Q4,"FDI",269560504832.706,1.2516039e+13,2.15372055674088
2000 Q4,"Other Inv",326215829984.187,1.2516039e+13,2.60638233856724
2000 Q4,"Port. Debt",182013309165.037,1.2516039e+13,1.45424050823936
2000 Q4,"Port. Equity",121476563598.398,1.2516039e+13,0.970567154659694
2001 Q1,"FDI",186733787765.525,13110519750000,1.42430499573081
2001 Q1,"Other Inv",836886549897.319,13110519750000,6.38332091980807
2001 Q1,"Port. Debt",215894031501.988,13110519750000,1.646723666329
2001 Q1,"Port. Equity",49789004749.6407,13110519750000,0.379763775190077
2001 Q2,"FDI",200051700269.509,13110519750000,1.52588687622021
2001 Q2,"Other Inv",-74386990406.317,13110519750000,-0.567383992585931
2001 Q2,"Port. Debt",159153026718.298,13110519750000,1.21393377038541
2001 Q2,"Port. Equity",139447895654.273,13110519750000,1.06363361875316
2001 Q3,"FDI",119654528161.902,13110519750000,0.912660447057423
2001 Q3,"Other Inv",-107442485336.128,13110519750000,-0.819513546258364
2001 Q3,"Port. Debt",132522214797.887,13110519750000,1.01080824654482
2001 Q3,"Port. Equity",20020841991.3736,13110519750000,0.152708224945648
2001 Q4,"FDI",147189985587.528,13110519750000,1.12268612072018
2001 Q4,"Other Inv",92605183210.3195,13110519750000,0.706342578144696
2001 Q4,"Port. Debt",221417519298.266,13110519750000,1.68885386331283
2001 Q4,"Port. Equity",59392281064.3089,13110519750000,0.453012406806442
2002 Q1,"FDI",138520883517.571,13678728750000,1.01267366324207
2002 Q1,"Other Inv",214577046627.157,13678728750000,1.56869143725916
2002 Q1,"Port. Debt",117360136251.489,13678728750000,0.857975462460205
2002 Q1,"Port. Equity",34527015550.4863,13678728750000,0.252413920778174
2002 Q2,"FDI",160304584071.037,13678728750000,1.17192603933342
2002 Q2,"Other Inv",91065593352.5428,13678728750000,0.66574602813542
2002 Q2,"Port. Debt",341443229192.896,13678728750000,2.4961620003825
2002 Q2,"Port. Equity",59083042656.81,13678728750000,0.431933725250674
2002 Q3,"FDI",151844056638.254,13678728750000,1.11007433083468
2002 Q3,"Other Inv",78200354508.0321,13678728750000,0.571693144423469
2002 Q3,"Port. Debt",275545112820.165,13678728750000,2.01440585493126
2002 Q3,"Port. Equity",-30739231164.4172,13678728750000,-0.224722865159653
2002 Q4,"FDI",268968082793.334,13678728750000,1.9663236818943
2002 Q4,"Other Inv",225838081006.493,13678728750000,1.65101659031358
2002 Q4,"Port. Debt",228604590036.088,13678728750000,1.6712414889877
2002 Q4,"Port. Equity",46678434756.3863,13678728750000,0.341248339736149
2003 Q1,"FDI",200872629724.913,1.4457648e+13,1.38938663968657
2003 Q1,"Other Inv",518827234620.619,1.4457648e+13,3.58860054291416
2003 Q1,"Port. Debt",322878929034.233,1.4457648e+13,2.23327424373753
2003 Q1,"Port. Equity",5204660133.57454,1.4457648e+13,0.0359993557290546
2003 Q2,"FDI",100988325638.009,1.4457648e+13,0.698511442787993
2003 Q2,"Other Inv",357623462418.33,1.4457648e+13,2.47359364689422
2003 Q2,"Port. Debt",435039613422.672,1.4457648e+13,3.00906214774818
2003 Q2,"Port. Equity",101639457082.963,1.4457648e+13,0.703015159056041
2003 Q3,"FDI",134261005303.594,1.4457648e+13,0.928650395303541
2003 Q3,"Other Inv",3100978721.86925,1.4457648e+13,0.0214487081292147
2003 Q3,"Port. Debt",205455722379.714,1.4457648e+13,1.42108676583988
2003 Q3,"Port. Equity",94361315750.7073,1.4457648e+13,0.652674043182593
2003 Q4,"FDI",196233232981.024,1.4457648e+13,1.35729707197896
2003 Q4,"Other Inv",274568322825.037,1.4457648e+13,1.89912164706899
2003 Q4,"Port. Debt",338334493724.627,1.4457648e+13,2.34017658836781
2003 Q4,"Port. Equity",156082483622.256,1.4457648e+13,1.07958420084827
2004 Q1,"FDI",149310922102.079,1.5609101e+13,0.956563238985249
2004 Q1,"Other Inv",1007987028150.56,1.5609101e+13,6.45768791008886
2004 Q1,"Port. Debt",609035771306.578,1.5609101e+13,3.90179915746959
2004 Q1,"Port. Equity",94805012274.9826,1.5609101e+13,0.607370099501455
2004 Q2,"FDI",192304154610.07,1.5609101e+13,1.23200019405391
2004 Q2,"Other Inv",267343751209.599,1.5609101e+13,1.7127427851841
2004 Q2,"Port. Debt",489109665270.528,1.5609101e+13,3.13349029691414
2004 Q2,"Port. Equity",72395809917.8838,1.5609101e+13,0.463805121882956
2004 Q3,"FDI",210548050325.078,1.5609101e+13,1.34888005609726
2004 Q3,"Other Inv",322272026520.777,1.5609101e+13,2.06464181710898
2004 Q3,"Port. Debt",401667582538.195,1.5609101e+13,2.57329094441887
2004 Q3,"Port. Equity",70251917888.0673,1.5609101e+13,0.450070237152462
2004 Q4,"FDI",344323082099.998,1.5609101e+13,2.20591232063908
2004 Q4,"Other Inv",497875810262.168,1.5609101e+13,3.18965077016395
2004 Q4,"Port. Debt",399593530918.249,1.5609101e+13,2.56000349359165
2004 Q4,"Port. Equity",201910473860.414,1.5609101e+13,1.29354325954079
2005 Q1,"FDI",364642173504.753,16841335750000,2.16516183109023
2005 Q1,"Other Inv",893275756109.711,16841335750000,5.30406714390045
2005 Q1,"Port. Debt",651916131724.607,16841335750000,3.8709288942512
2005 Q1,"Port. Equity",169482547609.12,16841335750000,1.00634860633973
2005 Q2,"FDI",254283299891.751,16841335750000,1.50987607910941
2005 Q2,"Other Inv",738310892359.09,16841335750000,4.38392122405784
2005 Q2,"Port. Debt",739020367130.571,16841335750000,4.38813392299106
2005 Q2,"Port. Equity",110173883418.321,16841335750000,0.654187322512829
2005 Q3,"FDI",445997734023.296,16841335750000,2.64823254309443
2005 Q3,"Other Inv",710680253556.775,16841335750000,4.21985681009165
2005 Q3,"Port. Debt",349575080824.94,16841335750000,2.07569688066423
2005 Q3,"Port. Equity",298170696148.117,16841335750000,1.77046940084974
2005 Q4,"FDI",451695893367.53,16841335750000,2.68206691008776
2005 Q4,"Other Inv",304987545416.32,16841335750000,1.81094629276255
2005 Q4,"Port. Debt",591674445166.009,16841335750000,3.5132275369904
2005 Q4,"Port. Equity",285022444366.7,16841335750000,1.69239808883152
2006 Q1,"FDI",489976989894.268,18258015250000,2.68362679724604
2006 Q1,"Other Inv",1509095571519.5,18258015250000,8.26538674032217
2006 Q1,"Port. Debt",676582353988.429,18258015250000,3.70567306864545
2006 Q1,"Port. Equity",304551219568.426,18258015250000,1.66804121586231
2006 Q2,"FDI",522453218621.848,18258015250000,2.86150061476067
2006 Q2,"Other Inv",510125927229.451,18258015250000,2.79398346558754
2006 Q2,"Port. Debt",600941620281.788,18258015250000,3.29138524671671
2006 Q2,"Port. Equity",99881861002.0446,18258015250000,0.54705760530047
2006 Q3,"FDI",499531954431.097,18258015250000,2.7359597830936
2006 Q3,"Other Inv",740667043847.496,18258015250000,4.05666790012948
2006 Q3,"Port. Debt",572439933696.297,18258015250000,3.13528018165226
2006 Q3,"Port. Equity",169529739468.368,18258015250000,0.928522279925077
2006 Q4,"FDI",495287245120.876,18258015250000,2.71271131247892
2006 Q4,"Other Inv",678629195132.524,18258015250000,3.71688371293547
2006 Q4,"Port. Debt",827600997091.425,18258015250000,4.53280921151287
2006 Q4,"Port. Equity",273723057227.427,18258015250000,1.49919393471548
2007 Q1,"FDI",675104833472.003,1.9726251e+13,3.4223676534989
2007 Q1,"Other Inv",2071609971257.02,1.9726251e+13,10.5017926176496
2007 Q1,"Port. Debt",941540895519.082,1.9726251e+13,4.77303515766418
2007 Q1,"Port. Equity",233102357495.425,1.9726251e+13,1.18168605628827
2007 Q2,"FDI",610251104618.97,1.9726251e+13,3.093599004793
2007 Q2,"Other Inv",1380804063562.58,1.9726251e+13,6.99983014290236
2007 Q2,"Port. Debt",940629711955.928,1.9726251e+13,4.76841601557198
2007 Q2,"Port. Equity",345531071090.623,1.9726251e+13,1.75163071325932
2007 Q3,"FDI",761382574772.163,1.9726251e+13,3.85974291198142
2007 Q3,"Other Inv",1001551498418.91,1.9726251e+13,5.07725212671636
2007 Q3,"Port. Debt",338672659634.321,1.9726251e+13,1.71686277151356
2007 Q3,"Port. Equity",8892465799.49124,1.9726251e+13,0.0450793503514238
2007 Q4,"FDI",917318217394.791,1.9726251e+13,4.65024102854005
2007 Q4,"Other Inv",1021171085053.83,1.9726251e+13,5.17671140377273
2007 Q4,"Port. Debt",505614247926.178,1.9726251e+13,2.56315428575951
2007 Q4,"Port. Equity",149463334526.765,1.9726251e+13,0.757687482161536
2008 Q1,"FDI",680553412629.851,20668597750000,3.29269271607868
2008 Q1,"Other Inv",1728830528038.81,20668597750000,8.36452742924376
2008 Q1,"Port. Debt",506329695120.883,20668597750000,2.44975349196529
2008 Q1,"Port. Equity",42992698868.4834,20668597750000,0.208009751742754
2008 Q2,"FDI",441542114157.709,20668597750000,2.13629448643999
2008 Q2,"Other Inv",-873136616306.115,20668597750000,-4.22445986354403
2008 Q2,"Port. Debt",789359833143.521,20668597750000,3.81912620629293
2008 Q2,"Port. Equity",136400566701.793,20668597750000,0.659941077530492
2008 Q3,"FDI",552447811926.828,20668597750000,2.67288482077517
2008 Q3,"Other Inv",325230538599.327,20668597750000,1.57354912284423
2008 Q3,"Port. Debt",155702197205.15,20668597750000,0.753327337870077
2008 Q3,"Port. Equity",-205699162109.933,20668597750000,-0.995225532946149
2008 Q4,"FDI",466895295644.547,20668597750000,2.25895970927465
2008 Q4,"Other Inv",-2110557449501.69,20668597750000,-10.211420605453
2008 Q4,"Port. Debt",-235688021693.172,20668597750000,-1.14031936052929
2008 Q4,"Port. Equity",-125606023623.539,20668597750000,-0.607714297519478
2009 Q1,"FDI",299041050015.431,20660232500000,1.4474234499318
2009 Q1,"Other Inv",-713398828378.527,20660232500000,-3.45300484095969
2009 Q1,"Port. Debt",428163279261.507,20660232500000,2.07240300544298
2009 Q1,"Port. Equity",9420959626.74207,20660232500000,0.0455994850335884
2009 Q2,"FDI",252924575777.467,20660232500000,1.22420972647557
2009 Q2,"Other Inv",-689932891826.753,20660232500000,-3.33942462567521
2009 Q2,"Port. Debt",452673270015.389,20660232500000,2.19103666919232
2009 Q2,"Port. Equity",216960490973.261,20660232500000,1.05013576673574
2009 Q3,"FDI",343848100491.987,20660232500000,1.66429927878105
2009 Q3,"Other Inv",-130638309788.29,20660232500000,-0.632317713696058
2009 Q3,"Port. Debt",343859191303.653,20660232500000,1.66435296071161
2009 Q3,"Port. Equity",317957368075.085,20660232500000,1.53898252633452
2009 Q4,"FDI",425047108804.847,20660232500000,2.05732006551643
2009 Q4,"Other Inv",-480351562875.358,20660232500000,-2.32500560134237
2009 Q4,"Port. Debt",281668182363.259,20660232500000,1.36333500778977
2009 Q4,"Port. Equity",244138840610.032,20660232500000,1.18168486540523
2010 Q1,"FDI",287587746487.727,2.1979722e+13,1.30842303868869
2010 Q1,"Other Inv",536500080877.034,2.1979722e+13,2.44088656297397
2010 Q1,"Port. Debt",550514113650.656,2.1979722e+13,2.50464548027794
2010 Q1,"Port. Equity",151920851158.33,2.1979722e+13,0.691186408810494
2010 Q2,"FDI",371762791199.21,2.1979722e+13,1.69138986925863
2010 Q2,"Other Inv",581246000614.473,2.1979722e+13,2.64446475080291
2010 Q2,"Port. Debt",190681472474.32,2.1979722e+13,0.867533595167036
2010 Q2,"Port. Equity",114864098564.456,2.1979722e+13,0.522591225514392
2010 Q3,"FDI",467726333128.175,2.1979722e+13,2.12799021356218
2010 Q3,"Other Inv",671426996974.687,2.1979722e+13,3.0547565477611
2010 Q3,"Port. Debt",630849172159.589,2.1979722e+13,2.87014172499356
2010 Q3,"Port. Equity",153240522344.281,2.1979722e+13,0.697190448288112
2010 Q4,"FDI",546619567599.567,2.1979722e+13,2.48692666631347
2010 Q4,"Other Inv",1087308122.06967,2.1979722e+13,0.004946869310129
2010 Q4,"Port. Debt",99235406238.7365,2.1979722e+13,0.451486175479092
2010 Q4,"Port. Equity",289142178941.2,2.1979722e+13,1.31549515931639
2011 Q1,"FDI",666822584069.281,2.327768e+13,2.86464365894402
2011 Q1,"Other Inv",831001363544.934,2.327768e+13,3.56994925415649
2011 Q1,"Port. Debt",552588201853.765,2.327768e+13,2.37389723483511
2011 Q1,"Port. Equity",156040758441.963,2.327768e+13,0.670344976140077
2011 Q2,"FDI",492949947891.546,2.327768e+13,2.11769363566965
2011 Q2,"Other Inv",160341067740.62,2.327768e+13,0.688818936168125
2011 Q2,"Port. Debt",490719156216.19,2.327768e+13,2.10811024215553
2011 Q2,"Port. Equity",177689226863.732,2.327768e+13,0.763345947120727
2011 Q3,"FDI",503342053693.408,2.327768e+13,2.162337714469
2011 Q3,"Other Inv",1276406160701.63,2.327768e+13,5.48339078766281
2011 Q3,"Port. Debt",45610078884.1988,2.327768e+13,0.19593910941382
2011 Q3,"Port. Equity",-99458399131.0869,2.327768e+13,-0.427269380501351
2011 Q4,"FDI",710486819448.994,2.327768e+13,3.05222350100609
2011 Q4,"Other Inv",-612818391609.796,2.327768e+13,-2.63264376694669
2011 Q4,"Port. Debt",-236464537853.026,2.327768e+13,-1.01584237713134
2011 Q4,"Port. Equity",55390766606.291,2.327768e+13,0.237956560130954
2012 Q1,"FDI",673172969962.061,24467337500000,2.7513127244109
2012 Q1,"Other Inv",630573805386.78,24467337500000,2.5772064712263
2012 Q1,"Port. Debt",323212645854.541,24467337500000,1.32099639306705
2012 Q1,"Port. Equity",203985873635.927,24467337500000,0.833706869968696
2012 Q2,"FDI",499783474714.802,24467337500000,2.04265574345718
2012 Q2,"Other Inv",25146197248.1829,24467337500000,0.102774555049902
2012 Q2,"Port. Debt",88529516988.0523,24467337500000,0.361827342219203
2012 Q2,"Port. Equity",86214524810.0332,24467337500000,0.352365780747632
2012 Q3,"FDI",587783824604.477,24467337500000,2.40232033667119
2012 Q3,"Other Inv",-39101676914.1459,24467337500000,-0.159811736418586
2012 Q3,"Port. Debt",231083610738.609,24467337500000,0.944457527258978
2012 Q3,"Port. Equity",133251283937.316,24467337500000,0.544608844085776
2012 Q4,"FDI",451058803703.431,24467337500000,1.843514046853
2012 Q4,"Other Inv",-637467313205.828,24467337500000,-2.60538079881322
2012 Q4,"Port. Debt",525775285427.688,24467337500000,2.14888638957013
2012 Q4,"Port. Equity",341808224387.079,24467337500000,1.39699803620675
2013 Q1,"FDI",464568918029.918,25700689250000,1.80761268116542
2013 Q1,"Other Inv",360210576972.196,25700689250000,1.40155998723729
2013 Q1,"Port. Debt",429319486687.18,25700689250000,1.67045903909826
2013 Q1,"Port. Equity",184504443938.799,25700689250000,0.717896870951814
2013 Q2,"FDI",695793296793.891,25700689250000,2.70729430648982
2013 Q2,"Other Inv",17438527583.2447,25700689250000,0.0678523731936281
2013 Q2,"Port. Debt",199294786760.198,25700689250000,0.775445299624397
2013 Q2,"Port. Equity",174777001223.59,25700689250000,0.680047914370972
2013 Q3,"FDI",483595283937.178,25700689250000,1.88164324790308
2013 Q3,"Other Inv",-444161536671.047,25700689250000,-1.72820865755983
2013 Q3,"Port. Debt",242081570436.832,25700689250000,0.941926374355241
2013 Q3,"Port. Equity",230337157786.817,25700689250000,0.896229496206282
2013 Q4,"FDI",720260996667.161,25700689250000,2.8024968111202
2013 Q4,"Other Inv",-271113537923.312,25700689250000,-1.05488819885759
2013 Q4,"Port. Debt",459072207469.066,25700689250000,1.78622527591965
2013 Q4,"Port. Equity",184301045628.94,25700689250000,0.717105459064449
2014 Q1,"FDI",412162864617.101,27052733250000,1.52355350126073
2014 Q1,"Other Inv",648969955103.233,27052733250000,2.39890716071447
2014 Q1,"Port. Debt",459695104716.199,27052733250000,1.69925567397594
2014 Q1,"Port. Equity",260487618759.188,27052733250000,0.962888357165123
2014 Q2,"FDI",303718691912.85,27052733250000,1.122691334388
2014 Q2,"Other Inv",355321734069.882,27052733250000,1.31344116243738
2014 Q2,"Port. Debt",535756979761.37,27052733250000,1.98041719041964
2014 Q2,"Port. Equity",386916469491.774,27052733250000,1.43023060152997
2014 Q3,"FDI",574688008928.869,27052733250000,2.12432512315135
2014 Q3,"Other Inv",306014070359.882,27052733250000,1.13117616446346
2014 Q3,"Port. Debt",228580641523.224,27052733250000,0.844944721152065
2014 Q3,"Port. Equity",341572950866.561,27052733250000,1.26261900307822
2014 Q4,"FDI",430724027747.665,27052733250000,1.59216454680292
2014 Q4,"Other Inv",-379000730443.526,27052733250000,-1.40097019750685
2014 Q4,"Port. Debt",277756259154.91,27052733250000,1.02672161288882
2014 Q4,"Port. Equity",165509566989.495,27052733250000,0.611803493051834
2015 Q1,"FDI",906528184801.661,28211669500000,3.21330924708891
2015 Q1,"Other Inv",607351788722.446,28211669500000,2.15283887655938
2015 Q1,"Port. Debt",518886286269.308,28211669500000,1.839261183282
2015 Q1,"Port. Equity",395588387783.004,28211669500000,1.40221544769977
2015 Q2,"FDI",589530916596.088,28211669500000,2.08967043441398
2015 Q2,"Other Inv",-781412703536.47,28211669500000,-2.76982084855514
2015 Q2,"Port. Debt",305684206779.301,28211669500000,1.08353816770504
2015 Q2,"Port. Equity",272822796326.833,28211669500000,0.96705654490541
2015 Q3,"FDI",696210726803.514,28211669500000,2.46781115454197
2015 Q3,"Other Inv",247187909418.893,28211669500000,0.876190292172866
2015 Q3,"Port. Debt",-119218198701.158,28211669500000,-0.422584699218732
2015 Q3,"Port. Equity",-10450735924.9461,28211669500000,-0.0370440179903075
2015 Q4,"FDI",614563571237.714,28211669500000,2.17840199509538
2015 Q4,"Other Inv",-680262565844.457,28211669500000,-2.4112807852242
2015 Q4,"Port. Debt",142744958826.309,28211669500000,0.505978417286891
2015 Q4,"Port. Equity",24467044766.7027,28211669500000,0.0867266815482249
2016 Q1,"FDI",744176908262.07,29379365500000,2.53299176342685
2016 Q1,"Other Inv",603334478414.1,29379365500000,2.05359941627773
2016 Q1,"Port. Debt",130439968801.986,29379365500000,0.443984975788485
2016 Q1,"Port. Equity",-169743941581.236,29379365500000,-0.577765852639793
2016 Q2,"FDI",560945882864.359,29379365500000,1.90931925627992
2016 Q2,"Other Inv",880258919713.654,29379365500000,2.99618083894172
2016 Q2,"Port. Debt",131708204521.085,29379365500000,0.448301732456016
2016 Q2,"Port. Equity",129645924736.122,29379365500000,0.441282248713378
2016 Q3,"FDI",586158463516.031,29379365500000,1.9951365645253
2016 Q3,"Other Inv",68218025232.1105,29379365500000,0.232197067809754
2016 Q3,"Port. Debt",188822934772.583,29379365500000,0.642705965765607
2016 Q3,"Port. Equity",270084172132.186,29379365500000,0.919298860052599
2016 Q4,"FDI",423808282978.046,29379365500000,1.44253722218081
2016 Q4,"Other Inv",-333351537078.52,29379365500000,-1.13464512049629
2016 Q4,"Port. Debt",107030757844.275,29379365500000,0.364305886198513
2016 Q4,"Port. Equity",-66244579122.6632,29379365500000,-0.225479951643827
2017 Q1,"FDI",643235118449.598,3.1032604e+13,2.07277197379117
2017 Q1,"Other Inv",1028143381855.01,3.1032604e+13,3.31310702078049
2017 Q1,"Port. Debt",350593134469.105,3.1032604e+13,1.12975738184622
2017 Q1,"Port. Equity",316728527274.428,3.1032604e+13,1.02063148575746
2017 Q2,"FDI",718122985466.313,3.1032604e+13,2.31409193204126
2017 Q2,"Other Inv",121595280375.111,3.1032604e+13,0.391830735103991
2017 Q2,"Port. Debt",367034372763.4,3.1032604e+13,1.18273791256254
2017 Q2,"Port. Equity",329176466780.94,3.1032604e+13,1.06074394137514
2017 Q3,"FDI",252986380777.73,3.1032604e+13,0.815227690134317
2017 Q3,"Other Inv",385328796404.71,3.1032604e+13,1.24169017980157
2017 Q3,"Port. Debt",369438765811.798,3.1032604e+13,1.19048587031819
2017 Q3,"Port. Equity",323460366049.472,3.1032604e+13,1.04232427948835
2017 Q4,"FDI",228573376840.96,3.1032604e+13,0.736558803898506
2017 Q4,"Other Inv",-82702447211.5568,3.1032604e+13,-0.266501796663782
2017 Q4,"Port. Debt",209944193388.099,3.1032604e+13,0.676527800851322
2017 Q4,"Port. Equity",280530151682.983,3.1032604e+13,0.90398521401228
2018 Q1,"FDI",349896569666.192,33013614750000,1.05985537274797
2018 Q1,"Other Inv",1099542805906.05,33013614750000,3.33057380790466
2018 Q1,"Port. Debt",539973189031.91,33013614750000,1.63560759135566
2018 Q1,"Port. Equity",284904648200.934,33013614750000,0.862991376007785
2018 Q2,"FDI",145036573435.671,33013614750000,0.439323517082209
2018 Q2,"Other Inv",145442772716.002,33013614750000,0.440553916368707
2018 Q2,"Port. Debt",117274380028.618,33013614750000,0.355230352436998
2018 Q2,"Port. Equity",64285168378.366,33013614750000,0.194723203942295
2018 Q3,"FDI",135822708573.587,33013614750000,0.411414228954091
2018 Q3,"Other Inv",-5851991865.00745,33013614750000,-0.0177259955001064
2018 Q3,"Port. Debt",315809295279.288,33013614750000,0.956603200439565
2018 Q3,"Port. Equity",-76432737655.3895,33013614750000,-0.231518839224928
2018 Q4,"FDI",-270563309674.326,33013614750000,-0.819550696654102
2018 Q4,"Other Inv",342013456333.102,33013614750000,1.0359770019825
2018 Q4,"Port. Debt",-175460289031.263,33013614750000,-0.531478574400165
2018 Q4,"Port. Equity",93722076972.2934,33013614750000,0.28388917021664
2019 Q1,"FDI",345797685874.746,34968615500000,0.988880117014487
2019 Q1,"Other Inv",722320506071.882,34968615500000,2.06562512053668
2019 Q1,"Port. Debt",535311740039.034,34968615500000,1.53083481397493
2019 Q1,"Port. Equity",-149477062832.584,34968615500000,-0.427460626322435
2019 Q2,"FDI",314395556310.665,34968615500000,0.899079222369169
2019 Q2,"Other Inv",258163352261.867,34968615500000,0.738271586022235
2019 Q2,"Port. Debt",367283512432.292,34968615500000,1.0503232889855
2019 Q2,"Port. Equity",183362542014.256,34968615500000,0.524363173641392
2019 Q3,"FDI",357939568890.086,34968615500000,1.02360234676745
2019 Q3,"Other Inv",343471804562.749,34968615500000,0.982228777581283
2019 Q3,"Port. Debt",546764452280.115,34968615500000,1.56358621713266
2019 Q3,"Port. Equity",145845912720.146,34968615500000,0.417076600359389
2019 Q4,"FDI",61331731553.9688,34968615500000,0.175390791648496
2019 Q4,"Other Inv",-732004924752.867,34968615500000,-2.09331972194572
2019 Q4,"Port. Debt",103039008534.775,34968615500000,0.294661390110726
2019 Q4,"Port. Equity",178573263871.392,34968615500000,0.510667240661536
2020 Q1,"FDI",187228839103.151,34895511250000,0.536541326939724
2020 Q1,"Other Inv",3664144652970.35,34895511250000,10.5003323399377
2020 Q1,"Port. Debt",-30292396297.8339,34895511250000,-0.0868088622654409
2020 Q1,"Port. Equity",2817300359.51025,34895511250000,0.00807353226415404
2020 Q2,"FDI",45923651906.5675,34895511250000,0.13160332163515
2020 Q2,"Other Inv",-1359957058400.21,34895511250000,-3.89722634712857
2020 Q2,"Port. Debt",860966250489.026,34895511250000,2.46726934109334
2020 Q2,"Port. Equity",225854906996.55,34895511250000,0.647231975993904
2020 Q3,"FDI",292027689690.972,34895511250000,0.83686319308754
2020 Q3,"Other Inv",-29356685195.0529,34895511250000,-0.0841273967437657
2020 Q3,"Port. Debt",468931253190.932,34895511250000,1.34381539743434
2020 Q3,"Port. Equity",317029538816.061,34895511250000,0.908510944415697
2020 Q4,"FDI",251535167065.529,34895511250000,0.720823848269392
2020 Q4,"Other Inv",428404920459.677,34895511250000,1.22767916306049
2020 Q4,"Port. Debt",102185729115.326,34895511250000,0.292833448930558
2020 Q4,"Port. Equity",588416066766.329,34895511250000,1.68622279969126
2021 Q1,"FDI",606228969215.058,39044720250000,1.55265286915472
2021 Q1,"Other Inv",1005686182403.08,39044720250000,2.57572899988464
2021 Q1,"Port. Debt",649999980555.551,39044720250000,1.66475768399327
2021 Q1,"Port. Equity",387656422594.435,39044720250000,0.992852350105991
2021 Q2,"FDI",454823096632.655,39044720250000,1.16487733481111
2021 Q2,"Other Inv",364287015234.855,39044720250000,0.932999424512088
2021 Q2,"Port. Debt",379187630289.293,39044720250000,0.971162369358487
2021 Q2,"Port. Equity",406011971249.757,39044720250000,1.0398639525398
2021 Q3,"FDI",484411440282.722,39044720250000,1.24065798699818
2021 Q3,"Other Inv",1428367864777.1,39044720250000,3.65828684552325
2021 Q3,"Port. Debt",272246380862.729,39044720250000,0.697268104674739
2021 Q3,"Port. Equity",450342783094.949,39044720250000,1.15340250925463
2021 Q4,"FDI",345746813344.858,39044720250000,0.885514894539059
2021 Q4,"Other Inv",635715406559.932,39044720250000,1.6281725224038
2021 Q4,"Port. Debt",289685979735.91,39044720250000,0.741933807903029
2021 Q4,"Port. Equity",132716017814.617,39044720250000,0.339907718546445
2022 Q1,"FDI",695597379244.231,43307483750000,1.60618285573849
2022 Q1,"Other Inv",1797167552171.97,43307483750000,4.14978520236001
2022 Q1,"Port. Debt",552089441365.639,43307483750000,1.27481301973735
2022 Q1,"Port. Equity",-219525025450.091,43307483750000,-0.506898592209462
2022 Q2,"FDI",424840925061.048,43307483750000,0.980987321991543
2022 Q2,"Other Inv",588777238452.523,43307483750000,1.35952770161236
2022 Q2,"Port. Debt",77273808739.9122,43307483750000,0.178430613022887
2022 Q2,"Port. Equity",277987650109.221,43307483750000,0.64189286940325
2022 Q3,"FDI",506607069378.493,43307483750000,1.16979105113326
2022 Q3,"Other Inv",554619736775.084,43307483750000,1.28065564828639
2022 Q3,"Port. Debt",272507248423.697,43307483750000,0.629238239738869
2022 Q3,"Port. Equity",-68464773417.4837,43307483750000,-0.158089936170636
2022 Q4,"FDI",-111045278511.443,43307483750000,-0.256411291758419
2022 Q4,"Other Inv",-1296397070392.87,43307483750000,-2.99347123900467
2022 Q4,"Port. Debt",196514665108.961,43307483750000,0.453766065568196
2022 Q4,"Port. Equity",29113021191.1215,43307483750000,0.0672239961092671
2023 Q1,"FDI",367418361389.347,46393950500000,0.79195316938864
2023 Q1,"Other Inv",844759576246.987,46393950500000,1.82083993094528
2023 Q1,"Port. Debt",593557450543.516,46393950500000,1.27938544604757
2023 Q1,"Port. Equity",96750297569.2743,46393950500000,0.20854076129877
2023 Q2,"FDI",62125253661.915,46393950500000,0.133908091448076
2023 Q2,"Other Inv",-284472438462.832,46393950500000,-0.613167094841022
2023 Q2,"Port. Debt",809821413276.502,46393950500000,1.7455323475342
2023 Q2,"Port. Equity",136837201735.488,46393950500000,0.294946216609616
2023 Q3,"FDI",234379570939.682,46393950500000,0.505194251435178
2023 Q3,"Other Inv",764210739428.408,46393950500000,1.64722066388463
2023 Q3,"Port. Debt",380636461046.138,46393950500000,0.820444167707034
2023 Q3,"Port. Equity",-36571518625.3831,46393950500000,-0.0788282054691227
2023 Q4,"FDI",-347699096666.328,46393950500000,-0.749449212492322
2023 Q4,"Other Inv",-243956812238.417,46393950500000,-0.525837549096875
2023 Q4,"Port. Debt",495823606409.855,46393950500000,1.06872469592745
2023 Q4,"Port. Equity",92165237507.0852,46393950500000,0.198657877834924
2024 Q1,"FDI",414975505253.612,49031595250000,0.846343063360991
2024 Q1,"Other Inv",1148977880813.88,49031595250000,2.34334182878515
2024 Q1,"Port. Debt",969375781646.536,49031595250000,1.97704312230497
2024 Q1,"Port. Equity",132325971406.055,49031595250000,0.269878984624826
2024 Q2,"FDI",85013694062.1173,49031595250000,0.173385535650336
2024 Q2,"Other Inv",85724402831.812,49031595250000,0.174835027077386
2024 Q2,"Port. Debt",464852503791.101,49031595250000,0.948067264425994
2024 Q2,"Port. Equity",173357734119.74,49031595250000,0.353563316134897
2024 Q3,"FDI",340981929748.547,49031595250000,0.695433073327442
2024 Q3,"Other Inv",598944631934.281,49031595250000,1.22154832793102
2024 Q3,"Port. Debt",771824016834.48,49031595250000,1.57413605023279
2024 Q3,"Port. Equity",329168675384.572,49031595250000,0.67133992623781
2024 Q4,"FDI",328960094656.285,49031595250000,0.6709145255809
2024 Q4,"Other Inv",-487729316756.009,49031595250000,-0.994724553156384
2024 Q4,"Port. Debt",360767089270.108,49031595250000,0.735784930983064
2024 Q4,"Port. Equity",209056977366.851,49031595250000,0.426371967505688
NA,"FDI",0,NA,NA
NA,"Other Inv",0,NA,NA
NA,"Port. Debt",0,NA,NA
NA,"Port. Equity",0,NA,NA
