"quarter","Africa-ME Liability FDI","Africa-ME Liability Other Inv","Africa-ME Liability Port. Debt","Africa-ME Liability Port. Equity","Asia-Pacific Liability FDI","Asia-Pacific Liability Other Inv","Asia-Pacific Liability Port. Debt","Asia-Pacific Liability Port. Equity","CE Europe Liability FDI","CE Europe Liability Other Inv","CE Europe Liability Port. Debt","CE Europe Liability Port. Equity","Em. Asia Liability FDI","Em. Asia Liability Other Inv","Em. Asia Liability Port. Debt","Em. Asia Liability Port. Equity","Latin America Liability FDI","Latin America Liability Other Inv","Latin America Liability Port. Debt","Latin America Liability Port. Equity","North America Liability FDI","North America Liability Other Inv","North America Liability Port. Debt","North America Liability Port. Equity","W Europe Liability FDI","W Europe Liability Other Inv","W Europe Liability Port. Debt","W Europe Liability Port. Equity"
1990 Q1,22943325.8530097,-1298357929.98573,-92030268.8638335,678062352.451589,2264815482.30346,530724450.524209,4500534851.00607,647966454.668887,1.22e+08,177046889.580603,1.89e+08,5e+06,956101936.836526,1707509224.13278,-173136465.029819,145754219.440425,658400000,7097983494.96467,5.25e+08,4.52e+08,19663623880.0636,-35644600681.1951,2196920109.15076,-3081322432.11709,22358921508.4816,138197867989.643,-1140074547.19134,8818947518.76613
1990 Q2,-114041238.868715,833678091.521389,-8699002.5163108,-497840250.425663,2753934273.89524,146991028.09911,1299052733.24408,386427339.352315,2.75e+08,246735546.112931,1.5e+08,1.17e+08,812519405.375046,2969120703.88295,-304091446.926257,426655936.807697,1034700000,2791386394.62573,9.8e+07,7.5e+08,19311255882.4525,28261806610.6153,12567548875.1124,-4082706741.46518,23403404573.3659,54365567591.2288,27516302185.5053,3286207426.93546
1990 Q3,196774902.700456,-589807285.789827,-29043009.6791334,158640334.182922,1701212048.82584,6565070902.55042,1111352697.95077,453858776.928984,1.74e+08,1300529729.79809,2.17e+08,-1.8e+07,717409629.065531,2166895275.2363,-51446142.8857116,-2232160.73279049,1096800000,2415580110.39762,2.07e+08,6.37e+08,22082954025.4433,48979270974.952,17081611778.7869,-3099729936.30692,25151345518.9329,114789717787.328,39857407124.3635,1146858371.555
1990 Q4,-30399401.8044578,1081987323.38754,-73948485.4267984,31993034.8717071,2783415054.52573,2310321130.549,-933769154.90314,131280287.32876,1.44e+08,1004288926.08356,3.6e+07,-1.5e+07,1050518771.7319,3210505706.81904,-42110338.0247701,-130482598.248524,2696300000,3342127047.84866,-4.8e+07,2.59e+08,18573874153.475,37056974429.2257,23590014746.7054,-7198181561.21134,25828663659.5412,84503536777.6832,45341707971.9194,1177105796.22438
1991 Q1,222360224.41478,139403462.952215,477288237.57013,-20015322.1125943,1429152972.23527,712217269.08776,5772292953.86557,-268640308.289464,379764925.763314,-211267150.43032,3e+06,4.3e+07,1077451744.13123,4573627381.84439,-44968500.8534688,59021157.3701778,2518700000,2089927739.68475,3730600000,407900000,7917601135.12811,167689164.0259,8651754867.5916,1573547407.58046,18330618899.531,78440733209.7342,38634282818.436,637089260.10664
1991 Q2,-22949209.4979317,75271989.6266679,205753176.415676,168479670.796789,-2224281966.91371,2332993657.73098,1519812684.53803,2370406260.20925,401100873.832238,110150941.900881,2.01e+08,3.7e+07,672596947.72204,3037904853.48274,-5e+06,12435453.1967943,1987700000,783641449.903463,1.973e+09,3009800000,14856446280.9917,-29817519142.3063,24506025137.1971,7174500367.74466,18237002263.5965,-1860370976.59769,12904587313.2929,6409749265.09546
1991 Q3,341137613.969552,-546718495.031334,915188380.753205,-1095282418.82107,2959563339.97889,1840816555.25585,2771947429.73301,409679058.676361,853321595.963724,-13975173.1951535,6e+07,2.7e+07,719592246.917512,3505829495.51306,-78632132.754304,-65286460.1244391,2107900000,-2181059312.69925,1.991e+09,1777500000,15136267105.9487,23457295596.7751,16009835656.095,2356929978.62826,18332776263.5813,2259067100.97706,34097026855.0347,6812353730.9216
1991 Q4,59184992.85374,233429585.516913,681286231.538827,-482349595.045259,1902832181.14438,423417246.245757,3929772173.40852,453601614.075068,733853814.700527,1244339353.77728,3.03e+08,4e+07,1026345032.33018,2432046714.16905,-1845612.8986128,31218345.8382379,2564400000,6119443574.55445,1.0854e+10,1737800000,153905580.975182,33623297923.7509,26334670936.1849,-1540696538.6056,19639865048.7021,35922179165.7548,56370387237.5106,3895931988.72526
1992 Q1,52556445.861555,787607093.938079,1029414152.02913,-455821979.88793,1568449528.98742,2693574169.2332,1241012901.45257,194837652.391961,598106746.575255,673245780.84583,2.34e+08,1.11e+08,1011813268.43965,2686156083.69762,149775346.152173,90462266.5062824,2799969380.77004,5304360427.767,4644806000,2860495635.41727,5674068593.09058,13409127974.7982,21042357482.8253,-2840328111.81167,18548820671.0223,44930452876.3457,25186729940.2336,6224660731.70996
1992 Q2,275425186.77378,600669069.242592,636573079.965546,-165170597.851882,1190643128.98277,2794602940.5148,87614169.474559,617500193.118999,533841866.949125,1982849476.50137,8.8e+08,7.6e+07,1128581953.6383,3218562916.23549,188377823.585858,-124471918.279734,2250669380.77004,-3119795010.80905,4621167500,2367136248.47468,12400559686.3331,21366255142.559,34503621443.2113,-1531722565.95266,17731763265.2591,48225933281.3746,37192285518.1711,8205992604.07767
1992 Q3,123023912.49976,220811483.925583,327838297.708601,105833187.756123,2135904066.32048,1712671617.6338,3277926660.50964,-596698428.738875,770801393.217739,722081482.378186,6.48e+08,1.21e+08,752785578.63793,2914708274.18024,74289414.7984221,253495293.802829,3047469380.77004,753453770.329716,6340328500,1225608608.58746,13514637601.3398,32759516477.8412,7163743593.85086,-5315374309.05315,14707496306.3951,179152161138.195,31940384895.5715,7548977507.24312
1992 Q4,140852473.038973,813019610.717852,-185126775.740023,295297210.804199,1048509947.41608,1883412884.34098,1289074374.24202,3038771678.9378,649915387.185275,1080375959.6577,1.053e+09,4.2e+07,996841066.604075,1939258361.51339,-31393449.9715367,235825075.2567,3816069380.77004,-6337714882.03352,12568505500,1585730056.87843,5738974182.10173,7299164993.4839,34556496956.5582,4907593096.72038,18740353501.6942,-3929891541.58519,84708081695.112,3503755040.87437
1993 Q1,56856369.6279475,134690381.955709,1258695318.1826,18193008.0079226,2754985245.40594,2448368677.9279,-2191494514.61715,3120936230.19091,919953044.666329,1929838894.97521,2367405830.91884,123960097.058537,950268371.208627,1735854452.4501,252808374.78612,537459514.472484,2383211352.52457,4740481183.70366,6388398111.11111,2203162251.62747,12665821072.9249,-7909917012.92184,31554944821.7602,7046167920.55385,15245997600.6564,36823354294.5018,84050087387.8173,8004148967.96146
1993 Q2,99129655.197453,-687934358.564101,-259139227.815566,377495861.643299,1446931638.90003,-3265461511.89287,4442423020.77223,2450517768.9485,818932963.350087,3304110564.06481,1557531838.34781,1054848960.79148,974232952.558989,3202617340.91697,317310171.173016,543359240.982001,1960881352.52457,-22250052850.5398,31769657088.2353,2758194140.56674,16377111303.6938,28426975274.8363,19378933394.1249,3528155571.80185,18574833195.9764,38783125695.5745,91799694670.1047,18234289321.8124
1993 Q3,72165962.7466021,366156680.811255,890914378.926457,370810666.675887,837635668.735821,-20992021.9659129,2826609146.14425,4094797780.65759,678226065.076153,3138608631.37033,2215781627.3172,346845314.190955,880057620.451837,2450777498.83404,623044629.622594,1151128249.78366,2247631352.52457,563732888.33138,7158282500,6995728027.37565,23400606043.3878,52910683020.003,24629346586.3812,5620126050.4394,22070215224.4051,76423277068.0981,50872099313.7776,22921529855.962
1993 Q4,388038558.451528,1078303685.60813,-181573020.747199,412210554.962415,1105182588.54698,-673568840.73808,4414805508.84689,3950336141.80006,1940610391.07556,4827828378.52088,2369555150.65356,681600967.747637,1003482040.53673,1729994884.47443,1583178210.26426,2252047780.15721,3514181352.52457,2977693904.75109,9535327088.23529,11817268883.6003,1964921896.69053,37643220421.5669,46514443900.0814,14079784789.5397,14746387017.1074,91199249828.4063,84438668601.0944,19334072454.4338
1994 Q1,54617686.837398,123758434.041563,1714972278.69639,455056512.950279,1461735044.09999,-957417345.60285,3928416810.36414,4207972155.79244,655602123.826016,-1284784008.79231,1403496872.98185,1002680731.23224,764131985.777336,1787283402.57119,434445486.704225,-551984049.605,5104862969.56609,5601636343.73549,8371706171.11111,7747573503.93567,10558740726.9338,49520044432.4324,35910183038.2106,8888407082.94501,20536678872.0664,16495682265.4399,7123597883.93888,10610178617.7509
1994 Q2,195190996.631618,1294604906.00058,605142581.540827,-461502765.502022,1771962345.49117,6617201008.5641,-1226846044.7188,2895687498.73205,1123815193.07982,3795931770.51025,292432961.530253,346407514.086519,587415389.961326,1834136721.56423,2332977006.5433,14320324.87127,6014642969.56609,-37786757847.4546,43923894528.2353,2966442058.26276,7537358320.17637,41783500355.1593,24714848111.1411,-2029709008.3279,17093379750.5884,-16371377020.4574,-40783706080.8583,6483682370.09979
1994 Q3,320262293.530761,237673363.19274,1488299809.82884,-77743515.375865,1567834965.68948,3638694457.55611,3141765859.43773,2117228448.90861,1122782155.25107,-232863556.266458,549481410.223582,253949157.224592,918458086.668773,2427864563.9522,1582651540.62806,1155228922.05224,5074382969.56609,-2141413855.05069,6546219500,3828118152.30374,19763268164.6808,26072284540.3135,43642841527.857,1561099143.68252,18520633984.3583,56974525429.6987,10277417112.1478,8593269943.20871
1994 Q4,245939464.074629,-525807503.557526,1269137442.49607,640876333.601873,793551888.373779,3164612923.39288,5727410557.07404,2551261430.66399,1679437615.87024,5481771450.64698,653656431.227971,277649266.407958,1205435362.5445,2361104784.13043,686332611.45658,889172176.503298,4774172969.56609,4241695290.60189,-918643836.13445,2307216917.68978,27621661889.8656,16680462266.6158,46455947905.6681,-2811649373.9435,21375196561.2982,99063383545.8386,36223558627.8162,-210382397.900437
1995 Q1,991023388.200453,1931276291.72057,-779992176.761368,1786547774.03023,3665604768.6552,8641679645.55167,4180876342.40876,-347062632.181872,1017220226.18668,5377830857.81811,-1095746953.76875,231844748.367055,3217273310.039,11896584254.6421,296828392.341333,851115471.356905,4779816981.80542,7328006046.8698,-4148239488.88889,-1289780377.38086,14521291111.3258,47426376217.2651,53417379853.3566,-4766242110.05056,26153859340.565,166734678403.423,6611012737.34872,-8634900416.39272
1995 Q2,732803669.36525,1683067743.67542,-109217411.081344,839632885.665158,1821388458.97265,5196190041.84608,7637680817.51472,1107337267.26909,1393859132.34989,7610756546.21045,1347220440.41034,86340321.8520944,4716965660.32823,39400404729.2871,998914657.539117,1067512709.70245,6126797430.18713,9087187963.38702,-272622891.42857,1542679651.65328,17282375863.2448,45324496516.8498,61908153564.7948,4584282237.71879,15804256082.3358,6178652386.23221,65434828860.9832,16932994788.9827
1995 Q3,330047460.136019,1163692481.2284,1100424277.48675,503415039.075885,3088020186.42587,3589623668.08691,5548032156.48714,6047614796.56574,3183867931.09217,8391425688.50753,1361690513.13041,598165635.165832,4382257888.141,564895157.21223,2196585626.80877,821757571.64577,6110770507.50824,16377731026.1992,5395924635.48522,3123357900.18254,24223450769.9244,18938216409.541,76082710675.3338,4047695021.77222,27864586507.0367,80939781427.8672,48179521387.6234,13170873832.4138
1995 Q4,544850415.032581,1589080482.35316,548938645.239509,774803932.478181,7180961741.43861,3986668645.67247,5648260257.309,118956808.560005,6048071303.33038,11004851589.6538,1253130298.5212,497220439.331761,6068289252.1608,10902138458.2489,983098537.916119,1005941488.28142,6779508484.06388,11233791401.6756,6445249607.7745,1233941505.74874,26710475868.8421,51606065810.975,23859640357.1549,9580003688.31961,45458035735.3046,9823058346.9455,68265344158.0813,5028429201.01795
1996 Q1,403843059.903175,-945765935.944948,2139653998.40569,1231790854.82791,-28349607.418304,7529968198.13887,-25455765571.2211,26088815684.6902,2133669584.59268,5729937950.66357,940794075.219278,671408488.818353,4431618943.75078,1410017958.749,1718147425.16736,1015543398.10699,8530648058.03824,-5864535277.75352,6797512226.20524,3593627783.15512,29856226308.7015,-5584328619.98406,62649099112.7812,4903616974.93867,26672976823.6806,159182628700.172,30154283096.0504,12616986679.5053
1996 Q2,560012858.345758,943682820.623164,665175984.364498,984484274.88818,-623631612.168898,-8962305554.66739,47004812731.2125,23550760378.9627,1551478372.78036,9591755257.38072,3374855663.26337,1359749921.28876,4783420729.11477,14020815368.1906,1203514683.07383,479162384.105195,8618318518.10927,1470046707.10411,8848795636.89497,2756019860.10118,20404933136.0017,29569782721.3247,52402167352.4021,9562145975.98205,27716785373.5614,103766742294.321,30429107908.5572,24141036694.6954
1996 Q3,545133691.102286,-416670964.981513,1245702504.38267,1098974358.69915,4101522559.12465,8192447896.50187,7539059933.7976,1241413949.84992,2904671335.00883,5996917272.35144,645958624.111319,432357094.098282,4829875713.376,10533799627.023,1247292625.26835,219744604.915462,7936566833.76407,-5762042849.10793,14040153530.0299,1682457973.13802,22048612420.6383,32679579640.175,99860081777.0253,-2311316135.69168,26582239132.1011,77956239159.3478,56413551271.2133,3806499824.967
1996 Q4,704499664.404209,2995474430.73451,406348336.932425,443409204.091825,3858807510.51994,50461732886.345,25646142098.3449,6744994913.42272,3412632706.98575,9801944591.63132,704906940.166129,896214131.732794,5924929228.23604,11761018935.8262,1612440768.39024,1227610454.56407,12500675866.5524,8245780597.4158,9964024492.54464,2418551116.29098,34167905781.9523,87822388286.2906,115911069947.628,5004101559.8081,32829448710.1643,97738417310.3739,81002620427.8353,14409287023.041
1997 Q1,821247116.201016,1863168349.23811,2526014433.95871,1086940204.03956,1914822137.80449,37565040439.1662,-21526968328.1378,7881507096.25673,2704309116.78639,-5595850658.86252,5956366122.72204,121538725.171163,6036376440.6133,27949972722.7954,376535708.651878,787288968.09365,8653990253.77753,-6512375698.66469,8968733067.19782,4944287861.57504,30195002234.1474,64905388747.2605,89229438253.4879,7642470088.09867,45451299350.5563,270802748191.726,43229149163.6422,7814995364.68939
1997 Q2,1983126013.63267,953125224.257093,3317741520.51799,2021588771.42642,3750959391.42435,15543195533.965,36366797276.5195,23405804786.3929,3702784800.72748,12795837762.8723,8881507276.38201,663090951.873249,3961669831.49194,21054176024.4256,1550630100.01907,1126009734.22349,12323638099.1176,-2516479838.73656,9056888671.92988,6106416014.85948,30692275437.51,26181687596.9319,74000240633.2,22735482347.7087,32270611947.4774,111504729758.445,77163987104.9389,18391656190.7662
1997 Q3,822085954.83118,489397544.304741,2679634329.65228,2937377101.65066,4415763865.43942,1112335071.01965,13190306079.7906,9608024143.99572,4171143314.96766,13256187079.1892,3207146797.54083,1179827314.81866,10377676821.3858,24570195066.222,1166555815.66653,1893326710.59403,16806628495.9144,3033898711.95746,2974049586.68852,5552293178.71785,33450597710.1189,47789958529.0904,73195983512.986,29393807974.2069,23827714938.9859,101835420375.852,75797618927.1319,15412076986.1404
1997 Q4,1817884838.3683,1107349783.28592,-305344375.588599,1145225113.62832,3794558628.25709,38011322869.3967,39250707831.1737,-2420105289.7073,4557792042.30664,-16194783588.5064,29400611561.9031,1134168593.21846,3839335812.04503,33014163244.9743,-41566545.0670164,-4925701151.78096,15486915875.8995,6752980465.83662,-2226595104.63251,-2177657020.91959,42994525039.9142,155148464860.457,35334406405.9027,12722764797.3152,39613936171.7664,178384565077.071,42724021919.3366,4561406265.22113
1998 Q1,483914049.795465,-47968351.010012,3947133523.55942,2999140513.1054,2509290836.84702,-63303022089.2453,-44789870790.6078,18365459012.4104,3952337098.96185,2483591316.54428,5965139028.11621,931036179.922333,1799970537.56484,-61988716934.291,-104472055.14086,-3097963264.90744,10471787782.8266,13556512639.31,15173147253.8277,4970168948.97042,25186997728.3244,-8086254190.58551,45007481615.3316,31769484073.4065,75979630483.9464,255690061352.992,61230673664.6811,26721439234.0104
1998 Q2,398963256.23349,541349158.581538,1217761787.25598,3631124689.13085,3664634893.67534,-44337467195.7283,19587452114.0544,-7397796846.45158,3565131102.45789,9597738810.29536,6927813201.92989,433785670.921732,5848909052.63305,-6856860288.66565,2777410870.14017,-989852353.874636,13441432752.809,2458058633.87326,13953382241.4273,-480217597.176632,25827001515.7797,50956013542.3886,66501732747.4603,15642637718.5226,79476831957.7844,151699206038.728,73189656027.122,44902015396.9924
1998 Q3,794013069.046735,957965771.556987,-1739433619.0331,1683118216.58075,5104431546.84996,1438114362.53678,14866908768.4324,-1372776163.28804,3522568474.36298,5529913245.09104,-5877609059.23842,-832718804.729806,4101543862.96689,-7093600574.33984,-172837241.020978,8810417.613821,18275301583.056,-7313458098.13073,-3277864093.96586,-2915096003.49936,39262427090.8204,73548328887.322,-14312031770.3575,-5331481595.1585,49373430178.0599,119153402442.584,80685397876.263,7200406553.86728
1998 Q4,610848220.896122,2268754088.32467,-232482159.242054,794932652.107757,4820475575.27522,21230220955.0508,43871683472.2385,21439039118.0832,5551229291.99754,-2642487635.73143,1066576669.87118,1459129468.1953,1234638849.84409,18396653018.0034,41098668.309537,-2654856.42846102,15990433727.4224,3446263572.45848,5441697532.28824,-823038615.96734,145852781963.24,-55941509633.1361,55354433288.7355,9747291810.4544,74724519959.5312,-23957085081.0333,33039335474.1823,96740058916.1292
1999 Q1,1366284842.4097,2759554796.72659,1091806106.41864,1696254773.72071,2940006734.7306,-125181454744.184,-12316303170.2447,24120879525.6988,4021060699.82848,-951720.089386739,2878526339.1214,257116930.736909,10590759652.571,-10558276261.4985,-691975868.108829,-1409783411.58217,17353494582.1512,-5909168985.49685,-3774791297.09102,151968896.309989,38118191549.1467,39616408241.7655,19548248633.6508,10446117067.1242,80270377493.3432,311402843932.481,180068139063.178,-12140056043.8318
1999 Q2,1811786483.26725,384855135.673144,2637539527.14279,1800860226.47544,12223344889.659,-141591795290.424,11863546099.5163,35593305215.4241,3759129047.21832,-467268795.46246,819552255.187163,1339442031.86696,6422548286.69618,-14104452441.0139,-300397895.001301,1319990707.85741,30086854355.5264,-1088041879.40073,12005025792.4775,-7700562816.4957,156347239590.416,46122126768.8425,17212477830.7319,38115709133.1538,120254261383.746,110889403983.344,201378522906.845,124299172725.756
1999 Q3,1283000111.51471,-172270961.896406,616402249.973351,4663417384.81596,5847905185.56392,-39918489826.1715,35906146461.1312,21336743679.1641,4879910452.7878,2231865260.91289,-616043216.291295,266690262.886942,3449329740.62425,-4408020258.84544,-744223342.08662,-180666286.953979,17562328773.5593,-4588203357.26337,2380364354.22242,2183095008.09919,70949444053.4786,-2929895582.23383,84813006137.8529,26450110221.9478,79129868767.1235,-12780306199.6079,158481944540.532,24302666343.7918
1999 Q4,1192261017.21845,1724656719.02649,1572715769.54134,2159621331.20324,6706471212.58246,35918136157.8121,-3292986801.14934,46223842320.8542,6193655146.19672,4663458603.98769,3999702445.36068,-268472343.967654,6505194873.35035,-3883597318.76885,-327058115.543329,432691540.577717,13859040085.682,-4698095165.11557,7465875464.62949,1430870522.39935,74490169494.0574,80583061219.2038,38995117818.9883,47032170593.7743,159452862337.247,32642313775.9725,73908826673.989,69699926755.6429
2000 Q1,2108203034.45737,740284429.127236,1489169882.64565,3160895510.831,11395166963.0953,-48992638598.1034,18971869060.8647,13434349912.6502,5974936566.38939,591963603.943415,5806818133.22552,958071444.734944,4070458758.88476,2040691990.10261,-634232562.603342,537702223.688658,15285074093.5932,-5837903670.08921,9543850513.75012,649950836.334949,74566656234.9028,54638670473.6349,64495862664.4853,82040166463.8648,260197227480.224,475012615952.318,123378322378.183,46620153569.1329
2000 Q2,2304916491.19498,1602601322.24689,-1646341160.451,1432792335.2064,55071847.4526699,-444252365.560415,22904832755.7388,-7307427820.08951,5003992706.17814,2648134395.96581,1954835472.09598,-71270613.0057047,3801416901.52347,-1935878436.55359,-309352727.254833,-610212328.81882,14947704004.7195,-11711458732.3628,532033225.594995,2492866310.23712,118410309465.184,88370776732.2093,31771509491.485,41413881684.9249,159920022522.638,60930866889.5514,105694375521.449,89660186352.5929
2000 Q3,3107715466.94553,1813563696.36398,-297345160.82949,2416580289.03022,10569930815.1435,-19009678374.7031,25575075358.9217,-5096601462.46645,5181482526.17519,5427764236.6897,-9252724205.42087,995264660.982601,4768393890.83786,2637665598.33836,-1022501814.58124,61107266.249152,20721750209.9595,-5618838966.06277,855232330.498539,-2583579123.78153,86217517109.0775,55263306474.5742,50789010898.533,60096011514.7521,181661570583.337,182974342992.236,100452628355.227,59357680704.4697
2000 Q4,1495496363.36121,451761828.781229,-1288117231.10126,1185474086.23446,13562564846.8417,61820002314.9367,-2214107877.58988,9748910099.01501,10765160222.9121,9935198484.1579,-4194593314.83053,-377089102.538004,5460475512.52756,21028672411.4776,-376947170.038776,-109320182.949984,19573602189.9194,6490606698.64108,-5341133363.81573,-668491899.708592,138233868046.919,77585929256.7401,87990914405.8258,34283512846.3495,80469337650.2248,148903658989.453,107437293716.587,77413567751.9952
2001 Q1,689124266.493904,718004797.355404,-717894434.2857,461785002.62594,5891531819.24744,-4088767566.44774,215221910.35067,9025789928.25506,7309901888.95604,-406082532.999056,1808310146.66285,-650754736.435714,3429819022.39053,5586491030.64286,-470060342.017545,84145620.0744536,13607904240.0893,5136887694.48059,3530309801.47238,1105945279.16694,57758846008.6421,153022516234.727,83888873851.6437,44205492671.1687,98046660519.7056,676917500239.56,127639270568.161,-4443399015.21472
2001 Q2,7354954450.94608,-1507899859.71735,449971705.131018,-2919096447.84592,6427722170.34471,-49670810119.6571,8987092101.00097,33570991803.2094,5816518282.83325,1935654960.00347,591960032.879139,772115361.057614,4492060164.94859,-15306200671.4989,-669034549.206506,174356793.845819,13449777041.2856,979250023.360394,-1976682366.76948,2073965394.17899,81000591085.9572,45858200830.7731,67860962415.3413,35298765268.1886,81510077073.1935,-56675185569.5806,83908757379.922,70476797481.6382
2001 Q3,578151479.295599,936853937.57724,-957125468.45755,272808899.916575,3832600301.58496,-18518521375.3379,2166524970.69046,-4859323064.04187,4681030942.87205,-182644552.641744,-2025375783.65862,590227957.87061,4896142609.11191,-8948316369.00823,-474756064.223044,-36843925.0332159,23185975017.1574,7819811296.80863,319263605.878469,-615203221.87776,22295269975.1332,-49604598326.1777,53048942505.4209,11108721342.1728,60185357836.7465,-38945069947.3485,80444741032.2364,13560454002.3664
2001 Q4,419414789.741225,1564557519.07087,-1273027337.05308,611296440.72462,6272934055.49625,36808286003.9338,23275551782.5706,19056725423.1885,9520560797.66631,-5795702692.99188,-332179229.619374,381821832.81466,6777596350.97345,12765720437.7749,51170234.1700881,571954999.369372,13816223875.8698,-1284536698.41049,-5077651335.6266,-154161425.18599,39832391761.6057,41312581702.2931,127601946497.515,33562704568.5578,70550863956.1758,7234276938.64928,77171708686.3093,5361939224.83994
2002 Q1,1282459758.48986,-1210561478.62927,313464961.768414,428784095.868316,11163311422.3159,-18808701100.0743,-45787998204.4177,-26907116723.4463,4680780728.01949,1452284335.81946,3590387103.06667,527552494.878563,5817406281.82913,2878743686.30071,-842965030.54307,1034447219.48312,12666687313.5467,-3727579131.11973,-1381495150.31115,1525416726.62105,40896599924.9249,45498154019.8029,87810109812.166,21077520241.8764,62013638088.445,188494706295.057,73658632759.7603,36840411495.2051
2002 Q2,1033025491.58517,226670706.26172,1338379822.06839,582018127.292773,6563600606.15662,7601365162.85872,22015741817.964,24774338624.9088,9907365005.16342,-101820464.56062,1425077370.74891,-143661887.758344,2026415936.32333,-24214357727.2629,-280608976.509852,-470010167.968264,12350941032.0336,5996024718.57737,-7613994364.3125,1504408944.93037,34388028084.0527,62877904833.199,149684917742.791,13811234024.1288,94035207915.7218,38679806123.4695,174873715780.145,19024714991.2759
2002 Q3,762321033.870769,-450308215.305323,-24780326.287158,-699875446.287849,10253118063.6506,41294539375.7435,32644369906.5607,-33910457658.0332,9323143890.6204,939001101.418173,2252200186.47183,-103277760.831961,1089862187.63261,4887510448.73778,613096823.020801,66865229.2683211,7934738855.62337,-1057069775.57029,-2741992091.15,-1143106526.58962,24053982043.1903,31324920886.7133,114455101973.234,4549275997.67769,98426890563.6655,1261760686.29496,128347116348.315,501345000.379416
2002 Q4,-15501695.193531,-903306321.060625,-507580445.757912,629072158.601157,6557322568.99584,10857721844.4384,10731061128.0868,20965322721.2197,7035240548.50651,8695013382.70466,2617877658.43466,1433090886.35733,3785172630.78269,8745011014.88837,-1158370262.77934,728940279.000013,12809852012.7897,-2164542160.98393,-1465870590.69,-421609905.202066,36202815324.714,72141318345.2945,112240413651.859,13712366265.0796,202593181402.739,128466864901.212,106147058896.935,9631252351.33059
2003 Q1,1037971552.14481,-1055407207.38147,-994001077.230566,157659346.315999,6872542344.57197,7976084877.3114,10984990213.2462,-14716109061.238,9254790143.76998,5655773984.80451,4077733442.599,129629033.932255,9932577645.57224,-2184880896.52442,53383937.84787,-303894538.817362,8115193564.78256,8948774326.64968,3271649884.41491,8308850.3736695,52126029715.8299,116204052434.744,106680801763.34,-2911743897.45255,113533524758.241,383282837101.015,198804370870.016,22840810400.4605
2003 Q2,866607296.693909,1129403806.8887,3034935112.81465,8257250.16488802,6366352600.32824,42710741757.3555,-3296166674.83279,42666655789.309,8446968421.5205,8445498906.72957,-2683138074.72532,236974568.322065,226415399.45613,7101821358.78131,1132147425.60196,-95400100.5442303,8961936063.905,2416460283.77251,-913501527.623778,858609101.385559,6435492462.53736,15594977439.217,177087539600.586,21898076030.2993,69684553393.5683,280224558865.585,260677797560.852,36066284444.026
2003 Q3,560485711.076163,-42125005.6167154,389224017.074814,338701415.412267,8218205429.05588,-17223455435.0303,-3926717624.20515,35992102881.1938,6337736797.43599,15444077896.447,2884218107.5135,244956644.794836,6702303060.48808,-12534551136.3177,-1466467757.01959,1424018886.41677,6811172839.28397,-3964478592.04474,-2998602439.06589,-10145916.0770417,10142681412.3293,53995264760.062,76639354829.3986,-851595424.03616,95488420053.9251,-32573753765.6303,133934713246.018,57223277263.0029
2003 Q4,1640071532.34326,1893662615.72399,-832309177.6486,72703865.493587,-54260020.18363,9117937386.13305,36048477934.2414,51415780142.4945,5138795050.88729,23238602166.4801,4637203810.85314,1439078881.56207,8074523981.43392,3373266325.688,301276825.840333,3231693347.18668,13094171765.0548,241256275.931045,27562421.0771109,2339345012.45503,55413589118.3498,70999034527.563,159897995050.615,25794397312.9061,112926341553.139,165704563527.518,138254286859.649,71789485060.158
2004 Q1,1908891706.22217,2525679372.26331,398666173.602679,2798098097.65611,7550877596.98942,28509938410.3624,38457488753.4999,35511540230.4024,17897208593.9675,2125002501.48232,10750078749.2676,2817046188.32592,10327281093.3151,27697436842.0964,2370378868.72455,3414056860.87066,16332682970.4956,-3627288463.64059,4021448862.86893,-1772238224.54383,50464558418.7891,205719319840.375,214754959896.183,8522529422.86904,44829421722.3,745036939647.621,338282750002.431,43513979699.4023
2004 Q2,-9685881.00516897,-702752087.731674,1280547297.16034,3736045665.93167,12573200325.29,35534215664.1036,37572839036.5233,33044719307.8894,11635613124.2594,18120844218.9005,7637649914.57484,350986976.379508,10235054665.3491,2122937766.90799,563258494.926037,31260529.7684393,8213664846.28464,-472182979.129495,-8738115400.33968,-138867826.687699,40424334929.0801,88934014938.0692,220462649493.047,22474332031.4409,109231972600.812,123806673688.479,230330836434.636,12897333233.1616
2004 Q3,1033834897.38828,-56532954.0735171,225789089.227924,492251134.253273,6051052123.10127,-13932136554.9748,64951174334.5206,655927467.093544,10340627927.2771,11357073052.8528,5330037756.78498,30361484.9441557,6097416073.00689,1501552985.26324,1919815080.26198,1402722065.39439,16652096164.3438,1846357185.42564,1668146239.10727,-80819897.7198362,60930968822.8349,70643591982.2564,165031110734.74,5151484193.50138,109442054317.126,250912120824.027,162541509303.552,62599991440.6004
2004 Q4,715281285.024495,792058633.207627,1240322701.15955,3574737955.09816,39874710248.6468,14698522312.6342,41095802882.1598,14048943649.5589,20435365452.6796,22137705233.4818,11013224045.5849,2574145394.51817,9873884661.24534,13237628350.7313,1862540633.79956,3023119236.72586,16300834681.1676,-528992823.136625,-979210191.302759,1609568601.71084,63273554374.5138,150374040409.547,221286644571.882,52782315186.7362,193849451396.721,297164848145.703,124074206274.966,124297643836.066
2005 Q1,2040416581.35413,5438476193.08771,340670112.846869,2903144686.34462,12140907542.8754,-43149241180.7578,5943883224.44596,14666189597.5805,18104450451.8092,16766729555.8462,11305345562.3671,4292529976.63529,26497817225.1691,1717763611.50047,2183514718.52611,2561895622.83351,12776110548.3219,3881534737.3491,5803550087.04385,2972083742.85651,44740704890.2436,23242626772.8296,166102253582.824,23539519671.403,248341766264.98,885377866419.856,460236914436.553,118547184311.467
2005 Q2,2478939291.95021,142987647.990629,1383818688.44595,1944939098.18587,-31457890203.4817,28348866501.2507,63915058016.134,24424127181.2188,37001369335.8099,20389762355.1597,14048601711.7618,2129835808.48198,40543299563.2765,30806503031.6358,2587553573.66288,6496362906.58314,17991541168.7375,-13415088617.0534,-545053382.683834,466153983.467225,15155965686.4079,161665573296.924,150811077255.216,10128468606.9513,172570075049.051,510372288143.183,506819311268.034,64583995833.4326
2005 Q3,4532577381.0256,1567408734.42478,-1384676130.0877,2451435232.90569,13050124234.7391,64704147261.6439,6564287399.7171,20402737222.1785,20662153600.209,11910095901.134,-473654097.007457,3264676468.78616,34681165904.3796,26656573198.6237,1397155936.66341,6723907943.36007,13102005715.0485,-6434171748.61719,-2527539859.07822,4129985645.50959,55024192533.1861,188171997432.178,180767144328.499,37892902342.8085,304945514654.708,424104202777.387,165232363246.234,223305051292.569
2005 Q4,2288564923.85057,-1533717620.96885,-1644247497.42294,2185506189.53087,2183201297.37654,12575744726.5409,42428098050.1249,84674826807.2087,21746749123.9486,48971307697.5502,3077983438.35215,-3153904691.93417,42172364878.9219,29924184284.2027,95930180.7587,9672377961.31154,20027072298.7631,-9459945249.01777,-184403145.178017,3856165062.1784,52975363831.0905,-41218142023.5423,248764111343.586,25267950205.2699,310302577013.579,265728113601.555,299136972795.789,162519522833.135
2006 Q1,4909460291.45282,3572888919.1506,2563080659.51237,12478252780.5206,10199434459.8403,-5016272143.45428,38943802714.2178,12990913829.098,29077831624.0541,25784982299.3866,13427642171.8853,4027393794.43495,39565793029.1562,-5115883814.79186,6031821149.78436,5560997119.19975,19184558281.2746,-6773614454.62671,6363838214.55695,5692609539.19201,96429915336.4625,267626346710.398,183282623327.916,71189219640.6916,290609996872.028,1229017124003.44,425969545750.556,192611832865.289
2006 Q2,2654768682.20928,5771123510.90124,-169780025.727695,3351648839.67269,-4040695732.68127,-32082102582.7802,98277834285.8614,28442369349.51,37123531486.5503,35704478478.695,-6735108375.49806,-1791769677.17388,37405565767.0113,29176864861.9359,484582835.278206,12827478277.1229,13710759297.5956,14571787341.4744,-7880213460.24202,1614841721.43792,96346551614.8449,106322676589.028,245124573601.1,31107515771.6304,339252737506.317,350661099030.197,271839731421.016,24329776719.8446
2006 Q3,2117051084.3212,1421521108.98485,1627971337.96457,1909403882.25655,16068296710.7543,53520861668.3133,14412179621.1821,-28467883120.2066,29174692902.2319,-8757808681.78893,7828681613.22363,9473229914.84479,32534773707.1812,9491216248.06837,1128959088.12535,7038715768.47579,13731361473.0783,2485737058.44616,-2343804974.70191,-475834364.084851,83819508776.8314,173938725844.078,271228588876.493,34483733834.8826,322086269776.699,508566790601.394,278557358134.011,145568373552.2
2006 Q4,5337511686.36022,1516255310.42962,5108301919.26781,1189678300.66252,18001701168.9484,-44692642320.5533,85512232848.7594,64157387153.6634,42630746917.5929,56226221917.0387,14195489850.003,-2169554057.49431,75288348003.4899,20059430546.0409,159239036.93588,27096998358.1135,14316707667.7953,4082596606.82581,11029029392.2821,4238066835.95124,86169327368.7279,183000015701.805,299598101461.444,18205411611.5628,253542902307.961,458437317370.937,411998602582.733,161005069024.968
2007 Q1,3738081399.91729,361642611.099406,-228750992.659991,5425462918.45679,21540756095.2314,64073954283.1573,58245882912.2115,2135540693.98433,51573938625.3678,48708191295.2189,8157104732.88258,-1154493268.82041,45676815644.8773,44102487370.9116,4542882820.22733,7871677106.93963,31586895833.804,13653770587.9286,12249388408.2059,675492718.583383,130125847597.158,328297293770.494,340939025955.236,42051357021.7493,390862498275.648,1572412631338.21,517635361682.978,176097320304.532
2007 Q2,2612830624.64125,3565042393.97628,4158356989.71742,2771314723.79746,18889653699.726,18210054092.9971,15652946016.1408,70200050726.3294,59983288349.0977,93591503604.4494,1810986835.95984,10247647663.5111,58236509959.0606,59165833551.27,9422043047.09155,13248780064.5757,26868352587.9384,26782534142.0844,20565197609.2593,5536789488.56551,107873353895.684,282992919666.144,288228276557.481,103940977644.144,335787115502.823,896496176111.656,600791904900.278,139585510779.7
2007 Q3,4125859287.05441,5416632833.02064,-224132457.78612,3723129455.90994,36772018575.1721,63429194411.4858,99007965417.5303,-60792372517.856,37804690219.1052,67998488189.7135,-6063647257.79205,-1168460972.99193,56676810100.9434,69143054216.2884,232353513.530501,-83884614.1142902,22136830804.669,5827318586.42344,4671171294.18579,8871938507.42883,144172134238.563,109142853931.69,52696667716.9509,12373946020.7175,459694231546.656,680593956250.285,188352281407.702,45968169920.3972
2007 Q4,4908120941.49675,2018100776.53592,-605591471.233031,369994574.020644,2032058178.00736,-16605099406.0706,98504623476.2588,19913257540.4595,80725820852.6299,91027365323.4743,-2092327251.70279,11534513559.0967,67540365669.2994,92137728968.5734,4112156302.38108,7562010357.34435,23713362772.0571,12487738559.3333,5006866127.73586,13617909146.2077,84893149130.6,25539918333.0996,213464497263.023,75186081673.0008,653505339850.701,814565332498.887,187224023479.715,21279567676.6351
2008 Q1,8422207471.21793,4136371191.16913,-1576654290.18793,-524580573.24377,25943968798.968,154560093535.55,62669387100.4791,-77810977760.1502,60189802531.3878,61539241853.8903,-1374809549.73706,-2628554217.04328,65270365138.8857,90387920379.7486,13076340774.302,481459895.315326,32320038287.3029,15872275080.2312,12982738146.3097,-2914754465.03657,127948626024.788,147111232458.193,175566369942.775,73059097854.6738,360458404377.301,1255223393540.03,244986322996.943,53331008133.9681
2008 Q2,4465905924.7192,-735374020.406413,1463163551.40187,1426780931.14979,13097159346.976,-114545161019.585,62068615244.8384,52336268210.0249,49318362318.976,110331364169.026,7569878818.63667,6196058305.2327,44162942656.4673,1411869213.5523,775852197.03272,-4617475584.75325,27044139107.9793,18162829304.0427,2415060415.39651,9632674969.313,98815015282.5002,-323290828501.299,209535079090.925,43905440061.2501,204638589520.091,-564471315451.446,505532183825.29,27520819809.5758
2008 Q3,5216577146.12011,2653340397.75156,-175322108.68472,-1887506352.3219,16994288020.4573,96557585112.0982,3157674980.28118,-48867630788.4473,73158719007.1347,60278154120.9005,-975294493.861037,-5957010748.68315,48722903960.6426,26119985559.8547,-11027816203.3067,-3356649196.79895,32042160415.9099,19368133439.37,11913968497.7836,-7640270538.79634,109867330276.709,-16231235807.8838,17353780175.9661,6187685955.62681,266445833099.854,136484575777.236,135455206356.971,-144177780440.512
2008 Q4,2054510751.38635,-1894165908.5002,-3397318002.6528,-1568672810.14034,27538992961.3111,-35937848799.0971,-145490937864.542,-8797491120.51339,50383053406.327,-20781305023.2091,-24191838965.1946,-13441215070.3278,52455029425.557,-137698599598.615,-8367904111.77909,-3878227733.64755,32171409986.7724,-26101359307.9481,-16575029050.7723,-8794216848.512,74580642748.5126,-203630419479.007,30749889323.5995,6760329778.2017,227711656364.681,-1684513751385.31,-68414883021.8304,-95886529818.5998
2009 Q1,2177722305.98553,-2444451266.43535,-682297486.222951,2365101446.50817,9366422012.54628,-57068293994.1462,2222416623.41466,-27063919799.158,29623072977.7665,-18924527190.749,-10482962991.878,-2368640912.90334,37172494354.008,-20509040109.9556,355721839.62185,-23555494.3260093,21739172048.2842,-1113246375.87688,-2806511408.75885,1298810333.78291,11178721069.8203,-207246118236.703,98185140718.2558,17190169244.5306,187783445247.02,-406093151204.661,341371771967.074,18022994808.3078
2009 Q2,4068366131.38911,-2577709838.7942,1081692628.3079,3394484021.97234,9143696946.47402,18700178457.809,36090727552.9068,28027692356.3634,738113567.078298,7149710029.34247,12988569163.5179,4147404470.26492,30888732846.9908,8917573258.48465,-518806618.850861,14388441698.5985,19740683434.4625,10543307038.5282,-208865242.94774,3300244421.8963,55727960696.4703,-157838727969.576,49709664975.0844,55516886314.3553,132617022154.602,-574827222802.548,353530287557.37,108185337689.81
2009 Q3,3769971091.9616,5339382994.09,1376360446.08144,3268854842.42863,14882743065.806,10285768545.4356,4498903406.13073,27596416843.7786,29039558359.2831,17687734433.3533,17656437597.2111,2696714150.48347,42321026650.6204,1404271605.85744,9558453001.14311,11690588101.9135,15883790052.4287,19369659757.3879,14815841172.0908,16346702271.3145,79970564911.5377,232520731625.636,-8437280902.33228,99364892955.0175,157980446360.35,-417245858750.05,304390476583.328,156993198910.149
2009 Q4,2215330444.54566,1275220186.20712,3574950006.88479,2457133639.08867,16736097473.2823,-69673293787.2701,34200845123.0262,44043180581.7946,16222230966.4008,-2187382291.06513,10389077876.3508,4286486476.45,55686274194.4344,34978704151.9739,8013333511.48693,12948117837.9571,20917956059.2435,637543906.46311,13295325724.7763,20474254714.5426,35156843732.4848,-51640350257.9516,74226557029.696,70584628197.3015,278112375934.456,-393742004783.715,137968093091.038,89345039162.8974
2010 Q1,2536680390.95823,-2755496047.67412,6523294576.90485,2309012361.28818,15046052566.7318,13221626539.9756,11126777952.3838,13611723936.2261,27809799265.4482,-4043291452.21504,22999440624.8866,1310102823.59554,71690781515.2577,57707381382.8829,12279877155.2604,2782312543.29327,33382096183.2688,11429672203.8088,16866690084.784,5455942664.84211,58043910731.5373,103385182106.409,142670129253.163,64702007550.3876,79078425834.5253,357555006143.847,338047904003.274,61749749278.6973
2010 Q2,91616977.441151,1480816003.90795,5590913895.36843,-190136161.7849,10710495283.8822,38053669446.753,86291998427.2576,14493078887.2147,11371449745.3197,16926894188.1564,16943165403.9007,2049661471.73898,80704666952.7365,77843725187.766,4619668342.50493,-771412947.630122,29031057559.3408,16278479306.1699,16871101418.6641,5717028404.5334,47218370557.6749,-6626537896.3824,130876908376.067,42283081571.4168,192635134122.814,437288954378.102,-70512283389.4429,51282797338.9676
2010 Q3,3240243677.28834,3305713886.622,6098961099.61853,558893321.440094,9543510082.88599,99539493847.7221,100421384151.591,-13204603287.8369,19703852573.8024,21512429440.7406,19995148894.1114,1704351784.23696,83018000050.8865,71744651752.9422,13112550172.3413,20144722927.5883,36499659282.1813,20986435444.9116,27281617052.9202,10023548196.6737,105431933143.883,118880282437.732,317261589967.314,43515435390.6703,210289134317.247,335457990164.017,146677920821.693,90498174011.5083
2010 Q4,4809430669.79366,2536915125.19201,372324082.84833,2526279772.90981,17479326936.0632,-60829739653.3261,5695985239.00064,61879935401.6816,13465565316.6771,30417173478.3747,5839794484.29186,426820328.690898,104802952560.143,60748911983.5897,5956228611.77959,19321199671.2013,49309516116.0955,14634850206.1687,23141400368.6177,20037615971.3491,83059529892.3791,91951253871.871,156958109767.397,46245040596.4857,273693246108.416,-138372056889.8,-98728436315.1991,138705287198.881
2011 Q1,2645157238.72281,-165166636.815503,7993444999.82255,132957365.41742,4296799327.3312,74970224075.6493,99159291463.1608,11487122886.4793,40887067228.8177,9544655709.63385,28291455648.1634,3900822926.82734,98570662523.5461,92618644268.1543,13643290865.3972,-539181935.679468,49120669108.0148,16115418761.125,25187745277.9759,397210591.774933,88434784850.0772,377889328340.203,130811821216.208,48700406847.3427,382867443792.771,260028259026.984,247501152383.037,91961419759.8012
2011 Q2,3396127325.36089,5409592696.58725,4824934373.79097,1789684948.16827,22472261451.4564,-66649149321.9259,87853109649.517,29045672626.0287,13160992666.5677,34269812052.1428,22823037748.373,-506514286.135207,96574511232.1498,108037843775.813,18778734056.3068,10319230239.8797,40120793720.522,24032846043.2524,15988624724.4207,3784012465.45899,93659567683.4776,-50477035115.4919,91336012307.4075,36743452755.2313,223565693812.012,105717157610.243,249114703356.374,96513688115.1004
2011 Q3,1207179616.59199,186059566.92602,1466004970.86492,-2315147502.83561,21192778348.8971,78087688389.8183,150988734404.696,-44647626668.6238,15878047664.9741,5781378038.29951,1125307804.47196,-6745055981.35197,83227078973.5509,130499876555.467,-1942230581.2956,-2895650694.29655,41743357084.9316,11884104872.4615,18838362750.3372,1967667429.42212,70966241908.9838,91673537064.9977,89500619547.9796,23308851354.4845,269127370095.479,958293516213.658,-214366720012.856,-68131437067.8856
2011 Q4,5543824942.01168,796223140.5352,-1981719678.23979,-277260187.57877,27917121317.1689,-9558582180.14467,30756494975.5632,5786000040.09229,54376284241.2912,6620264654.44889,5529499329.0194,-3854874266.42252,89054524252.2972,-76714697429.6646,408732619.514029,-704778521.42513,51431912818.9804,11419775535.6953,14617095280.0034,1184020172.30557,48774735984.8894,-9383354995.344,-22056015178.9468,35922474373.9719,433388415892.355,-535998020335.322,-263738625199.939,17335184995.3477
2012 Q1,3723541540.85515,-1832235780.46616,2526958749.1398,1989603662.06843,12624750894.4537,105187262826.131,8109075050.59648,11016882359.0076,23194831013.5266,-4742920672.28997,20834024199.6777,5898583738.64029,78486844293.3003,28979221631.239,18766992052.0929,7127917338.54587,51283064474.2404,-9504400172.07434,29994615057.9693,9450746179.41896,62524699887.9118,-114577808244.401,203965998997.08,63440246528.8404,441335237857.773,627064685798.642,39014981747.9847,105061893829.405
2012 Q2,3072916695.16747,1742934590.27629,-254669798.30944,3207616635.74564,7798813080.00578,978579195.943087,69479925206.3833,13179702713.5143,14237058854.9029,22916887139.6863,15542876019.3474,-3770759826.83974,79582126645.4534,48056106560.9628,10769167717.8969,2564200994.47234,36767314934.429,12989773428.6039,12303770483.4828,2551389092.11635,106392011780.339,-239721473424.335,6750028695.7765,30949892526.3008,251933232724.505,178183389757.045,-26061581336.5251,37532482674.7235
2012 Q3,5164068081.88625,-1299936964.44995,4144051626.07771,1371224896.79821,21633395580.7611,44295107588.7291,68764560799.903,-14160426919.7693,25855803283.4341,-13352735490.2094,23446786324.5116,7032905277.11139,75060502308.9366,-72711329502.5046,21465658497.9384,12768654644.9712,41593272758.7083,-6372291249.80633,33650488483.809,2337121973.6694,55372603884.1145,67982383451.3228,216501938446.682,38430531150.5061,363104178706.636,-57642874747.2275,-136889873440.313,85471272914.0286
2012 Q4,1682802804.4912,6001602914.35306,5255283342.15403,880626601.5887,29404072810.2327,50597338846.7423,-610036425.737322,56243904803.1139,40095608481.5679,9008307364.60559,29011435826.379,3066224016.80332,106515188030.865,8039770886.19,18804318840.1368,15270971190.9518,47645895646.0587,5846193988.04777,22976396051.6367,5999656198.12505,75424669551.834,-37876540421.2196,183211219462.251,107196558943.009,150290566378.382,-679083986784.547,267126668330.868,153150282633.486
2013 Q1,4110171496.22931,2541843900.02585,3584195565.81465,1910492259.42155,13491368575.9817,12540046815.1676,8378525445.18349,34383511913.9108,56015536483.264,51185726954.2875,22435132536.4131,1489530675.67701,89057523975.648,91831087807.8361,14721199662.1555,12524261647.803,41709989057.4021,10693050428.7781,22902370556.7164,10025415170.3917,59070114327.7462,63826469801.9567,186910493733.605,-29567023034.8757,201114214113.647,127592351264.144,170387569187.292,153738255306.471
2013 Q2,6888420728.56854,385484440.01237,-2436840812.70639,4619551384.83971,20568223165.2357,-37064509270.3078,21847280490.408,67726853389.0571,9603485760.23851,19142943253.0254,18425040780.0822,1851074677.49766,89672638473.0719,28617389092.8787,8936001274.39547,4874179886.11478,60010517536.2885,-5811345992.4584,19769970468.376,-5387559248.10831,121306449334.769,149007833419.073,24163472283.6389,-24077859190.0624,387743561795.719,-136839267358.979,108589862276.003,125170760324.251
2013 Q3,7032514631.56492,-1136679440.97493,3216561794.04025,2549297873.44315,19293936146.0005,110384765273.629,4128641057.22369,11427591621.0824,21095254302.917,-9100615619.58078,6326231090.96165,-2061654550.07398,91360554674.1637,80102381497.7294,10974988308.1024,-581434401.776686,31354428655.6053,-1958561830.72047,38414194287.5116,8997691630.49884,96097271733.8333,-116219510749.274,148155823789.607,79707705117.9566,217361323793.094,-506233315801.856,30865130109.3853,130297960495.687
2013 Q4,2043611959.25805,2670371422.39326,847110685.550495,915559422.622364,24464692817.1652,78902716493.8577,61098137120.1791,79664853368.9363,12946849377.8553,9853345148.53114,14250128087.5646,-3873509495.67396,135732357780.859,136849551727.211,12488430595.9244,14465479794.8376,45900790203.7267,14874668194.0696,22971969206.1985,3222689032.67548,78685031381.9199,161434680872.648,260352206883.961,-70815524137.076,420487663146.378,-675698871782.022,87064224889.6877,160721497642.618
2014 Q1,4718481842.36741,1661744659.54364,1616884355.93891,3511070482.57558,17145438019.4148,47898124201.5003,21467104802.1065,-21112938448.7504,35534962393.201,-4875333023.76568,4630842303.88696,-5003965629.46174,90609627262.371,59915229161.4699,18749873551.2752,6373041622.64785,45880485272.8544,5646383542.23088,30877878300.9331,1179614410.38568,-51657102018.2569,141932181989.386,147852236295.741,110791476207.148,269930971845.149,396791624572.868,234500285106.318,164749320114.643
2014 Q2,4244023515.79983,-1419926058.11231,3089668064.51083,3586009035.79963,19859162741.8536,93525839763.844,58318835613.4234,21201024095.7792,21285512419.9855,9325475119.3725,16020304918.7811,2243866646.85724,79187596412.2411,81152555005.0153,16675052389.9456,11883953840.0656,34851950490.2013,16637834531.4996,34000741643.0554,16966562382.1535,95167805779.5155,119559150521.723,107251384804.118,24041872569.3106,49122640553.2529,36540805186.5404,300400992327.535,306993180921.808
2014 Q3,2285052644.77326,4325519618.10026,4059159840.42637,4268240201.01993,25095125022.944,51917613792.0093,42679485499.9578,26766642890.8352,18606722898.4923,-4885447998.12359,-2694983399.27364,-1789657471.60996,91863344214.4468,8297912039.89375,20121102366.964,13289796022.3476,42602215202.6315,14152250643.8943,24978748649.07,3295038462.2289,131674621914.658,10025095479.8923,181685246434.239,82101663612.3435,262560927030.923,222181126784.215,-42248117868.1595,213641227149.396
2014 Q4,593001017.15947,2227770330.46482,1454149352.2044,1572485931.47819,33382203590.0567,-7656294118.35826,77620282993.703,25857331687.4401,13858349583.4375,-22530835960.1537,6948457719.12672,-1907972117.82513,115774477186.337,-22959546429.6093,3864419122.99523,17878521303.7128,44250617177.0855,23265661197.4682,14324132035.7822,-859638449.183836,140845280109.718,-82951136166.8524,168121236637.409,-39441615319.0709,82020099083.8717,-268396349296.485,5423581293.68916,162410453952.944
2015 Q1,3691483004.59366,1828014623.97138,856480425.11258,2486378453.40261,16426242295.6343,67084100818.9116,69000266752.4498,10973594631.3977,21402173356.8617,-17700809004.6946,-6684701761.33682,-2917047141.41735,92745009857.9211,-89177734894.808,18766653806.8695,5002097527.49907,33117769121.8437,9358408318.33746,27705068048.3355,5610965714.77932,252680117049.811,82993848930.5512,106384493736.692,38244247906.0956,486465390114.996,552965959930.177,302858025261.186,336188150691.247
2015 Q2,3643341471.39875,-3941522026.45415,431343700.594253,2514167239.0144,13644907440.0707,-22973798997.6002,4806027451.53069,44214728645.533,3670795850.15898,5467780498.04564,-7722038173.64423,3012953539.22305,95780033704.3756,-45166258908.8051,6115223256.82093,12375887471.7375,33826165055.1796,2790204436.45977,17909871784.1005,9033844794.74402,142650151540.559,-167575972691.033,286092400195.004,-19154881577.3734,296315521534.345,-550013135847.083,-1948621435.10501,220826096213.955
2015 Q3,3496544154.42106,-1611477234.02287,243370916.283682,717702891.78049,12226590238.1855,89048422405.493,59942199346.2205,-40939472230.3766,16105867974.22,3770427109.78976,-5004237359.48692,-2131647188.99504,65700882499.2388,-50782303852.2769,-16095646402.9451,-12857297089.4887,43555295230.9417,10064151274.2029,-5564920751.80932,618337086.430356,99074601313.8912,52578144762.3845,-100201227307.774,-38020977556.8627,456050945392.615,144120544953.323,-52537737141.6465,82162618162.566
2015 Q4,2025971314.89185,3675445504.30107,-1833516269.06517,7301864342.43233,13878014209.9317,-30247566703.2215,89010943323.2177,11481808077.8226,10767717744.3276,-26617364113.5677,3103903771.54053,991138704.875027,96650257765.424,-167247334672.443,-1735463595.42761,-4545864618.77308,36468724757.0072,-8224089285.75836,-6801113325.8116,-979880108.982438,77015338332.8126,-117488672284.318,183845754055.922,-158958523739.724,377757547113.319,-334112984289.449,-122845549134.067,169176502109.052
2016 Q1,3379555793.82089,-1078182301.10648,2985283746.9695,717296204.896008,24758760376.2097,131511287340.853,-16941207880.3012,-50936874974.4955,9049689449.52856,12442884208.7486,-6616742627.35604,2112548288.37905,61134961564.6249,-61951978443.3312,-13540499001.9953,6883625470.21955,44296725196.0276,2619695113.4469,8243633808.52209,5099972597.8041,146019437516.32,30292309888.9299,79797225249.7383,-100474466742.598,455537778365.539,489498462606.559,76512275506.4082,-33146042425.4414
2016 Q2,2441881408.64705,-300297808.0264,1412646546.83025,362330179.69363,29283478194.9089,81929539415.1368,15345204300.0061,8814015241.55205,21185854291.8834,9850146574.52451,17079022055.5338,722261247.247416,68831858592.7729,28229025798.6378,33139399389.3528,-363825610.431732,33099820098.7362,10173479832.847,4465840046.19069,5091025260.01205,189669485494.207,205452371429.449,76044236552.6599,-34645160164.885,216433504783.204,544924654471.086,-15778144369.4885,149665278582.934
2016 Q3,3561482257.1455,2215050848.54303,3087544393.58995,5051070182.51033,17258271701.5875,37480029414.6281,31863461700.0749,-2721487228.23685,20269131060.5408,-13837496864.9878,4269976555.01294,-3009911842.79428,44194117460.0485,42487615784.2551,16855608688.8152,19571687053.0041,26349834338.8713,-4536850279.79226,10292359654.8881,6169430089.96134,149543735650.202,-88333411537.8521,112484077539.671,127701392950.977,324981891047.635,92743087867.3163,9969906240.53025,117321990926.765
2016 Q4,4820387560.78197,1887271370.54005,-250376803.201,-931009689.641785,26736308448.7373,23940215347.0246,32065019614.0207,33303589274.2752,112522619660.454,-2163268577.50454,1105548412.50414,-3469073159.98441,87258316007.4455,46587624878.983,9278868511.99516,-2693153831.23481,41651139857.7843,-19363266390.6508,15706969682.0182,6154230548.58094,23357213499.8801,-99306367259.663,177090118414.345,-93417214579.1478,127462297942.962,-284933746447.249,-127965389987.407,-5191947685.51057
2017 Q1,3127415907.8166,3115686157.37424,4077493209.65658,-472130643.72796,19644228713.0385,-39489008071.7937,42946657891.7288,-4581189059.12635,23425619199.5837,26363062423.9153,26876889155.1495,-5349546702.50024,73363001853.3052,53888730826.968,7609290883.28424,11174454088.201,47308703803.558,-9609311938.75143,24313050026.1587,2072539278.7647,120816336019.579,160915664167.02,115566796546.648,86575043584.489,355549812952.717,832958558290.275,129202956756.479,227309356728.328
2017 Q2,2305836861.67446,-1327973593.15438,5014620667.99157,3723817723.76435,25197163340.5793,4968363933.36215,35627184638.7462,29631068235.47,15131683615.9143,-1528247728.03582,22094422412.9573,-201896986.390828,41937265322.1668,78119397532.6971,19899047921.8639,9634755335.10322,24208386321.2417,-1635521357.52326,9113241701.34818,2531485084.38753,96099305577.0854,97539934893.5191,257229268343.707,27041995610.5433,513243344427.651,-54540673305.7544,18056587076.7849,256815241778.062
2017 Q3,4078601962.08301,4772289789.71716,4896838027.23079,66553602.9629304,20136898917.5497,90415408528.8589,74963669075.3888,-16720460450.9266,31663713643.0306,-6448079514.97403,8963262563.44558,2781988459.70458,78407301970.034,49327658564.6919,57481725000.1464,11387758504.0411,34678057633.6641,6436420833.8677,16495770485.9244,7797208726.69518,113354060390.547,91041747637.7019,250789792461.387,83970814687.2565,-29332253739.1782,149783350564.847,-44152291801.725,234176502519.738
2017 Q4,9439225179.47827,-4948737530.0503,1255443270.41121,4267019580.0401,22326268212.3182,-68697756908.0785,57933924473.4927,33021814220.6991,4185726.10742044,10557526383.8173,5315251396.23106,114500488.192644,112517037330.534,19823374370.6387,35478876048.4985,6607913689.4012,30529917258.4796,6970183108.22004,15512155170.0015,7613822021.98014,75911099013.2855,89156798012.2767,115831644442.429,-5675536582.84849,-22154355879.2434,-135563834648.381,-21383101412.9651,234580618265.519
2018 Q1,4139698366.41372,844007913.107944,5491276727.90013,3726010566.31363,20255019962.3107,168012450698.186,13873522876.4176,-30528235779.7985,28008468026.9955,-2929107469.7323,12967875854.4749,-537534497.846558,118098775534.654,117116838849.398,33895585880.9484,11319974744.2992,49061514464.6488,19955763790.3985,31799860267.4916,73910071.0541185,60749649586.5404,57767834885.9358,158124340277.224,157796690507.378,69583443724.6284,738775017238.757,283820727147.454,143053832589.534
2018 Q2,5907196851.31558,2428465027.80053,1917577539.24076,-2387641280.27361,39386865979.5546,6868369114.79177,89893736908.2005,801049046.340198,13226677450.2054,1628607898.24554,-18595431094.8889,-1929592499.88327,88528204802.431,71972611143.627,38003083537.8522,13512857285.8427,27677014152.2574,8201510577.47242,6574482684.3293,-2703278008.45881,8576143596.0132,-114408160704.642,37561778723.7368,-37830601964.85,-38265529396.1061,168751369658.707,-38080848269.8531,94822375799.6488
2018 Q3,5855432595.37598,-2204750233.13028,3861891694.54732,1396839945.85625,20774748005.1949,125393485783.632,15129141653.9906,-9950035057.66302,21607114483.6227,-9727368617.95658,-4873547599.62369,-965226008.440823,71404562480.481,-1371420399.47129,31580941910.5987,14715462728.3559,34236947831.8481,11136103288.9091,-2752834563.25109,1675072423.84964,140883002969.001,-9685420475.0748,111767012395.124,-83424302329.8904,-158939099791.937,-119392621211.915,161096689787.902,119450642.542975
2018 Q4,11181634537.0468,7720222595.93696,-848416475.27988,-8169496908.13758,20258462290.3539,-87292614326.059,105304193174.316,-13696867126.0164,-60267693303.6802,-12974007658.1731,1730539788.58468,-503655402.098439,81793028288.7642,35619301184.6547,9379138074.29884,9280819127.64157,40731873476.4223,28740498389.4309,-7838248731.58942,-2382154784.3101,47109965897.0421,341807756065.532,-139325514045.075,139874404148.992,-411370580860.275,28392300081.7798,-143861980816.518,-30680972083.7778
2019 Q1,3693489194.3616,2321221573.90269,3744995837.09198,-2226035078.59767,24016406415.2735,111193074995.542,18772656708.1428,227985054.094896,50152296913.612,-13372080125.3079,15441614030.295,1431649770.87394,90773605598.0347,-26663161565.4261,22365622416.2364,21132933905.8918,36783478191.8835,7857430516.77161,18568778710.1001,3983729971.6186,103531197166.336,64827783815.0642,217387381701.113,-204608450838.533,36847212395.2444,576156236861.336,239030690636.055,30581124382.0676
2019 Q2,5148745410.49333,1027958159.19757,-1271651106.12452,240889077.873843,29861787185.3173,-18463686044.538,18958535853.5597,34454465909.2251,31837651547.5416,-2078780960.61203,10925407414.5199,-56422207.124885,73091969403.9992,41937398869.8113,44620883534.9319,-12570424585.5847,29459830695.3157,30660247820.6057,-4728302442.48703,-1885267668.49378,125745828796.165,104361601412.454,66383574835.0289,75415711496.7433,19249743271.8331,100718613004.948,232395064342.863,87763589991.6168
2019 Q3,5650346786.70931,-1663277856.16647,6775358212.85525,-3057175151.84359,15153819333.9575,77710389616.1264,20874942311.6105,-22500227108.008,41042932130.6423,-470720547.549384,167456673.954544,-3283560147.73848,63458636506.7996,17731862148.1348,34894548907.0755,8598795643.53614,38865184902.6161,3693889047.19209,-1115340807.38481,-247218296.923932,86238147683.9109,120212920317.051,191486789809.979,-67000363246.8519,107530501545.45,126256741837.961,293680697172.025,233335661027.976
2019 Q4,7986017051.92292,262056616.51648,4261115102.65226,-2416940273.02016,22223715580.9064,-47752272085.795,35714822620.3669,36933135835.0713,70298324809.6313,1828807780.74966,-6108475067.83377,-2090156608.04423,106065598924.015,-13019960668.1297,26772233099.7462,25733978009.4828,31712791061.2838,-4058389977.03622,-2588258487.63309,-1778643315.66335,49411127115.8335,160464650941.713,78176616028.1398,-96978230820.9097,-226365842989.624,-829729817360.886,-33189044760.6634,219170121044.475
2020 Q1,5935873786.56648,1932101165.06881,-771363213.04754,-1132033067.76439,11298734434.7256,582662906801.146,-34828668746.6743,-60269566510.5732,21850372023.9025,-10294324382.8475,-2421291382.95288,-5725614166.07828,78738370956.9742,234138503806.936,-10209225200.4613,-15709965148.0254,47442951163.457,14645397409.2591,66580899.1794586,-13245297100.6388,45539717841.7717,874364287031.066,-212613878293.307,265653710090.152,-23577181104.2466,1966695781139.72,230485449639.429,-166753933737.562
2020 Q2,11120994991.1531,-4401372395.5522,10199007017.2119,-6884187348.8555,52477429091.1228,-238806111583.715,44596405805.394,-16816546040.6353,149879033335.973,10041587488.632,8536841003.41315,-10770187943.3325,69719326606.7874,-69446713541.011,54296441625.1185,22771033542.823,15385952752.864,-15138047764.7254,3364144253.899,-3225943725.95515,-44896688057.4272,-441339321258.726,358705673490.681,10578710177.3445,-207762396813.905,-600867079345.116,381267737293.309,230202028335.161
2020 Q3,2531043047.71441,2875738976.83904,7378577459.42871,-2357932400.00369,14185984635.224,-40020418957.2078,98857879941.8158,-19300013419.8196,32754667895.3466,10831526030.644,1680351586.28053,-5338932448.68385,86067871018.077,6109665702.06146,73371125520.5585,14687537527.7439,17792628695.1771,-7728257621.16222,4378451462.8702,-963422067.070636,129074794739.392,-19883548219.471,52714017098.4538,128708947982.136,9620699660.04088,18458608893.2436,230550850121.524,201593353641.759
2020 Q4,4534340743.95929,2023236806.03671,3216489761.37098,-433976782.421201,15499434509.4779,-119729885276.716,145161465384.789,24350986174.3268,23160050025.6414,347837847.888668,20486917919.4499,-2088708597.55617,117337806163.49,26256602413.3676,66048375534.5382,40718407940.5501,15064214128.1558,-7449866392.67264,13184295638.1762,12102398385.0974,36471187355.5639,196011970785.997,169626365731.004,272844017532.03,39468134139.24,330945024275.776,-315538180854.002,240922942114.303
2021 Q1,7099281615.53856,-1322312576.65882,11214366049.4954,3684570486.10075,27069731999.3035,86228579771.2103,15855199453.3288,-7060069250.55717,45396223265.4737,26511768723.8409,-9117561792.42714,-5689009226.15742,147705835570.111,93970511046.8475,59146582988.9864,9862921115.90369,53935453931.8925,-1662502852.07495,3502992194.67253,3577917489.70938,74622655072.2208,135557125672.481,283743493311.658,122931216359.53,250399787760.517,666403012617.434,285654908349.837,260348875619.905
2021 Q2,8476592213.45862,896923533.95081,4571533627.49078,2298383518.42668,9992029951.53659,-89347666587.0061,51252605691.5265,12711523106.1141,26369350290.2126,29415666387.8769,-3030237794.93027,-155388225.436553,132000172213.723,81516312692.5061,14352944057.7537,26690278307.0417,20905146322.0428,10934530447.4845,14430903205.7233,5264475093.73932,140101928670.854,193127897335.656,155452785409.067,34443094971.596,116977876970.827,137743351424.387,142157096092.662,324759604478.276
2021 Q3,43779206462.9123,8884715246.15537,-189186529.813791,-22282964997.1644,22143101498.6891,188398644207.562,60045945461.2438,10935623528.9543,52155373324.2786,64375910889.7921,13344496610.3991,-1637286488.45184,125838762941.108,53396898601.3613,21583534401.8426,6380488343.51628,30385750119.3431,51907396864.5858,17761952702.3838,-4944718711.09998,176574832257.387,349710725713.668,114304279466.128,131462285581.232,33534413679.0041,711693573253.978,45395358750.5459,330429355837.963
2021 Q4,253608853.028693,1830852493.19677,3567725750.06244,-164004000.6398,33941562443.5291,-120409586630.525,153837856896.617,18643818832.9414,44762894153.0514,49630786738.7255,-4987004334.81497,-5572756456.07127,140902976128.94,15079986225.471,22873393536.1776,40709648181.2166,12881930919.1683,11191813301.8965,-869741236.223978,1921835737.61572,144695274111.423,309351894068.519,251258019294.131,-305616160427.902,-31691433264.2831,369039660362.649,-135994270170.039,382793635947.456
2022 Q1,5890532672.45527,9010729403.74909,975013211.528713,5395358931.24278,71130749218.564,289186280678.136,-36066312073.4265,23688984283.6685,15085208193.4947,60525525778.3565,-16801518162.7969,-7610292788.84997,159839597207.555,27430780570.7894,-35873233571.3682,2188559763.52112,58493335963.1606,26654923768.4611,2582018378.32201,9125093907.75029,151812131312.607,175554602446.474,430534273740.147,-107184002903.246,233345824676.395,1208804709526,206739199843.233,-145128726644.178
2022 Q2,7981476491.69303,492607251.48577,8028576678.49634,-129848745.030998,19800042964.926,76302403132.8129,59254311352.8207,-3349340411.94508,-13180272348.6362,32088721642.7123,-9922061488.24017,-4282499233.18032,84288094032.2993,22880423023.9603,-58761585378.6928,16906507347.4088,42427432774.9553,15604135955.9189,-10463121194.093,-2117734141.70174,88267192225.7326,46169463554.1384,101941763055.32,287368389117.324,195256958920.078,395239483891.495,-12804074285.6989,-16407823823.654
2022 Q3,6260302710.8081,-2078349493.00561,-1356454329.47798,-731839616.54689,43074023514.1147,-9979261477.67479,50581921389.3807,-19022943260.186,24114158597.9556,8769763875.92447,141587994.692487,-2561531850.59636,59672018523.9716,3410585565.69411,-47629613995.7681,6780588933.82468,45179309697.4011,19919020582.835,-4657967544.3619,-5913894931.5511,138204453708.326,190766188783.016,287127142288.59,-13445078884.158,190102802625.916,343811788938.294,-11699367379.3585,-33570073808.27
2022 Q4,11990178953.494,834786900.75249,-1908213955.84783,-2816555374.95011,17898893525.8222,-128041014642.366,-22804770500.8045,33400151545.0641,29689521722.8809,986431207.15339,7370351675.95427,-9505943765.32474,87701482990.48,-103555659670.457,-19132360389.4543,23846450404.0163,23349906204.1094,10704465293.5383,-336059955.386259,12736561417.6763,80928143529.3532,12670604783.8876,54174199918.2968,-173352317882.977,-362603405437.582,-1089996684265.38,179151518316.203,144804674847.617
2023 Q1,3493610652.86803,2155240470.39906,-3362265152.37503,4337484.81302583,18878680691.3856,114292227566.322,6270955610.90924,-13851948949.8289,44110848802.959,21772391752.4102,15904075549.9775,-1384783872.95298,69201114668.9882,-24517757515.0143,-40172303045.6751,25096442547.5399,59844468792.4566,3181843306.27734,2467278083.11208,-1796581637.17381,107164146344.555,124868539197.873,269505980870.539,75195108655.0106,64725491436.1345,603007091468.72,342943728627.028,13487723341.8664
2023 Q2,7335820375.4881,-3432932805.56612,-326449610.393685,-2164891528.7547,-323522334.852537,-9250226512.91225,44668913388.7881,59640680613.1468,1428575360.93679,11252999568.5585,17502589027.6988,718169606.28475,55302854818.0789,-34561431545.1286,3344166828.08193,5873156450.87191,36387861740.5548,6420370069.97776,1934030912.77147,-911762671.889477,98940358259.6127,-113369495775.361,384129524000.918,36147011975.1232,-136946694557.904,-141531721462.4,358568638728.638,37534837290.7054
2023 Q3,5938814800.26612,2853547145.91761,-3159959099.67114,-951605392.292412,24113228469.4837,258619827360.857,-77041316740.597,-35177619730.1344,29664095702.8507,16695718942.7621,10601807986.9107,-590568939.108094,24335177037.7977,29049177452.7534,-15511590166.3258,-11421176689.0582,40397282389.5913,4287592339.69571,1746856998.49942,-3271904603.5112,87647308455.3094,198147471647.03,256032623336.135,-2042602163.36377,22283664084.3832,254557404539.393,207968038731.188,16883958892.0851
2023 Q4,2809285677.76746,604370697.42932,-5031380818.32164,-1488196035.96425,32626366446.1959,-65282921898.4601,43141171620.4303,8242000097.53006,-72960293982.0165,24597374921.2732,11153067329.4651,1820887864.78147,70924977191.6565,-17612574014.7352,63072022841.1049,-13165706737.3726,20896630213.3529,3386541745.41987,8554181930.739,352670534.843265,97108429060.8946,319182136477.384,248514910207.998,-12091722897.154,-499104491274.178,-508831740166.728,126419633298.439,108495304680.421
2024 Q1,3258013124.20414,9099374750.94393,-3948957098.64087,262577771.05644,17772768014.0295,71194634546.0364,77091535563.2244,24563959080.3683,50840232248.1238,11389786316.373,31942465720.3192,1680140934.57541,65135757008.7894,50309205262.9686,35991374187.6304,-2866154584.25578,67797616635.3731,4782627802.48954,22970901605.1641,-4252554613.95586,59867367496.3904,22077337818.7622,343846284997.44,69301553623.6528,150303750726.702,980124914316.311,461482176671.399,43636449194.6132
2024 Q2,7193001365.41754,-4010175835.85757,-511590241.233297,-1172171669.17184,20356420736.2614,48239934022.8269,-26323817969.9201,36662182857.7007,-52468857920.4009,22124059311.1121,19998962575.206,-1821607991.87962,24183931069.7598,17216329972.5247,41158894839.4885,-726970757.68433,31387473695.7496,7994220422.01866,1768733338.05697,-6371112966.64678,150759232413.609,84001838182.4173,214599111459.829,-29916465432.3974,-96397507298.279,-89841803243.2301,214162209789.674,176703880079.82
2024 Q3,4830251573.50715,5798722097.82326,4470067039.91671,1017033736.67562,27342055242.6971,116815718642.314,-9935628359.77301,-51230593961.4618,25835769427.7913,-4550802750.94782,30458600758.0044,-2115728690.46065,34239148987.6075,-49016152984.552,31671868734.4916,15389465244.9216,34227310502.9504,9943920184.47856,9497998623.08177,-1962120920.6128,139749324437.325,75043427950.4869,399686767872.094,209648468204.731,74758069576.6684,444909798794.678,305974342166.664,158422151770.779
2024 Q4,3952042302.94946,2174213338.38044,829631385.08401,1650217370.20627,25305949848.1247,-10359939392.2548,34290489221.1328,7219712126.56402,5254963305.71772,30490411644.8186,13523018130.0444,653072959.825132,96473710372.688,10085162216.2551,-47745515624.065,-31485335931.465,25386951276.4575,-13368473321.0541,7241004533.6374,-9286081389.64421,99758603793.5152,61579419641.1977,197022680444.194,166673323797.528,72827873756.8322,-568330110883.352,155605781180.08,73632068433.8361
NA,0,0,0,0,0,0,0,0,0,0,0,0,0,0,0,0,0,0,0,0,0,0,0,0,0,0,0,0
