"quarter","Africa-ME Asset FDI","Africa-ME Asset Other Inv","Africa-ME Asset Port. Debt","Africa-ME Asset Port. Equity","Asia-Pacific Asset FDI","Asia-Pacific Asset Other Inv","Asia-Pacific Asset Port. Debt","Asia-Pacific Asset Port. Equity","CE Europe Asset FDI","CE Europe Asset Other Inv","CE Europe Asset Port. Debt","CE Europe Asset Port. Equity","Em. Asia Asset FDI","Em. Asia Asset Other Inv","Em. Asia Asset Port. Debt","Em. Asia Asset Port. Equity","Latin America Asset FDI","Latin America Asset Other Inv","Latin America Asset Port. Debt","Latin America Asset Port. Equity","North America Asset FDI","North America Asset Other Inv","North America Asset Port. Debt","North America Asset Port. Equity","W Europe Asset FDI","W Europe Asset Other Inv","W Europe Asset Port. Debt","W Europe Asset Port. Equity"
1990 Q1,148638421.120182,232907927.846639,56900000,568653259.385732,1593509957.4303,3350456863.72593,942249307.349145,-1652249980.09331,NA,-146888159.179827,NA,2.7e+07,54027575.2209986,18345328.8438854,NA,NA,101200000,921100000,7.141e+09,NA,15421696704.6398,-63169888493.472,8248398092.43397,253546189.466036,28149883521.9117,94517985878.9983,13789768853.5763,7176303926.04472
1990 Q2,27399202.9171124,-5507975.34919506,4e+07,-414052001.747857,119222513.842208,2499688.47033215,-573676807.03847,-212216917.315366,NA,-63917679.090905,NA,7e+06,20186453.3155804,28909471.383116,NA,NA,190200000,-1779200000,4e+07,NA,10803769199.3744,22870257828.4758,5636146358.35865,5759764714.43137,30924806798.6069,31737711720.6152,15396796361.192,-2756390346.47552
1990 Q3,68964476.821158,264180517.575675,84800000,145381434.53944,1258708835.53615,4440081492.25981,-12786233.377794,-276747916.41405,NA,1005429366.14782,NA,1.15e+08,10377589.3717453,-74444518.4742933,NA,NA,150400000,3277700000,6.4e+07,NA,31577647821.892,29238619476.3224,148039197.585103,1582075925.98373,32135523958.1463,110018720642.387,13774423547.2988,2826720456.32843
1990 Q4,-17627879.5975177,-226135732.476951,200200000,18160003.8168692,-1205163166.45468,-2163484111.42851,295318082.111804,1359607260.36823,1.5e+07,138004495.445792,NA,-1.5e+07,55585507.218474,190925864.693827,NA,NA,224300000,1160500000,4.17e+08,NA,8187271635.92337,26743520722.6164,7390372779.41277,1991989372.59996,40827619438.8271,65139106895.2857,27530282254.5588,5087823984.18545
1991 Q1,60579918.7463726,-824921280.711937,-15830121.8804411,101912013.929193,114692037.974453,861485966.109436,524153570.029346,1131017938.75206,9e+06,883696218.754122,NA,1.8e+07,6729441.14884656,-475019.375212698,NA,NA,106400000,1242700000,7.32e+08,NA,20398006621.0231,-18409676564.3957,3417905493.48715,8434913428.06703,29196148438.3036,47244271315.5049,29459624602.0877,11720932095.447
1991 Q2,20953746.7583344,647647581.580433,-19979623.8834263,180556544.175956,-2861199725.26696,1232863325.45319,-71318488.9167853,181509182.463389,1.3e+07,-189764976.452636,NA,2.4e+07,40191072.8711441,-213819626.283439,NA,NA,2.02e+08,1184400000,2.33e+08,NA,5098929144.96103,-15644157255.4498,3636809408.17046,12380073592.4519,26968587712.8106,-34744102080.8498,16169696068.0931,11816639103.4433
1991 Q3,162766495.105859,581654674.17808,27343884.7111374,88313154.9100935,818952667.995778,755859919.471483,666719917.125992,1256410652.43736,1e+06,878540495.31354,NA,1.1e+07,79496095.1545048,-270917397.73761,NA,NA,377600000,1.051e+09,1.4e+08,NA,25412229321.9421,-1042396133.23644,4547763265.09903,10120085563.9133,22232825344.7497,-15525780701.1175,21067773541.2431,16585200392.9334
1991 Q4,293137636.969985,437458122.915674,2168032.3963792,237644735.588375,2346699930.48187,1631040998.4476,869552077.442148,-8796742.0563776,7e+06,1281750805.24692,NA,3.8e+07,40682020.4885716,133512422.452841,NA,NA,455300000,-1520700000,7.759e+09,NA,4837379167.00329,15081802598.4327,4856949698.51424,8461278652.16402,28499384970.0472,31562582900.7842,20833836329.3497,2180510607.05897
1992 Q1,384423532.630228,84237756.353414,68116502.8394619,8665156.689244,950474889.118141,590104512.835187,214139174.993788,1593656616.39018,14200000,349301521.966755,109900000,8e+06,-4281540.186359,373947363.065483,NA,NA,472350300,1974088325,-405318400,7.6e+07,24812345576.3143,-24695784379.7397,1973817616.48527,10796912382.2049,20863905128.3069,3863464451.46668,48108012594.9067,7323186466.05585
1992 Q2,512853629.124404,817986179.619245,74239727.8815898,290589354.334031,632435298.816262,1359108051.59614,594384808.309175,288811628.08921,3.5e+07,692858887.543717,2.1e+07,1.7e+07,19203790.9184729,-606761410.203667,NA,NA,402576000,-6072715775,-1048354000,7.5e+07,17983813032.4681,1813192297.39992,6315917510.3292,5687309978.62956,21228651513.5313,18587496341.8353,30349170600.7781,7822338660.2629
1992 Q3,948809115.570348,-239424626.277007,249629459.18387,225625155.357177,989579465.654251,2284399050.12781,1433112535.72987,-416702974.138037,-1544506.94881169,1099117268.02165,167100000,3.7e+07,79559010.6214569,699984581.996653,NA,NA,403113000,938063225,-847834000,7.9e+07,14471551184.5889,2344351521.61631,3231394269.50963,10050895840.1772,23923704242.3945,140642631696.137,26263631277.2891,1558963995.04414
1992 Q4,672441211.020067,1072335812.51855,-68991415.6450409,433022114.787865,2638555006.8785,-240643313.648308,232540766.38912,-2264838.605304,19700000,536850530.95472,414900000,-1.2e+07,52072949.639111,-571502591.765402,NA,NA,424675000,155868825,-770041000,6.5e+07,7290552159.42521,-2261570638.1971,6463128798.08553,14451038997.0129,32366188262.0284,45473488650.0742,9863753986.25682,17426795350.4144
1993 Q1,-16626209.298752,-118751551.214848,185256784.537367,157964092.406987,221929213.683907,2695545503.52543,673259689.10208,131520505.243482,43416592.7945596,105972047.383589,166192493.22143,19277560.7463183,-56009556.0968474,-123087573.875062,NA,NA,506717000,4603122517.62295,-322465000,6.61e+08,21424148170.7664,-23175044387.0817,20339624048.0219,10472618845.034,24890816858.831,75280894910.1743,34009178439.6391,20107179133.3007
1993 Q2,277119629.119108,-25302182.543409,-30233823.9768037,-215523283.592927,1100517949.5263,881691250.205728,80604351.9482238,227932501.918204,50174262.1669539,476427990.291704,233229098.291243,982467648.948135,71575213.5675199,528348003.087886,NA,NA,371259000,706896517.62295,1564767000,4.15e+08,28373537635.8544,-12376001629.724,17181557645.4842,15891929557.8408,18042015943.8197,74769638710.574,31192164332.3309,15493471625.4723
1993 Q3,31783727.6810301,230661667.309602,305963596.660422,-24092719.3320843,1100651540.71434,1677226438.50191,292042621.188363,809790951.997518,152118015.231096,2773527647.19002,68705059.3421611,5393133.78516862,276410893.466191,1460218734.31971,NA,NA,274299000,1055101517.62295,-255435000,485300000,26259283325.0072,-7453619626.11514,31717504144.3929,21987187856.4563,19369580391.4105,91276870044.8346,16375233877.2974,10400358109.9546
1993 Q4,615037101.036274,-865523709.78787,418923867.6663,16835801.4994504,1566190362.30559,1221732426.41713,1324219930.15258,1415266441.12701,6675307.83214083,2547435910.64018,38683128.823772,139419694.862663,297107564.31026,1601005283.60672,39440.4277487921,NA,479995000,3486318947.13115,-231571000,498800000,11884045863.6319,3749326435.06779,17536054526.5304,24903919887.2797,32267899796.0104,125115753748.199,81142846433.8538,-9793436735.46645
1994 Q1,1038409289.87973,602819110.568184,984186014.280936,-105803024.882568,1240106821.28594,861255242.343539,1143996984.82979,1593164347.29892,214112330.378955,3536570586.22937,-391304787.35746,-1609423.80967608,217361496.312471,-567948399.745823,866135.08903425,NA,539711000,3588628433.23149,793306000,258035000,35957851630.9413,-5957815717.01886,629657781.919851,22783482199.4408,30042947398.2264,-43288299541.9632,8514670776.4769,23024988271.3631
1994 Q2,765543368.602702,182041073.789125,1604400566.37481,-71286244.946045,435746972.13407,5496976178.46947,-1726637660.30518,-143813615.615354,113212607.274197,1542220908.46663,259404294.645941,-25924202.739476,246638158.434613,291940360.954963,1984368.95700763,NA,611602000,3725547816.76851,2881817000,309017000,17695772528.1789,29543858680.9666,-821769818.57812,13861146335.0511,30522409464.1311,-57442398307.8839,-25497376236.4744,9461417385.3881
1994 Q3,-249946686.373746,711606942.633547,243774784.76376,-40882260.4864427,1133567384.5684,-373880158.52294,1410871291.48419,-530548392.356611,106909538.519188,8743044842.72918,372640959.66309,50179477.9913099,333377338.337089,798120105.430219,1760617.90027723,NA,877270000,2068464433.23149,578030000,293406000,25764532996.2465,1236448310.43935,6099316573.62865,8000275261.07563,28672609389.561,34636456235.4158,22977382243.7941,6436828622.46316
1994 Q4,448100572.968822,93265097.088475,-704305614.492121,-55664849.379221,1608495891.03155,3048329202.21682,-774955621.32858,162721316.500808,102677402.764104,8378736557.8004,-230100455.453384,85069769.6648284,304653235.334909,794115992.374955,79963.3463271529,NA,934161000,3548815816.76851,288657000,252951000,21192514827.3936,28690543369.8822,8683810792.36616,10541149386.9122,41687058039.9088,67121498390.1638,43441282797.8083,-2010225072.64053
1995 Q1,560121372.749912,-931397805.065923,-38097784.874025,17874555.9652101,984437316.155825,4823580684.03884,1685968993.88288,-696818432.460896,204139438.535411,131567221.362912,1700651500,223821713.751882,1888660285.71768,7642613422.42643,440857.746587194,NA,986209000,4120331696.41058,1371547000,144998000,28177178976.3012,34219316515.1864,5268073535.5062,5536908223.49977,36035773933.6072,121346486578.103,39759215290.3287,-6481861079.85252
1995 Q2,1039655560.35738,-487951423.119675,-8277236.49441757,5339137.02711464,2269340366.30481,2682570422.70605,607122839.468736,1028974952.99897,278225459.64205,-1093963029.55088,-32082791.8100098,283138393.278987,2139255724.28639,28926750121.8599,NA,NA,822388000,3900534624.09558,1197379000,50101000,21987305702.3686,74753578009.1302,14077590988.5602,13519955498.7502,44400271711.6828,53498826193.3915,5283272976.12501,5613904856.94461
1995 Q3,1093247340.07122,301666797.970411,23314318.1388311,92490434.5633122,1458228438.33777,5140743698.49961,510169163.206564,597345504.006479,228387180.549153,1539224811.56098,-42134739.0158583,-93988302.4422778,2351518555.10619,-4410825220.69671,120300.94894492,NA,1128254000,5056614038.7246,288694000,186718000,28653198935.1691,-19540630124.5735,17072570654.6903,26500621343.9262,34363452374.1925,68707844033.4094,29268299191.0871,14968349594.834
1995 Q4,621089738.172324,1962084731.78194,-54285089.7526772,254899322.099767,3202143148.28074,3752080957.03783,1532301373.3625,693056174.143861,201854845.198332,3967813718.81437,529390685.700868,-140331638.961253,2593645572.74534,6601292371.26978,119322.280399061,NA,698298000,4523990366.62602,1053154000,201620000,47070805575.5507,34810068051.2432,21225286144.7106,24521079227.2419,49557274406.1422,30908382511.7163,24139997281.175,14692515158.585
1996 Q1,550884678.920326,-1135358287.4808,59270463.073761,678137060.217795,10821030632.1727,-33732513469.3685,14977763343.2281,-3399842642.60323,262174508.032331,3701481194.62916,-211752836.473026,-20467149.9115095,2934843894.37117,-5596842344.17149,1227444.35278816,NA,514565569.83,-1161826467.23356,298383269.007627,310329000,29008820954.7199,11677740757.9429,13757010061.9578,32705898660.2264,56876091074.4197,104532727825.377,37247309293.1761,15269355997.6371
1996 Q2,540710002.394765,582324906.333768,151504656.660152,268116292.902996,8626402363.81188,15665803790.5848,20747218688.0424,9286891241.97281,395825123.159446,10176450218.2465,607400734.613297,-83175659.3656373,1767025498.95456,8287325702.78962,6917006.71581848,NA,1218570308.77,7828826717.59591,488514665.602519,233209000,20033467896.9198,32475568156.385,4595373276.42851,27305718480.1049,47923164421.8166,54004769455.7892,47060571267.0407,20888137484.9603
1996 Q3,498960681.192086,-1397887878.78788,-13110153.4828808,397399534.900361,9242964546.03128,-24929983035.104,33779742575.0872,1213987270.97728,347066461.354398,5960086316.27073,773332951.899043,283862881.167875,2179041533.11032,9497951086.55549,12081763.7941625,NA,933730640.14,5307459227.58611,609902136.85773,70854485.5038125,31762217230.69,41700198314.7911,22871279711.1327,14946620237.5592,32907345822.6316,69399239269.1599,66682823155.4992,-5204177522.0062
1996 Q4,272519113.509707,2247600101.6848,-11490493.7282393,194738696.997244,7671788868.11769,54545490613.6381,29578370774.1168,4344771294.53985,205303908.469052,13679294745.4917,591398124.125695,-86790252.6906501,4058007149.01917,7833605555.6456,NA,NA,1282361981.63,5622197554.86862,732217718.004386,70863073.463283,34504923279.658,107563170734.895,26907501767.8686,20408219789.2034,61304156397.0596,92771943551.6199,59429156777.5541,19240693034.143
1997 Q1,252816607.36573,-1176634532.20983,28858584.2261727,592693732.278996,6241691777.37444,24688538729.4652,13156309258.2291,-1505938204.23282,932457094.316532,-3495845143.82906,-707698400.3861,46349659.2814317,3066123396.09299,17137830111.8855,4330760.18868611,NA,1441877081.39211,-501080633.109648,835689031.339541,423301540.660362,38787921951.5841,113757808927.609,6255442989.00113,21278081755.9779,62440886000.1615,183676142761.478,76842744994.7744,31535161699.5263
1997 Q2,770828174.189791,-1373058448.61052,197611450.937815,1827155169.89388,9036088037.5251,26205603831.8697,39285171716.9472,13781547180.3811,991533310.439232,9145400329.79499,561036655.438636,-94143006.2881598,4220736356.04727,22389777453.4392,24478927.6666532,NA,1741710931.46811,8621128655.6688,-269290184.723828,533753766.41486,36434906038.2297,41977423242.0998,12722700976.0828,18882925468.384,51957636038.2347,84617060548.4785,79705112630.0833,44616148313.5466
1997 Q3,871387642.525239,2289205671.29513,153192403.438836,576512659.64334,11310649599.5565,27315150547.8795,10030187651.5413,1785836017.50386,1106918426.18842,11140253541.6165,913374047.624617,48287621.0550261,3480194116.89308,30831186171.1928,43227752.9439068,NA,1890941822.28778,61746579.1817497,-299249749.001545,586201640.109827,38092409679.3653,39339796597.2885,35021364553.4778,18675227305.6464,63183493211.0616,76276524376.0583,68676930597.1191,18482634035.2474
1997 Q4,1351271174.12006,1006337624.18671,355711006.656116,729023194.325587,7892204167.00112,132856549613.561,-31018821654.072,636844536.79259,1270346112.90084,12360100575.3943,997417842.760199,88417805.2239069,2473531613.88643,37667664998.8369,-1770709.51346477,NA,1968361008.74979,-2997229167.39387,31941139.0926719,539099677.407699,34793451997.2993,78720156078.8887,10358090497.6563,2226730363.42738,62101740717.773,163512149716.733,73582572818.445,-1385202342.63798
1998 Q1,351725579.516186,1674024195.74769,975034619.463663,1105212756.93147,9637518689.68525,-72376541706.9957,1042277652.0795,-5605963701.21357,642545553.238697,-516207932.933533,641111854.925503,51892695.9287763,1460811209.40966,-49465150959.6862,-44485560.0650615,NA,1629845938.37176,6834610494.77208,633742392.134044,826481736.10179,50903721763.4012,5684464982.11634,14397375936.4974,9574851765.50441,83719418268.8874,143548331077.607,125333246467.527,68217510881.0021
1998 Q2,254007106.50087,3086469196.57239,-322702699.568327,1838400038.6573,4963230232.8384,-13043388094.3053,15902552042.6899,6895320998.18937,629565740.827801,4869953859.65714,838326484.890803,-134158215.478001,492017940.649636,5943915011.46238,7934408.88653795,NA,1130928162.08192,5061503937.47609,2595050061.904,666452695.613999,53762584103.0902,47472908219.128,28920193491.6136,16364386105.5881,85611684777.6178,89162020952.9103,128737498110.724,36506690626.5351
1998 Q3,1602641984.33947,-1419978256.25809,164860019.495145,731714847.656611,3848874331.39725,-24405800739.9379,44230719608.5359,6522287583.15375,388112340.994005,10551004766.8977,466537251.531553,30190171.2707672,390326193.043859,2818175594.43492,-974215.756316166,NA,2954490886.94733,5663971489.96448,-211261146.855181,2326491591.85389,42453591962.9237,38699187711.8109,-5607340362.81718,408682447.68188,87106231140.978,125558570292.233,45016400876.4692,6161608485.24301
1998 Q4,549930568.863346,-96409264.260228,244661937.270799,939219499.370723,10242416528.9033,68025117676.2227,23552680035.5552,8510483334.06115,720595273.524041,2961380272.68289,373857553.44652,-19821091.7585212,1424697627.14591,21354362790.2793,19781198.1200195,NA,1746504508.27877,-4024065664.36829,-1344437175.61589,23356006.9033601,63988795950.6379,-31603035569.9734,-4190520435.40676,85441481806.6238,178380474905.431,-159566288715.027,80947304252.2861,73290197395.8517
1999 Q1,1118711240.01709,1584834065.13951,670612022.21711,887233509.711769,4257500603.24025,-116706965163.809,16033877594.4974,4267905367.81463,824478461.564825,4485538815.3283,-85610476.7798415,165540507.312688,1765588136.63865,2065834851.56188,15648568.4078067,NA,1948318995.79629,6945218786.49545,1596092568.60103,1776981799.99702,82886381188.2717,3417798201.6874,4432565926.62517,-2685010454.39107,95231209816.7669,295259146594.438,147147013546.746,92778074950.563
1999 Q2,493851498.686508,1208988447.7948,736092489.434954,1468057989.45943,8830166881.4325,-129882046438.017,24232151294.3422,9315738906.80019,1055482531.5779,2076214013.95065,-184833905.344595,189689007.451506,2763790250.4785,-8757935034.2698,-12597690.4234224,NA,1677165425.63853,6202446088.45224,2692598951.36115,330303181.362,62771348470.1056,58688129485.1247,-1401418189.39489,73334474988.33,285661440592.892,63045657909.8726,129993399454.333,76624183672.6047
1999 Q3,604599750.731815,644304249.0386,560068767.680412,705727846.700066,7222500467.66879,-50985314884.888,58020107566.6312,12045898541.3011,924972574.587663,5937457888.30728,86913285.7111055,28966341.5061027,2625617175.42508,3044322732.40148,-1071404.39950005,NA,1223690007.34918,1066293341.51884,1294415318.85073,329993303.636508,81046796798.6408,21262681335.6775,17898037686.9584,34130353530.1842,114584556300.425,-44793407624.1806,138467323205.812,35439370699.3854
1999 Q4,196220590.968747,4045884695.36336,223400152.574061,1162684717.99917,8230265289.71806,36112108905.8573,25945890321.6017,13778293657.4458,476541594.562114,5491642722.23174,1245106039.62481,973140418.810944,2928330488.98484,522935328.70741,283700.137551582,NA,1060030167.81863,1307813988.70663,1319768406.78729,994309492.21107,40710049702.9232,48770173092.7801,7435689137.12857,23473947872.4194,209247848261.847,-12537817683.9465,13976293424.1875,108813006219.27
2000 Q1,651539385.746111,3349906439.57425,252728699.4548,1995619940.71987,9271735249.06848,-7384421871.66638,1433550765.01393,1047426198.39298,1481881305.27472,7623512774.67846,293019580.824398,494063477.791761,1929957668.96955,6088086846.75358,27235611.9811869,NA,1815517309.89774,-4656706618.90973,484418259.319286,37817316.7945611,64278765880.7937,126289739419.145,24118672096.2083,26174602941.855,315016150152.415,371094985215.031,134951390083.35,103240439671.103
2000 Q2,2187666478.29039,-933746238.15317,817565733.712387,913808383.562416,7770636362.9269,-26883440167.3778,45809596685.4764,9016187135.51722,641679855.342407,2605535191.69322,562576200.966394,640947809.616885,2106797334.20736,-2044286570.2746,44055445.8030389,NA,1364132725.53828,8923995493.17418,-204927304.651535,214963140.597536,75640520521.7788,34869782309.8792,-18968352538.9352,59329876060.565,188741191161.538,-12232501712.062,79752046953.1189,135467302038.288
2000 Q3,-366132545.32883,782592035.95449,764715449.80257,2401718466.96267,24575291449.9674,-32693432645.5975,25628900019.4541,6524430921.85355,1194391786.66728,6521722695.21539,947401273.128664,107538121.601636,2003515172.20481,5125296277.79305,54179729.1599797,NA,2094253439.33565,-1645835839.30204,-2105519549.27628,2317481107.71789,40814949533.0003,-1803931035.1399,33533850650.0662,23949867227.2612,199777026969.662,173817182329.015,63157488797.3614,107972530923.932
2000 Q4,1139405298.68865,401519335.969628,157330643.304097,-319786262.756529,8206113988.48911,78972321865.6233,-4986074086.85874,12405206508.7471,1657679481.74996,7981924404.83765,1146937571.86357,176229826.569481,2796270046.28703,26805906017.9453,27227931.0382787,NA,2546371976.00006,945548081.787208,-406588308.209507,49102288.7109453,52286075926.8843,82776072737.6895,17058288844.0531,37483404295.3383,165706917191.613,129459115581.913,50288361064.3429,46269142983.4569
2001 Q1,1420558756.64631,2353189636.9303,449154797.419296,-7734699.5886667,19981040714.8411,4725547598.34367,11514523181.0685,-1724660445.1995,1687541613.31461,8618611161.50525,126877070.742305,53028141.0477591,4470439952.56835,6240901836.54788,109751379.999676,NA,1474428360.32108,2068990219.42144,-530705895.616632,2323716791.41341,41533392856.8479,142567758510.789,14495877143.004,30734452010.1154,163100624529.512,474877815067.027,176336659489.248,89907123162.4224
2001 Q2,-4876219379.49608,3289730248.49773,187581661.590304,4471086200.82485,7285977507.04711,-7842203292.43293,17863636469.6978,7656435179.16191,843856311.652283,5505803552.84647,118816472.617203,-18515686.8912138,4925121217.30822,-11259537483.7581,102932669.656252,NA,-1745002508.91859,-235644001.124284,-344012491.655966,-72941580.912802,52313268558.4878,11214774382.9262,-11168014238.5471,63877941693.7985,107237600959.077,-107057358945.953,128151669875.141,59975455671.98
2001 Q3,129926415.292787,-103063180.754456,268659928.383783,51956494.82121,12692992262.3174,-83291253150.6415,46535430246.43,2302266230.75847,1067458460.51492,-9959496430.80116,206244007.214862,55179622.6996532,8516568537.08454,-9650768647.63688,-37344675.5444707,NA,3202227469.09577,13048910841.1195,-826588311.834889,825476570.582091,56544497016.1284,-73230808450.3765,-19881489008.7473,13164325387.5795,72869865018.7036,-20133167966.1489,75862177257.9278,3608371968.9192
2001 Q4,498301478.321037,907779029.765285,769255127.640378,380366463.742569,11217425849.9578,35504265683.7463,30043645757.9711,9398372840.59588,360736758.306743,4400392780.69604,1000047833.65222,-59812308.5127478,3043200910.83301,12388368518.494,185005996.818752,45145.4360221453,1840943397.56383,-3310976178.4319,-211381510.384512,1150732854.61975,32481704282.8628,55115853912.7055,15607704329.3713,24460126117.4298,55813279479.8008,24953170132.04,98994161969.7777,27596289303.4075
2002 Q1,284664256.568519,-1017323691.61039,1353549591.39531,710913666.805196,13933232799.2678,-40619440818.0464,-36214987949.7231,9208270711.22257,899706606.610534,1616889686.2717,1804959006.59641,215865893.379059,1108805750.61877,9259501261.10721,245636033.175194,-15789473.6842105,-632833525.080975,786105494.750886,1085499409.82858,1181347517.01144,60016617711.4143,26737568569.5422,18352137538.5186,3639561228.21794,105773153647.72,107191211871.803,62297210489.6689,56945324290.7617
2002 Q2,5555557.27014101,1827319209.65055,1254531207.66361,-85867504.908359,9088188319.43135,-5149077431.79124,23978920300.8982,20283912085.3216,1915527321.81605,-3460681055.47302,819796963.318085,198595025.662626,1053463755.92491,-25743069662.5663,160529427.269724,37894736.8421053,-165735757.623277,2671600806.9327,-1021670449.04321,918769935.82173,63875153331.1534,56055006577.7136,24597789321.7246,22570247175.1263,77318827996.1109,89605453247.6617,95250060566.8007,51091752693.3161
2002 Q3,-38934859.907375,1063291824.48891,-332192396.043955,-22840647.892263,8743356618.33934,-18940606826.6152,46436014495.9101,22565613158.2911,1256000431.30295,-5663439355.26792,668688414.954009,169056974.541819,1328251498.63934,4622064184.78998,180722113.149465,13830873.7892778,882534134.347528,5717549592.2533,-1304134975.09252,323146428.505368,51589641653.4732,-25300996373.1687,4295587840.50166,-10898053180.0297,120387076402.323,91234526812.5124,-3038128605.43399,7764429650.9113
2002 Q4,327252624.881993,-105736543.11866,621560247.096006,20053765.9565735,10955217618.3917,29948961708.2122,23006295091.8732,-130538541.809871,1958145721.45581,1581268970.79709,3056961760.53885,76802857.2108061,1391457547.39596,14205967697.8496,838131630.401648,15263157.8947368,65822720.0671326,2058063227.63558,527368417.440038,953809887.06231,32739241958.7917,3998008685.30675,20462067502.8803,15136141469.8808,147329208240.196,265986649777.068,74428950722.1281,-29474463932.1508
2003 Q1,702066935.368164,-75071188.2188098,-303879861.77526,-54001310.0297064,10159481996.3895,-48993123562.8023,51236909492.4101,6294733159.61001,4502058137.74076,-1265919480.89503,2742334272.62723,21052281.5364873,1522752481.62139,8183828636.61292,591022418.908517,12105263.1578947,1918660616.51654,7018959434.80766,-227907603.193119,451523151.547406,40004297619.8031,63954226470.4787,-19370685020.9982,32423913586.0319,152840596700.192,371669966442.974,213154982964.121,1182233539.70773
2003 Q2,485356752.282924,4301861959.75947,226245505.125054,197935397.306377,12369261189.3407,-32483435754.5532,65293537715.2991,-2243760343.81742,3656121326.17306,1175944479.53357,1094367548.74928,132360868.799179,1492750210.01284,4120802266.41213,235295032.441247,5263157.89473684,842998338.341502,2658439002.68664,290489650.762781,1175887694.51035,55785610052.35,63388446974.4208,25044962901.2398,19783970405.3326,87376128929.5744,295050612595.865,173727651963.74,85012473487.9977
2003 Q3,414842934.172096,-127701617.614019,830534666.367108,249318467.760054,14474484628.5713,-55745820674.8822,30249276997.7291,-460872518.803532,4712999762.9734,11598867732.1457,4275089972.19262,-427645029.252246,1130789400.91029,-4934561038.04024,122681731.285494,145494662.107788,939660437.607766,-4521667360.3513,1050088616.37329,1690469146.03874,54945750076.98,-57397758067.4596,-24003900137.1558,41441695967.5429,90589749229.2899,21773812372.776,55719387919.8502,66439826903.8686
2003 Q4,1035977010.39162,3136520608.236,1529016491.82128,709984236.56353,21723348546.7996,-4840121946.06859,33129122466.152,5419314641.8523,4290088803.20676,10270575605.2075,528061569.46923,537689726.198199,2328054820.04995,12850852875.5909,19390674.6732603,4333716.00141293,1374909939.57756,12100555155.7263,-1094976966.19353,1725072201.94973,67911702956.2419,-14531174535.1537,41565378993.051,30168288457.093,123261736357.92,247763834256.156,120980810188.047,15720316400.9106
2004 Q1,2780717562.64488,3576907719.76304,627644327.924348,820404971.115281,11330311551.3557,-68746533374.0439,37070706089.3159,4847144088.04126,6493068232.37223,9993491984.84288,1226454705.49495,556859618.095313,4056408855.77257,24289693248.0871,-171143525.081778,-13894736.8421053,1567212397.99942,6611877910.38347,-790203027.848165,1428854607.87462,105143964874.537,229970510464.951,30747690704.3879,17411519098.9946,104165559941.373,764205836452.157,257079749767.765,76071661690.9932
2004 Q2,1897061897.59226,1065143233.43396,271254752.325626,754589060.970771,15916721065.1339,88214477228.5886,36527383146.2816,15218109134.0256,1550624574.87821,20603304317.3212,3355102082.78915,341007884.961522,4968992681.90192,5270045962.83235,912112362.048988,174341799.817819,2419125501.04502,1312253666.13428,-396692940.560463,927240756.744425,108747648273.526,52734211549.0275,15262123277.9747,42524386136.9229,151840770594.16,179700805219.416,77102777579.4638,117818448665.75
2004 Q3,744153194.32364,-1065720111.7406,-153661202.661088,-182295282.760134,14282394817.0866,-1975539706.66627,71496626650.8141,9970632732.32677,5644830903.20832,12704966630.6426,1761194751.19732,396589558.566304,4629426668.69798,8662934506.21761,-1399220563.48168,151995087.366483,9864161234.84671,5301176975.63727,6558074406.22669,873669711.239316,83199738897.7377,67543472966.5422,31360854020.7373,19783652220.3785,162034169706.703,199495758378.452,197585171490.785,86154364275.2461
2004 Q4,424391671.659677,4042214520.84729,1114292454.09368,551509935.502062,16918634866.9729,43311537490.3798,19888491875.8501,17338981627.4125,8661504841.62726,13525266231.6561,5049327466.77888,1853146147.08421,4784877528.30476,21359221589.5089,-967000897.554908,14501612.2382345,3559834262.1825,4599103755.03754,-1027363603.59418,893618503.974253,121735644202.039,148956472791.059,43129324572.3916,11229623522.5497,206595001945.625,326869817664.738,258532959822.791,27803875008.411
2005 Q1,1082631046.86434,3293488610.37174,389917733.254706,931987753.099286,16728862777.9713,-39795840741.0197,32589542681.09,9023169808.34321,9257219298.2219,8424889513.25927,10007064622.1085,1078011521.47636,6011005458.28962,-2988223824.18732,3924990500.7215,-55788437.2894737,3818935382.58796,4120556929.85732,7351318571.46079,-178307101.234664,67540209313.5078,23356084722.2413,20380510176.9713,48608816468.1529,317049468556.071,872074949243.95,353563025941.765,200363621330.343
2005 Q2,346966368.647559,2715617955.59931,1655313332.35724,332911464.493931,-33743550650.9205,74612240044.6102,48369460590.3427,7243162504.51307,21360076548.894,20388081821.0076,4312097839.43039,904933846.757316,6287639637.9063,31480761097.0143,6134131586.45164,-90240435.9105263,3064164412.49865,-1709747644.62588,-2778099599.19334,2141106235.55378,62698089681.854,119139053053.761,37797693874.4169,34254934606.2224,209377957710.804,545809108817.059,413413109489.024,84630981816.7202
2005 Q3,976181493.007294,2018517759.13603,2455713050.59103,1390534250.11378,23304935511.8839,2375068394.89592,90664035391.9983,8463885496.30298,4471568069.83475,7242694433.74575,2534912646.01229,1373423031.95284,6349749060.90826,42131751961.5939,-3210022655.93691,9313299.32984331,3460063709.50715,6118011037.63167,2401424849.0181,2011200763.33352,10021857548.7007,173370763266.497,15615754722.3116,58426471201.9841,328841798185.188,424816763314.739,149900391338.916,220893800336.42
2005 Q4,1448935467.06717,1531646717.42276,15441190.4332213,1701417763.51006,20350519667.0784,72263556829.2179,30095461845.5058,17852253804.1509,13667968000.5633,11575950467.4835,5056584683.22722,1640729170.91363,14169436860.1204,57556773325.0717,22593701545.8463,139402336.995764,6658631394.01711,837129259.306907,3337951565.28658,1541892167.74123,-60389540264.2864,-45892416328.9967,33708394833.5619,63502212683.6997,377981656071.301,311419075832.746,288282647125.938,140490978539.319
2006 Q1,11351766476.4158,9024489699.324,942021814.472813,2919413491.89987,16635523519.1681,7046658314.09576,36732968990.061,13806736954.0909,12381750509.4717,19735649713.9039,9251896536.40397,2752242230.77103,10295313494.0923,-14232730204.4359,18399928676.7006,113240482.171687,5162473942.55413,15560631497.2444,11534997122.2134,1506537589.16133,108195112549.557,243383874001.873,68164657432.6912,49556146742.3161,378917704068.263,1070540223837.69,423893002007.735,264478623626.604
2006 Q2,2380068230.63248,4973696318.21401,267806956.388872,194881886.33975,22360964523.8995,61219263160.5937,-9320946822.99786,20257619493.8177,15810404755.0268,8247100565.19437,-2228883756.08852,1823324973.27905,9299209735.82635,18448039306.986,27642555082.7731,271601781.484157,4306049899.33724,12555283738.4907,-4117718500.55755,175275738.104629,70610872893.7662,97151314659.7876,98435736636.2812,29925771972.2346,372956511059.711,282313000103.698,275296848041.935,44643581908.1094
2006 Q3,6479345900.90713,442727477.84529,1352405785.97759,252045102.374382,24061182005.8724,-36419139207.3708,68397086779.3187,13531810516.0817,13558193830.2989,21896495319.8904,-7066435990.7776,2127638623.20571,16522293093.1353,20783313178.4087,23784405999.2382,1150473954.52336,5576922288.85427,-382334822.922493,1687975368.92296,1495690188.00937,90161425352.4291,88139775874.5557,149748581830.635,14127092726.4562,399031760467.956,528199154216.64,210768221333.046,144677814178.042
2006 Q4,1155515907.38338,4912046164.87945,1483100273.20538,1166477153.19992,31340582173.4871,78433978961.7696,-6111140151.56778,18662443912.3591,24581221753.2811,35759979530.6417,994992887.588628,2436337344.29408,19331046873.5185,60627774479.6341,42289877879.1853,2468515520.24964,26384171777.3657,-7338110643.7213,4220035822.06599,-103740705.324358,65185869883.7675,147931134109.468,84304130503.1135,68498468242.8079,353967036939.878,496214796325.962,414216811508.934,105455977429.553
2007 Q1,2727407420.04296,773526096.287305,1210344291.77284,837334552.027112,28974054187.6458,89391713941.8655,37897575133.5032,32128962312.6261,15028265810.1416,31075526928.9793,3403351387.50432,3906683628.35041,15131132249.6854,24639522071.1979,14313607677.9146,843732091.580373,6990526573.95981,11176791724.2613,10352095991.182,2505928042.69517,186094085261.888,299192475848.224,61462169683.8571,59195619205.5336,476695189470.135,1583127823667.19,468271401822.986,128516150344.776
2007 Q2,4138394316.44297,4269355410.45013,847274211.036255,1313258605.93488,38360984261.6339,46796081495.6841,21014888661.2556,25172439091.5896,52117144745.8775,12182782610.8842,4948239287.82056,5000367337.6085,19189004973.4202,42557783589.9896,241587940.577177,5227922316.63761,5439358419.21656,17546222060.9247,8553073964.92017,2217098663.59781,120545484043.248,315792007423.897,154846279030.941,41164826011.4532,508264108263.813,868393551571.913,480487840361.328,105813955287.644
2007 Q3,2409409193.24578,3210082739.21201,-408301313.320826,588394934.333959,25047358596.3202,73397298719.0226,65616742553.5932,37764073183.7495,16003447482.7369,35226596668.8668,2187772050.34891,4726048636.55691,22945127056.3207,106566489439.46,-7289645772.63831,3991274068.97542,5781813373.44666,24965099737.8159,-9215977201.75941,3390053980.38148,127847256612.58,-631938070.764297,55247094530.8298,68221567779.3668,508463609153.136,567860775114.712,42684860704.2996,108462285780.62
2007 Q4,2311401554.65117,-967558937.76361,1145065896.57967,1042889924.28109,20849698023.2972,69767399503.7243,11029860102.219,37359345410.0655,52012180078.4942,26695829293.6795,3729057231.02082,5119560324.03544,18731070290.8257,163373905024.352,-5213979792.67922,11306534949.3053,14758406354.9358,-3427740184.54564,11360374988.6713,3313924257.7675,154544451410.381,97669701789.7208,-24649963329.423,8106579060.3086,720129994422.389,633517807117.026,195084537160.172,36191121531.5962
2008 Q1,2227311356.25125,373220278.793,-181260005.669648,-115152958.615546,42227396497.1116,67189100698.9439,82622136552.3363,16583551225.5971,44070528279.5105,46075945183.9578,2550504471.07551,38580112.1177763,38638324992.281,39854352711.5839,-8608429327.12559,-553491832.743607,12576041620.3654,5879451703.73696,10189524900.503,3022418681.2099,154857358202.396,137590424305.317,8984470725.93122,20903550922.9697,475718426405.386,1122172026757.97,218817456839.627,-87577176849.145
2008 Q2,1383222447.05479,-1065187473.20587,661267855.611764,1179207185.11532,26473225033.707,-28140065094.973,19193505687.2551,6702829613.24475,22461020024.359,46423579714.0163,7853433151.96566,1392265235.01171,13851776446.3878,26945263035.8113,-4825397645.83183,1983400274.95063,7636649539.33247,9993123834.1946,12280602217.0722,4089013515.97059,131546549079.157,-261680019576.741,-20674783990.1788,17278933778.2614,345426567915.792,-603713749300.784,295137563744.404,20993811247.6017
2008 Q3,2280638066.2965,-2621983074.86821,-275630952.158607,444673245.025963,30611348473.9167,58676822936.8071,-4422112681.20328,1051147338.9776,52510911498.9459,53111742174.5079,-2929091372.017,1158353293.37759,21377512406.4076,96699209838.1909,-27966966612.242,-1068127806.16413,12382148412.5202,18285540824.3761,-12154378570.7686,-167475926.185588,118739147162.467,-41221031183.4041,-120897241803.728,-18127355451.5795,446280810336.629,117112941850.989,-122314742281.563,-49648229907.6996
2008 Q4,-801554714.08617,-16635826651.4184,24774562.7994253,6616467212.93332,66595106133.6917,-180811471274.927,5853759999.4883,27401847522.0452,29646953574.1591,61406687067.6459,4185490026.81259,-457585475.40142,14376234738.1804,-39051735379.1025,8728291662.38988,2581005035.59328,7346841978.90121,699321866.341442,-18720815918.572,-791779145.992575,27128534357.6828,-183939515901.786,-130119577565.273,-50003852373.3149,367101613926.229,-1629104729510.14,-407040596457.082,-190626265202.31
2009 Q1,120616781.996668,-478811596.426194,-376618645.273006,1192155740.93216,23363659856.0239,-126088144157.436,64575029357.5792,19820327012.0423,23949276841.6768,-10112164457.5131,4597756052.10931,608779417.67025,16727551006.857,2160227818.2661,-1694122443.9553,131007927.462018,9098739932.20634,-3339303829.69045,16493347058.8226,1895196836.15465,94178528481.9568,-269700244522.296,73962345661.6555,8029551102.88788,279818932237.379,-440378499004.665,171689706869.105,17852645876.7913
2009 Q2,1021458173.6806,-5102500465.92803,1852919140.41544,718265682.834632,20302140901.2734,-8264134414.21002,47744679118.3929,14518806536.4351,-20054315.8130313,-856031872.597713,6512697044.27168,706240158.714468,16631131045.8475,-70275138141.466,3506966357.67507,12409392292.8476,2364209884.51563,20482030080.5657,-478925819.418261,6801481860.40171,99391934296.1167,-255406217438.092,101087206464.606,38595213133.1983,143046618742.628,-398954589387.149,189162890730.053,101178980252.193
2009 Q3,918715883.904569,-5213213072.75483,-555533308.247625,2665083194.36326,27922760134.983,-30236801759.8923,31374135560.3153,19392701757.9934,21062012015.3183,16125596663.792,2988598174.74916,1094089982.04971,33423330729.8937,-1506864742.79894,-22008491908.3825,17556607994.8191,1916429029.09574,6018384685.69273,1056751628.27908,8193428227.02151,126304206649.131,44825844231.6158,110930435563.869,28531179431.6143,194303585861.038,-345906278949.494,150609295671.073,146773163904.271
2009 Q4,1001608799.82205,3262393664.93311,665371016.089227,3838875115.18785,28880320832.3786,-30923181129.19,12954578708.1276,18784607090.0035,10445187250.5255,-24541634026.919,-961638291.099115,997871106.908732,24271687663.363,10085032654.6814,-6289631245.02203,16097409760.9734,4031050938.93581,4641329391.64264,6567097083.27569,4602770209.65875,30461417079.0686,-97428870000.3367,19479287279.5442,1618376617.0827,288567064632.755,-223493671440.206,-37840991808.4641,138831508109.767
2010 Q1,1591615673.25326,-1329762135.97311,1088802064.63523,3116005320.11964,18232915085.0583,36234875441.5183,47141419757.5828,6739444384.53407,18352683291.319,-1740852200.16906,-326286571.629734,1772326106.65179,21493422690.6082,34108162248.0448,-3577181136.45671,3956562290.46359,14889730910.2795,7946775717.29013,2526416762.93172,5557867939.6014,105623407629.073,105053527276.709,66420216932.3076,17328595888.7531,131544618048.485,492018842856.101,190334006491.399,28619215484.0699
2010 Q2,2290718379.0154,429152270.34479,274243610.496373,1865910023.46808,28237742729.2918,81154139027.5337,54173059666.0059,12660609362.0735,8215109699.23705,-2927685150.3807,394763109.481615,1443341227.24154,22373882575.9543,78764900385.2147,2641934316.88103,6460874102.97321,16800369779.6654,9693274195.40882,-3282627189.66167,2042601181.03318,88461735917.2597,98272724137.7922,-27469330163.4533,26835906874.9676,332685928824.654,405154268973.664,-173209067031.273,-23835967734.2786
2010 Q3,4438257438.65176,-932508255.67934,1176270457.95297,1966146093.26071,34228137775.9193,71804719674.456,137250885771.752,12439227776.332,14231676356.0774,11361207709.0152,-253468863.989488,637425208.473034,37730612304.378,98290057332.1134,5060097806.98428,1596443739.78561,11357691276.3326,18906679724.24,-493654397.591314,6084853870.52078,118230863242.025,144766631199.318,34008613508.2157,21920500465.2265,247782842717.715,263181095325.115,158558011491.243,158243082378.15
2010 Q4,-538484727.85217,4739960651.95497,1454642639.25103,2528021317.50996,46281161956.2174,-32076312714.3447,23801367185.5794,9769816079.46516,6454751730.00327,17879364816.9698,7777693807.23836,941499769.805584,39433120999.3728,-2749138137.7304,1415442774.55012,2786335073.58489,16907858548.5151,12449542801.8751,20198684396.6713,-1179901865.42276,73853404671.2894,101778623354.85,48589629097.6633,25921106263.3524,249514562733.843,-80724544334.4167,-132356766673.329,122246459776.754
2011 Q1,5201187726.92377,-2949088923.44382,1534212820.40646,525898942.703434,18192277816.6842,117149709634.978,90256846673.7467,9352498953.61745,30525100148.3879,12535494923.8104,3241554912.45554,2850638788.89212,26605323986.9342,55029901534.5216,4458918647.80689,1797121176.03564,11618790098.043,7806918778.05341,-7158680263.91165,133935624.839955,154140602169.418,149273424834.417,87566539054.8309,31598535274.6981,460091311998.116,417808715742.846,123553794234.331,-16119805525.0007
2011 Q2,493676826.174418,3082324730.65728,480240310.347933,3356084968.58403,31689839640.4683,17570812791.5513,-3976440385.51049,16362797883.7038,10076433743.3824,10791664738.1934,5863920976.20178,419940931.260687,25593406031.4234,78642444599.3444,-1445957365.96919,683883787.229083,11879794973.5521,11852490462.8342,1094635626.01187,-941891768.504318,153201235623.575,-193171937209.304,54326383140.4624,17092304083.9109,274057129693.882,306992059250.392,4555948061.24315,118149591315.288
2011 Q3,-774836582.06068,-745594662.80951,-429459307.494,3351784711.30695,56361478674.7858,84408101180.5109,41816045057.3729,26957985641.3475,6006937967.33662,20802100326.2473,2960161859.11784,-2761353187.13675,33410141701.5282,117786983444.235,-4771461404.74479,-359752494.273272,11158021043.1933,21196078090.3637,-1801715135.66815,-12240538806.6899,98399533549.1111,46569445797.6063,-48631235989.1307,10496529848.7392,272425615394.195,1023476830437.7,-256799164069.293,-168043075838.273
2011 Q4,2327473727.31574,2592056657.87268,649577924.745655,2281445191.90448,48369643457.7468,-78034736552.4056,-15980143136.2524,-776438205.711542,42304222209.5099,36967628169.3398,-141576562.882032,-2000085912.22787,29056924792.5374,37923858754.9366,-2694862605.16514,1113278341.23132,20188090709.8839,6892043730.51779,-1309514864.00037,2331618458.86555,80969352395.8144,-11550412148.8876,-23201751206.6454,-25507184212.3863,418160805283.592,-455508594618.074,-236548901213.378,-65254587317.6407
2012 Q1,922871481.759088,-4543211596.03858,1244646769.8169,3287771554.64142,28453291188.7362,40741140155.6544,74247686509.166,-4696322052.57012,14712757073.6031,35602871810.5488,-1795314235.08914,395112923.879961,34345497318.6024,47124221959.7566,4216628773.98329,-878212659.978849,8718101817.3824,-6622299460.76751,7792236224.4663,9445330644.53207,127070248757.079,-198304315383.276,-19210287617.4049,27916826793.8746,431379177324.024,500417192836.24,192078490968.75,116508873661.35
2012 Q2,1272269189.36794,5703419055.43561,958867629.786218,1392110437.03331,42251245027.9482,39303585313.1451,20850408081.4407,10555588029.1145,12873123302.3343,11860540727.6079,-463064655.271852,140570618.907307,23976716487.3193,130358514055.342,-670979715.656717,749064621.941286,8293315222.79268,15359130640.7117,3437823646.68554,4255203782.19765,108486130460.61,-320160940782.747,1659053774.46498,55937043582.6108,250716714722.631,293917669936.092,-160365355615.78,-23300551.1100044
2012 Q3,1083752599.09441,-3659580095.65522,190313005.935927,2640453900.31208,37185629906.66,32378526064.4699,79976128967.013,2580944154.98927,15056822081.3418,10940565044.9128,1551564324.55318,427905565.026502,26563776640.1767,37755849514.2872,9508185471.43147,2245254280.08497,11416091919.2053,4211358056.51719,-1910878168.67071,4510422816.74694,122195635024.744,102297077351.089,98798469835.6698,41841136500.2799,366845646347.379,-355493333621.334,86052537570.3582,128110420109.854
2012 Q4,1895576359.74732,-20707684.66237,2740540121.97731,3662950694.8831,46013864215.8547,25467481414.393,30855004702.4639,9801576140.48057,22215994184.68,35891451705.5798,-1360533870.94419,1262907341.53355,39242502707.6409,62945137529.3443,10047039770.9392,554546295.450853,13707755891.0358,9142897480.40001,5510272206.88621,6433394510.7621,81736437647.5785,-6632306433.1497,75624567548.3436,1524539475.53709,158237611153.819,-399593396061.02,115499947152.837,169841052349.463
2013 Q1,1112123413.20061,1514283596.15466,29972153.3291012,4266541947.42297,25211969072.0505,57595073988.732,-28936738173.2065,-28702281680.6056,72962991323.1645,40233076568.9316,4643129578.76769,1364983035.75765,38218675742.8892,45490900311.1769,4216286399.21631,2328069392.24216,17404617605.1061,-3918862349.39879,1137156804.51287,7510647506.72145,91467503065.6381,-19616424252.9557,83896876821.0467,74998502466.6344,294043661841.026,62422077385.4974,96613067468.9768,193282296702.635
2013 Q2,1679274019.31641,2294826823.30985,1419893325.6454,95012891.244017,47061233370.1541,74546569124.9832,-62593506063.8473,-11865252947.1982,-639159940.376481,33880578200.3831,1146657066.12867,1029300130.50561,32146549174.3613,63201587692.1188,3843557105.54497,3903534125.1882,7691112214.41331,27583429631.15,2684718468.09211,-1655816326.21473,150930815245.202,-93079258224.4997,24635558648.2488,147880895987.646,350759600777.649,133133064762.728,44491601948.1365,64399232218.6571
2013 Q3,4444643767.0006,-5214090721.88288,1112393603.74998,3108728445.42986,60169218390.9183,51194045621.9548,40348273644.9221,-451037051.19971,12997719615.7813,2430677897.47235,4040630067.85829,89105461.2897547,40027092422.3034,73484941545.4113,-2416093209.73982,4728999091.0848,10807678132.0993,11080435199.014,3384515614.24612,5856694316.34637,137063523894.593,-101063439827.42,47142141472.8915,-25759103355.065,145689302714.273,-198686224172.605,29772395300.2089,119741853977.036
2013 Q4,3142032157.99832,5243985052.50693,933899822.024185,847811653.979841,49376100597.2908,82986211741.8252,62679402931.9064,9745303512.439,8355005369.20162,17546367640.9028,4949717667.0502,-356630463.163984,44400135913.1656,88339088189.8111,1601721500.41384,2013249469.97995,16440719758.8679,15069631222.8488,2286150750.10784,9316562815.15958,67798788560.0072,-16288062557.7752,60393986677.2292,96468387604.997,442528271466.77,-428850739732.08,8388393802.82487,135503184186.71
2014 Q1,2100190991.37929,4312413404.96901,2033437007.81759,-100534352.78746,36419183442.5819,25023941962.8589,-30760792470.0648,4016153519.80815,24837247784.4595,47294415209.7995,6710289699.3905,2705975084.1801,38399440867.1534,56463086425.2283,-1781865317.06802,3193375250.90123,13503241734.4372,7139245554.28354,1996841734.84385,583951648.660671,92984018934.6802,15971998687.9419,20885035787.2559,96197810124.3471,123843138518.28,469389640301.971,340730380604.869,184909485374.609
2014 Q2,3410125784.21673,-1536284648.909,1364881018.39322,2889683957.60602,48464320961.897,59951691712.5706,69416182237.1188,31526555942.2529,18926598377.6945,24903097636.1242,4538726616.35383,4577386188.50721,51677854257.3023,134363167946.547,4775879556.09216,1959248619.13523,12133652858.258,23097412843.9242,5069827417.17886,8490920055.93735,102825494906.016,-52252771374.7812,110281945930.23,99498688486.0122,118005476452.455,204230343991.065,268169557679.206,213774440797.068
2014 Q3,5129494675.0492,733708141.39237,1969828353.30919,-54611976.8197399,38947866534.869,35525231073.3092,67988474981.2712,34632515601.1074,22670359070.5697,-18281546806.0437,5090472069.07755,1873908729.14464,57027294903.6759,111437014990.83,3679827379.09952,3919510379.10466,11742331464.8333,13821863585.178,1719957847.56352,5865698082.35775,136221767388.505,96959035341.322,26190592958.6389,118853746331.348,323793436713.476,169488784634.898,103193292506.047,129552363032.515
2014 Q4,1577765438.43262,3616736531.6703,2795489613.70282,-462118249.222605,66079835664.8731,35095415914.529,11435346186.7983,30986478631.822,23018632669.3415,-3479192231.10318,10089069729.241,-141620226.677389,60704507083.1198,128637149909.23,4461359997.61354,4028497829.52529,5112467516.8285,15163455872.0623,-2870315667.7425,3526309988.24563,120477516244.883,-147527947392.937,12199789443.0789,149570940663.42,145299450886.144,-321220182659.802,96250053001.9194,105388813951.533
2015 Q1,2461091615.59479,2978575810.99821,4006130487.12623,476569380.844435,37539490242.0412,45649940554.2127,62710288740.9632,59257536994.2425,10140140395.9337,5146633309.37266,5285466620.18724,3620173238.55679,39652241808.876,60852755583.9372,13433578875.0262,15566544985.6378,14220876505.1117,8963872639.48977,-538836546.814661,3713194360.43339,117214324278.812,56049911363.9486,20205877884.3069,183525708614.576,631528183670.279,622662454494.184,297772993346.798,139585039543.161
2015 Q2,1999681362.63063,-3613675095.3217,2107027779.13254,257620365.01039,49522002544.508,-11338145995.0115,237894023.268296,42026529177.7489,7354315139.08192,6406176096.89535,302955090.890481,3426847437.54318,56279211312.4973,19993684239.4645,14409868937.624,22151415554.9005,8037368942.36431,8765868649.74366,3520883109.46056,783316192.600337,134459109112.712,-168613763668.621,25022543336.6029,98612791640.4767,265538540563.276,-398211228812.222,18331124780.9196,159860592983.327
2015 Q3,1778238131.04782,-4378836386.99173,600333289.67469,-324959085.077217,46246695991.2699,15888250659.2534,67461028341.106,49861705942.0127,14189404482.2328,-312552576.826757,3236214480.45374,2588787269.41149,67487526328.6669,83986710215.2633,1896206281.80621,-2289675123.46042,11094806214.2009,17363718249.2216,-1698313810.6592,-3577403601.05001,88693244484.9225,-19752573010.219,-70643716499.3309,-50334924348.4173,599386249860.383,1591688736.82442,106118327419.847,15708030176.4685
2015 Q4,10244317736.7536,-2115331620.48498,3032043975.52028,-625374189.673877,37037005432.3862,-13575887979.9354,64295744331.3223,36787589836.0356,-432196305.647811,-5448835730.81829,12668060845.7301,4285635417.68673,80936334329.4594,-40601827419.0695,5094581263.16051,10784724882.9315,2115834221.16809,10531757827.4148,-2596945753.41771,-474104841.677451,45618163075.9642,-100964061212.01,-37649407704.9721,-15146604129.212,256133787723.431,-313223129007.732,24535610373.1482,132934487101.388
2016 Q1,3965955259.92095,-1421378917.99991,50761363.631747,-2206806821.08816,48357548204.0954,705980211.588803,96929454560.2866,40014626363.1122,7111912653.40802,-3706866807.826,3601201354.83869,678271354.763935,76293151780.6648,36487888019.1972,11393194471.9036,12198279835.1163,8478555231.75455,19052457052.2081,7168554664.19398,-1744555023.36542,100951766940.689,31421504229.1626,-15098733532.4739,-59697051132.8031,375024774294.257,321025967207.856,229301188219.284,-36986615464.724
2016 Q2,1614522386.97283,-508920847.778741,-449125771.617065,-390282972.037053,40468383781.9126,92541821642.0286,70022647309.4042,20931445417.3647,11502695064.4435,4260620360.29666,7251836091.94586,241319416.315653,75835432479.1179,78957718069.9153,7250458558.83868,7541267820.22073,10529988121.5383,16413221075.9351,4553575085.04757,-3902758350.92089,132413314466.77,134075186751.26,-19329750401.0106,172686778990.398,224588492120.708,733859506164.116,85295747518.4138,27339974583.5646
2016 Q3,9046340583.48895,2584738318.18822,831856180.211867,1205913072.12694,58690307440.5243,-8130836252.2501,108865967944.191,48535804823.6004,4206876177.09288,-7089000192.81424,2744596442.79969,-609278987.435457,72221249729.464,158955671516.223,19357240963.8684,16636886732.9624,5619540566.92985,4620372189.13537,678181900.652594,1424184073.49917,121819861960.75,-17399633149.1767,-176724128.4247,-13201515140.5906,320971469848.817,59651934227.5027,33682057466.9594,132181010816.654
2016 Q4,4442059905.06485,3998990239.55703,2571367545.63667,-6908313223.95249,57110376797.5641,52902841263.599,1185663224.8359,21657278874.0497,93658371590.597,24794725340.1095,1210935220.54185,-4848378151.48401,43729134488.7887,168830847246.07,28207499667.8864,5951492622.17124,12697052935.0874,-2132472146.50412,696780359.053431,1422816819.87748,12236024305.1516,-85505326951.2579,44858845752.4963,-62220165495.5921,124436536352.296,-219164469307.788,-104812846035.259,88080589589.2343
2017 Q1,3477856738.2434,3118047126.93058,1676503435.35305,2983920382.02034,72394945817.9001,-23385696492.3694,-7401448366.02533,16356245061.8561,16169057000.4589,7889510706.96032,4393951840.00386,2040608467.96023,46850073796.372,61271589724.7008,14760559450.2528,9922194803.49004,10168939083.0981,10953486353.3792,6050759462.20668,6265498033.44456,171787286377.782,77334249717.1989,106449682337.584,51975609286.9658,364491564162.585,688963848113.948,213596691363.265,210622475012.541
2017 Q2,3989344714.20748,-460060425.286891,-27295732.918133,311913840.524015,48692076364.6061,34062674180.281,17501828937.3274,33396076880.8158,9307171047.14272,2353022106.06101,6602667453.27817,1362945617.9747,55818137658.852,46985812691.035,15771110944.8713,6099863265.00156,6849168189.81687,5776735777.59545,-1361437073.53504,6375303778.29905,108129651975.221,84864497788.1416,67883190600.5487,90043153245.2967,513192005587.914,-83428103023.6823,191118275033.305,223095410973.463
2017 Q3,6128277096.5107,6345890935.8077,3271643844.3846,-2137920420.23865,49751531021.69,47578130278.0034,69593298243.0654,55025868983.3173,21538902370.0962,-10464739647.5345,2630747441.27392,2931152741.32868,57288778021.6695,83447261622.2674,16143216635.7359,13572329604.1612,6349069278.249,7263060543.70457,6160517327.33499,14016062480.4196,154961040828.957,90029522713.1942,81012561219.7503,67174894520.2444,75433150987.8685,108731865300.951,122084660126.479,138721421512.187
2017 Q4,1477644934.96659,5994882957.00077,1934251823.23498,740647319.246828,46905890969.4097,-52879699285.2366,-12464035371.3337,64712396370.7618,-4045037089.76188,20209357033.2821,4025956253.6482,1930978951.61665,65106636986.3377,14335335774.3153,21406028781.9693,16491965437.643,8750633508.93027,-3054610970.27902,915590353.75986,12871213605.2528,52722807713.2499,-10462579612.477,157965940629.98,-16367823628.5117,-41473611854.3512,54305145735.7181,39432829444.8856,182260997276.817
2018 Q1,2458454498.00317,514399936.72102,676603221.68,3610283940.85316,44183890585.7242,144109407922.729,33126131281.4918,35107909014.1503,23321550028.5417,6999171163.12833,-1505429857.89912,1602919099.63199,40528684578.336,71381882190.3281,15454681050.0712,24455359055.0481,9406140254.59386,14816195980.9145,6747360934.81105,12263552261.0874,-21137748871.2338,69228517289.2438,98209180574.2992,203516993233.989,251315672130.122,638667814680.53,326659267354.565,99451769802.8194
2018 Q2,1943597362.7329,-267101048.498226,824194380.716202,1329971366.50009,56682809302.3317,28804395907.3163,26442767625.4823,48560752367.2752,9431496415.08466,3254565531.14357,1356463364.47238,561480029.126383,54579993581.7414,69233374519.6286,6358966888.14696,-1686058093.1266,-4936698662.22596,10821298206.6636,2981298525.21243,-1257244690.84437,-38173397535.7096,-104401360898.606,84656070950.9099,-71616054328.783,110436556235.138,194163083383.42,-31241725949.4292,-6132080949.34118
2018 Q3,2616394076.13129,-2093689536.04973,1688923052.25272,2040553189.07492,62021538751.3516,17092457601.5463,70441971296.7161,46257527460.9443,7280896697.12826,31601034699.4594,3453703680.72979,1115686192.36001,50149948024.6296,48656637711.874,7489655428.27498,3281195026.14197,9808992846.2058,5465875593.50423,-1818871494.33957,-1307253224.96941,102587939097.87,-37828739538.3321,75887005756.3909,32071813957.498,-114810220719.16,-92159076265.7662,173725710670.612,25689231440.2258
2018 Q4,3095115571.05453,4599649862.94114,-1452130756.55314,2747111568.90144,37226368833.5278,-37742164890.881,26856833012.2906,34225738700.3346,-59525051793.6069,15753816181.9068,601658224.400051,137712662.462407,50310022141.3198,73236466352.2648,8018497013.85813,321736149.008397,9186633521.65543,11441169866.7365,-5983299594.64456,-203642571.435536,-111236497321.837,270077728750.249,-9457382228.45196,13153226124.7161,-573772848991.892,112950558500.226,-29903441340.5856,-50786786800.4794
2019 Q1,3452528184.54365,2538170472.6978,3349637737.85855,-129044493.701291,116239891184.22,21863668841.8339,80296163668.2484,11359875176.9978,31918648467.5261,24984542250.149,3508106142.94199,149855801.859687,51244149059.8861,873985122.701042,19834300662.0298,-575126354.752906,11763811961.782,720605176.691873,3631379028.90032,4638865446.4461,26074006980.2667,137554510838.949,-26316940554.2253,-30186898043.5535,215227377697.552,442155133484.276,262991817331.59,25063678622.5359
2019 Q2,1130168735.58851,5976405832.43774,471590778.98853,-847035933.399086,62829062966.805,-26458306093.9419,50063668968.0641,38882770733.5016,23160598309.1579,2154857249.12067,4128247744.34398,1121837634.70044,60855211948.0548,45801047399.0557,15477835439.5271,8580152019.17531,8023749506.23466,12495975500.842,2837170780.35076,3332533239.21932,103693804240.775,2705440975.7723,52483695425.3019,-27343494377.6537,-18311323450.5913,189225588383.598,258109376914.634,39375898908.454
2019 Q3,3608565707.17424,-5934370692.80821,973105795.481247,-689955320.59983,47792618813.9767,40198001569.5363,55526273767.9649,35762955351.0215,21719781144.2674,5500020934.14805,1064798997.34247,336768871.690249,58660263662.2594,36615520843.609,19308889973.8683,12230972958.832,12586548335.5459,20875469200.3146,2730378605.15437,-2113360703.49228,21909648396.0429,142450771483.832,28321309989.3214,4924840755.03618,109263899463.355,301110478473.128,363308613071.173,12562348299.6688
2019 Q4,3638775330.12011,2978703836.86995,1336864873.4823,-867822614.00288,74001844837.2022,-43585589899.84,2187156267.70638,33825817756.7528,62759909239.0284,-5901372540.88693,2020650570.80995,1260433366.43053,57470253379.6441,37805349897.8079,12089550458.6796,21219987327.9052,11623388072.6529,12812802413.7835,-7535835639.43331,8842123507.74815,39157272290.307,28434922247.3538,-19758378458.2333,31653863809.7729,-314527047968.201,-723878010666.757,32022544794.854,255888536746.146
2020 Q1,-615977163.026924,15262283239.5949,-5172975524.23106,-1622690933.47354,54853243258.3895,421731145002.746,61857368236.5131,20847288352.0258,13237621579.6021,22830396705.4882,4119116467.5047,-718996378.870747,50649991993.7451,211682134036.132,10984310532.0409,39092117792.4107,8189773964.75014,21825709965.3516,-2937943623.76831,6861299129.78235,37969704858.8082,726317461791.537,-170376017262.745,241650280545.44,-22699733417.126,2176526887793.93,-9501424414.58641,-271294473333.326
2020 Q2,1410123634.60806,-7743130523.21475,7122667553.26595,2388226501.59537,56788812328.1601,-238136307825.594,10726588730.5726,33269271430.4811,141126960401.349,571007293.342325,13717700930.4208,5815290546.85038,58325481047.5611,-25951382571.9592,2601540885.89822,12946566885.0523,-12075146657.9366,-229216041.863526,1368152675.28211,12360381427.781,94582561821.7651,-337784548541.228,53091712101.0755,-47544239.1861038,-207907035885.847,-866446671079.572,539671578242.639,245802848258.343
2020 Q3,-698951229.011148,6510139338.61767,2411048643.93583,1249291395.49213,44425386254.7,67262234962.7636,43129124657.2149,-23580876372.2371,21107313388.98,25570489105.4203,2276304695.2191,4072183517.92519,61633576287.2336,90506300788.9463,179583580.690486,37989448502.8041,9594152542.35,5768206816.15314,-2647242885.40471,3209951507.41352,166966358865.207,-238453526365.811,22750783248.311,129411118102.912,99674048790.7866,68340565601.5261,117319663519.044,285994980628.491
2020 Q4,2547842484.11248,5479998442.76392,583839454.55025,5275907095.8704,37004279702.9334,-47199499760.552,100101033352.844,25828051820.5667,12993707307.9094,15622890727.3298,1469554648.09177,-4066762326.51713,54876228556.011,128493159216.849,-626880880.121915,67880988996.6939,5513809589.31897,24253403251.8425,-1591821085.52729,9188629077.40903,30241552447.7249,190786970335.775,106455995945.946,56843955189.271,-191284916783.801,-12382534366.3111,148266897580.929,445329376528.1
2021 Q1,570211479.427873,4069865527.52318,-752957302.19707,9746247577.13357,60326879042.8913,62305053425.5983,8973417421.61364,35465315367.2039,33875559498.2473,24609447228.4906,4026131283.93254,9145758208.68497,63209751444.5713,183489665751.287,12718150104.6365,74397683031.741,16374588889.9086,-4902948922.83632,3382466917.12159,13387936570.4395,91203662968.9179,-8304634984.3013,242446796243.576,122376152678.273,441626412950.58,641422838264.807,210472715100.479,326277867763.147
2021 Q2,2213972084.49138,1294232508.25033,3369883921.72055,4583531191.70313,57088474105.5817,-58161647715.0027,16605365995.3149,20162029031.2785,19914814746.9174,13741284367.9713,5305036040.93534,8079617769.59698,68138327325.4159,124320295909.293,14293415938.8651,19462092062.8045,11844813312.4053,31297863314.0564,-4810921276.31839,10134134218.3504,146365064389.106,-48854623874.8793,89265059133.8811,131921926864.155,167893944941.172,184740246962.618,291105873889.862,350996964724.531
2021 Q3,3046046156.5633,3505002288.87094,1065664742.06586,17381144285.1913,80307780114.2308,134289135720.474,22965220516.5547,57623405190.362,33963037359.9615,36116758885.8228,2974218154.63505,6195152316.13422,70075348796.6974,89435902978.228,5366620220.78159,-2568831036.68268,4571058332.36543,3637678073.8639,5396870795.16741,10229542581.128,120897470435.442,-4366314726.1811,198179958417.077,127579519970.878,289672113590.355,437925736746.324,158628463779.755,124034959753.98
2021 Q4,4640547573.80556,4222809396.36547,5610635116.58582,1409285750.41303,84081838550.7652,-28344727238.4228,-8856382737.42872,62679071561.5229,46146396221.9072,36582348237.67,6190120166.74302,7051599122.90097,86196641110.5697,133708258483.034,8539307992.09397,20346012741.0236,3078031836.01703,-8314273322.99357,-1121618320.28964,8774284569.8229,88217034745.5922,169497860481.937,25287226252.3179,-94606991043.7633,171027243796.777,225456875787.44,151948799036.405,91009733854.931
2022 Q1,4301632341.01375,5851798245.6843,738455508.422547,2625360054.80551,148722337656.694,253082040209.828,-30780170864.103,32808755709.1928,-7564976358.61369,123452531702.387,1561080825.11192,-863608359.995575,78954772495.0847,80459973251.9885,29795536110.3945,17447680029.6697,22718738313.168,13728624789.1684,12757223321.6023,5000876732.55533,180851260458.043,44741864544.4275,111322911166.098,43979437693.2673,366771764998.15,1318337379244.18,85557404195.6693,-157624353107.716
2022 Q2,3528974520.41034,8180496967.13576,-1923751680.92222,1027501797.07018,68963491678.1981,133898979407.203,-70177650101.7339,17096217449.6254,-17159351844.9846,45866742247.1454,2899504538.903,1086488823.71777,59820840538.7838,70001136799.8656,33497017981.0534,10738202048.5867,18171543193.3832,7490582034.77303,7966134280.11133,-4471385172.31144,133738763733.283,49576718427.9672,49469602222.2607,198498104144.465,383606568393.741,305482538688.171,51295488026.602,-91265040176.1576
2022 Q3,2180023997.73368,-1636283054.9262,488327971.95731,637930846.55367,77567082939.1463,52734472215.3801,-26087823311.8717,-17902008926.4156,13772263965.681,23903975990.0005,-847410258.849517,-66513930.5427844,75518723414.0612,14497664328.3368,61359126726.1798,7477073800.40467,14603986817.2418,7419121971.49975,318324896.496601,-6465728609.40008,73580837097.9209,27291650766.6355,117561068973.458,161063121547.685,193955670525.362,451452301320.8,-15468896351.094,-193766273281.533
2022 Q4,3319303636.22372,1771291664.18035,3130800471.99102,-1240567762.52492,71088503115.7977,-123018855878.327,-47193850051.0776,31219505104.482,20245004553.1272,-6423912327.05209,2980576018.75503,1132998931.09625,82438538836.5686,-36834187371.4515,16082843324.7991,18116993357.4355,15264210909.0168,16757824164.4707,-465020635.763301,-159612586.089871,89013763916.513,27638332611.6858,-76077133073.71,-293045216730.701,-312448044604.286,-975045925579.29,275314059707.12,126424394754.356
2023 Q1,1219073556.48488,1014391457.94775,3704748441.13245,-5231616748.17185,49527467256.6547,24339681050.9498,99730893413.3197,11151156647.0606,36410015438.5357,39061314833.2894,3577806154.1102,4067721971.67883,73030609671.1212,-60157129081.18,25776750258.1502,20435983928.5702,9155711411.80376,-1377036049.21166,8970518670.39931,-72065521.6230515,142743764446.214,52977718905.7143,59808662238.292,-58505416562.4202,111114631052.615,750758597683.188,254405491177.078,66049742870.3721
2023 Q2,919366588.456097,-342154903.07915,4723506707.10116,-156756886.089147,43149294834.843,36796062782.441,50240077576.0889,-9937372294.38134,-1813343472.29548,22768936071.455,7361364616.1377,3132326596.75514,65230881118.6656,-35560769247.4541,9297437978.2535,7548107484.9956,6408081786.0583,10871870982.1618,5646001162.79044,2469663693.17617,93884141736.6397,138890751300.86,21556350293.3802,41662342637.4364,-77950603649.3261,-291754603308.832,422781048376.12,172203550799.102
2023 Q3,1471595712.83469,4478952157.8339,-2066238690.67887,1044396175.55515,81089020598.19,78445183586.2885,41263885982.7195,4621985764.30656,17914850339.354,39824969759.1231,7282120439.80327,3000121126.49979,78679522031.3314,19249894023.2563,-3392951639.69572,21037517451.8171,11612977610.7241,-6454241160.39714,4589513788.07143,5037023689.41617,154741966867.236,121643954680.795,26804434421.3408,43615326117.6024,120719676498.145,355154656837.997,277108033943.652,-25800752920.1438
2023 Q4,1489258056.16419,2302965728.50442,4744751662.5435,2843031969.59806,67210403859.4592,-89543187464.2096,27351398680.6485,15092687766.0081,-77357263124.4948,5209291597.39649,-735720176.314465,3357118202.12139,76383356860.549,47477145018.1065,1469406897.28869,12400497316.7524,12964831347.7127,12148809199.8296,-218703924.419741,2531639338.53019,151493507232.52,270082541440.127,5723314656.6856,-19433697543.6948,-474765494631.878,-378445039981.326,218239856718.092,82565907078.1637
2024 Q1,3170558854.33457,1073481272.35215,-1111131216.9416,809611043.787635,58223251165.744,92561375560.6415,63200521534.0988,20580160545.0486,16058468891.3487,79649764482.9482,9490813532.91202,5644836309.26814,62307899286.0507,29223177840.0813,33838557130.3042,32462023404.8121,11254293290.4096,9448087327.43436,4148773997.54834,10552836726.6374,147419824622.806,-29096321495.921,113698646161.004,87280751723.1308,312848006464.219,865706347489.345,497624711693.249,101411861954.257
2024 Q2,2978322575.37719,4779694666.3659,2839159981.46928,5261889437.74606,67712203265.8174,50847279229.6146,-16312440016.1164,21017609585.6675,-43527871421.125,16457115472.3108,5858318695.99656,6414796411.95776,87962976914.1793,16223646408.7346,11520194620.8305,39540266886.433,11213983477.9026,-17749738969.1887,4627345775.11946,7844522783.75298,85464097100.5512,56889045513.1939,95823897051.5681,30189724937.6924,37400624124.605,-114936910744.734,267205643252.949,128794512011.126
2024 Q3,1523045736.45203,14435619174.5758,27254845.58863,4263649419.75425,69142982898.6823,-28903825482.7453,80571963569.594,60101948525.1889,8894360142.61332,44070059291.4724,4866136032.97724,6581978389.80533,54043649700.0492,91292155800.3356,15397206642.7427,33437915606.9726,11438925330.2778,7089302918.3151,-561355164.79283,10230589858.6323,128107386575.458,108026575434.768,33164307171.2282,55778702644.1679,101886253494.592,551929708772.142,399152755933.566,151492119336.8
2024 Q4,1474704936.16109,-1841254030.69896,1245609960.0561,7982137360.11477,78911363601.3017,33228032439.7672,-25678006670.4686,-9553547188.47233,5114274797.55881,11531912035.81,9326247979.67993,4639354618.156,53178739322.3372,118309808556.496,48212062205.4933,44774465221.2599,15167643873.7848,5577716712.21204,1634281183.07475,3877252680.89641,102398905350.64,1388282410.7352,23026126115.4664,4059228065.50196,72302746969.0194,-309229364074.948,130951738494.4,57144444293.7142
NA,NA,NA,NA,NA,NA,NA,NA,NA,NA,NA,NA,NA,NA,NA,NA,NA,NA,NA,NA,NA,NA,NA,NA,NA,NA,NA,NA,NA
