"GDP","GDPDEF","CREDIT","INFLOWS","EULEV","FFR","VIX"
10083.9,59.105,9.57509964348106,18.177,1.13560995782576,8.29,2.7408400239252
10090.6,59.611,9.65426511211181,42.848,1.13596885211124,8.2,3.37108175775753
9998.7,60.055,9.6877082636607,33.678,1.11871037465413,7.31,3.27260614728917
9951.9,60.643,9.63291436196133,7.93899999999996,1.12752683488629,6.12,2.82612948916781
10029.5,61.088,9.63832319113806,11.076,1.1396126424051,5.9,2.97297528643137
10080.2,61.566,9.67865126884731,9.50300000000004,1.14558325858405,5.45,2.76316950032329
10115.3,61.931,9.74469780186912,12.316,1.12551109352687,4.43,2.96062309644042
10236.4,62.161,9.70229390615336,17.568,1.12329267887408,3.98,2.78377591163035
10347.4,62.535,9.76094022932659,16.706,1.13596271073624,3.76,2.59151638484626
10449.7,62.841,9.80115711764873,20.5619999999999,1.15831083760129,3.22,2.65885995691144
10558.6,63.273,9.74329054394899,13.1690000000001,1.11854755096553,2.92,2.53131302260216
10576.3,63.628,9.77268053952501,-1.62100000000009,1.1103434796697,3.07,2.52812576890798
10637.8,64.007,9.805147349234,39.2850000000001,1.11672598957259,3.04,2.42125662271154
10688.6,64.387,9.82290129408318,10.593,1.10897530616431,3.09,2.56417983068251
10834,64.738,9.79963687474634,8.77800000000002,1.10648542514249,2.96,2.45616418092235
10939.1,65.048,9.82861521059544,15.491,1.07690489541495,3.34,3.01798288248881
11087.4,65.362,9.86996566625354,2.82600000000002,1.07534033379292,4.25,2.70604819843154
11152.2,65.737,9.90311544840013,9.77499999999998,1.08048649452932,4.73,2.65885995691144
11279.9,66.093,9.91438789982647,-0.754000000000019,1.0853772802071,5.45,2.58021682959233
11320,66.452,9.99149132626486,17.7760000000001,1.11328061910791,5.98,2.59301339111385
11353.7,66.771,10.0287374761223,67.732,1.11342094368618,6,2.43185742869818
11450.3,67.1,9.96913790645778,17.814,1.11778084667069,5.8,2.54474665014402
11528.1,67.423,9.96812463194825,82.9169999999999,1.10616932119748,5.6,2.52732736567195
11614.4,67.747,9.95930347419496,-19.288,1.1066505149186,5.31,2.93810316071735
11808.1,68.028,9.95957250739584,9.95500000000015,1.12197432932287,5.27,2.6159349121944
11914.1,68.251,9.964134547191,16.9369999999999,1.133950699922,5.3,2.83026783382646
12037.8,68.615,9.96749681145676,27.7570000000001,1.14979040111605,5.29,3.04070563919672
12115.5,69.025,9.92594875010554,49.309,1.15174392766417,5.39,3.09738592728049
12317.2,69.162,9.96868345444628,36.4010000000001,1.1908030727563,5.56,3.06944731137627
12471,69.464,9.94446391033767,38.058,1.21112845360558,5.54,3.1315734964654
12577.5,69.695,9.93913478956806,48.123,1.22784282656765,5.5,3.17847041023316
12703.7,69.794,9.91489833115065,-61.126,1.20803468678438,5.49,3.18717873812495
12821.3,69.959,9.91232084889008,26.3129999999999,1.22433792561924,5.56,2.98112612116463
12982.8,70.255,9.94617960406306,-30.1679999999999,1.23252277145161,5.51,3.71235181029908
13191.7,70.453,10.015609118556,9.44499999999994,1.24070761728397,4.68,3.19540246868256
13315.6,70.682,10.0008127601977,18.71,1.24889246311634,4.81,3.14673514709052
13426.7,70.949,10.0049008548656,36.642,1.2570773089487,4.76,3.04879899449068
13604.8,71.2,10.0672622481285,-4.80400000000009,1.26526215478106,5.22,3.23514279733207
13828,71.595,10.1033824206726,23.2259999999999,1.27344700061343,5.3,3.2092294478164
13878.1,72.071,10.100185702218,9.58300000000008,1.28163184644579,5.85,3.18262669219308
14130.9,72.52,10.104018540011,1.58200000000011,1.28981669227815,6.53,2.97246364661464
14145.3,72.944,10.1117332651143,12.346,1.27458864057313,6.52,3.02383370366487
14229.8,73.337,10.1061144399262,43.548,1.25934875917581,6.4,3.29026582095487
14183.1,73.822,10.0800783407345,129.758,1.25202386385302,5.31,3.35480434209244
14271.7,74.266,10.0891399679042,29.672,1.26867129237921,3.97,2.94759189822606
14214.5,74.558,10.1196839745287,-9.10500000000002,1.26907574725953,3.07,3.46354600672669
14253.6,74.792,10.1318778612807,45.8000000000002,1.25256998479601,1.82,3.16968558067743
14372.8,75.027,10.1506195897893,20.1959999999999,1.23606422233248,1.73,2.85647020622048
14460.8,75.289,10.201634299699,15.4269999999999,1.25665154385541,1.75,3.23474917402449
14519.6,75.65,10.1997229123029,56.471,1.2774827052076,1.75,3.68109926679497
14537.6,76.089,10.2443592938651,45.8300000000002,1.26118997381107,1.24,3.3541057741283
14614.1,76.461,10.2613409355138,57.0129999999999,1.28299538989186,1.25,3.3724549127965
14743.6,76.73,10.2995436089768,87.3989999999999,1.28791336028348,1.22,2.97143958098495
14988.8,77.169,10.3306232619297,41.6300000000001,1.26644773460982,1.01,3.12324559385295
15162.8,77.639,10.3901530132328,60.865,1.21723666004224,0.98,2.90744735868642
15248.7,78.193,10.3970570093549,182.246,1.26609957067812,1,2.81780106506133
15366.9,78.824,10.3922412151958,-44.828,1.27844916370084,1.03,2.66305283517147
15512.6,79.324,10.411213336595,31.0049999999997,1.29846874618264,1.61,2.59076704048748
15670.9,79.939,10.493701927752,80.4150000000004,1.32892525246913,2.16,2.58701187272515
15844.7,80.578,10.4830780876104,216.539,1.31002641129165,2.63,2.64048488160644
15922.8,81.158,10.4706154726473,52.7950000000001,1.33983492095471,3.04,2.48823443988067
16047.6,81.898,10.490342977483,112.239,1.33080050735547,3.62,2.4782176616372
16136.7,82.571,10.4952034655733,44.6179999999999,1.32146310022559,4.16,2.49072303510944
16353.8,83.156,10.5367780067596,223.313,1.34276351596517,4.59,2.43273577745909
16396.2,83.882,10.5903074359451,169.443,1.34213203522398,4.99,2.57108434602905
16420.7,84.468,10.6117760763742,141.592,1.3669321705214,5.25,2.4832385926873
16561.9,84.77,10.6661849826341,236.006,1.35139987537888,5.24,2.44755086324423
16611.7,85.576,10.7015999652738,262.065,1.34801658391769,5.26,2.68375750853317
16713.3,86.171,10.7428528524256,277.072,1.34144688759928,5.25,2.7868613815265
16809.6,86.642,10.8085180296894,104.059,1.33757791289052,4.94,2.89037175789616
16915.2,86.993,10.8540664168087,-1.41700000000037,1.25665155760312,4.24,3.11351530921037
16843,87.315,10.9295102209919,256.211,1.23944470473031,2.61,3.24298290021143
16943.3,87.738,10.9435193891413,-179.072999999999,1.2431912368021,2,3.17596832385692
16854.3,88.399,10.9000764951307,-13.9170000000004,1.25701620502906,1.81,3.67351197698281
16485.4,88.613,10.8850983870474,-417.204,1.22269428601161,0.16,3.68887945411394
16298.3,88.543,10.8337593873225,-38.0320000000002,1.21913537351993,0.18,3.78736640082859
16269.1,88.396,10.8816977235241,22.9929999999999,1.23782270432615,0.21,3.27146827498737
16326.3,88.501,10.9029190941951,49.0505000000003,1.2570635823231,0.15,3.24298290021143
16502.8,88.781,10.8952096652501,-122.0725,1.25531297131197,0.12,3.07639017657145
16582.7,89.036,10.8854316328621,115.147,1.23897037876041,0.16,2.86733055874947
16743.2,89.471,10.8684093104059,-55.578,1.25381473118007,0.18,3.54211807271853
16872.3,89.743,10.9439381320515,223.269,1.25025692685758,0.19,3.16547504814109
16960.9,90.264,10.9602908263404,-15.5230000000001,1.23006527991391,0.18,2.87638551592142
16920.6,90.726,10.9947272656944,173.377283,1.24288432925351,0.14,2.87582197688143
17035.1,91.326,11.0217814473418,37.1927170000004,1.27932441907818,0.09,2.80457176809283
17031.3,91.876,11.0137618821663,-91.0280000000002,1.26111982278351,0.08,3.76026945020061
17222.6,91.985,11.0063243510474,-15.0949999999998,1.27228347171181,0.07,3.15273602236366
17367,92.525,11.0269060957296,-9.4512650000006,1.24750746874454,0.13,2.7408400239252
17444.5,92.907,11.0135778835592,-104.614433,1.24923525964805,0.16,2.83790818836042
17469.7,93.417,11.0469408766597,106.880783,1.25297882322393,0.14,2.75556971707019
17489.9,93.885,11.0526281688109,42.746001,1.23879436655152,0.16,2.89148225218019
