Series Name,Series Code,Country Name,Country Code,1990 [YR1990],1991 [YR1991],1992 [YR1992],1993 [YR1993],1994 [YR1994],1995 [YR1995],1996 [YR1996],1997 [YR1997],1998 [YR1998],1999 [YR1999],2000 [YR2000],2001 [YR2001],2002 [YR2002],2003 [YR2003],2004 [YR2004],2005 [YR2005],2006 [YR2006],2007 [YR2007],2008 [YR2008],2009 [YR2009],2010 [YR2010],2011 [YR2011],2012 [YR2012],2013 [YR2013],2014 [YR2014],2015 [YR2015],2016 [YR2016],2017 [YR2017],2018 [YR2018],2019 [YR2019],2020 [YR2020],2021 [YR2021],2022 [YR2022],2023 [YR2023],2024 [YR2024]
"GDP, PPP (current international $)",NY.GDP.MKTP.PP.CD,Australia,AUS,296612834071.745,308275135699.637,319054474737.501,338875878220.141,359150262656.584,378798712906.686,403354058864.168,426032065769.344,453620247395.633,479437912024.365,505056094140.601,532864799310.005,565994508002.305,594024458977.883,633138917180.184,666573991108.909,712648996565.745,763412360149.174,797546165740.298,874442486513.615,867452812307.34,938789002628.632,974432428747.204,1062294635632.22,1101098183876.09,1101816795436.34,1143265965868.5,1189571541596.14,1252748396187.98,1334462906706.38,1384652202439.55,1494437295625.78,1713614547048.26,1879379921223.82,..
"GDP, PPP (current international $)",NY.GDP.MKTP.PP.CD,Austria,AUT,148819509148.477,159147311749.901,166181925077.453,171017172382.081,178864816865.662,187487608255.905,194340605239.241,201549397000.674,211617683713.168,219789588984.161,234055806855.059,237701257456.157,250154113650.079,259584438571.858,273948983717.384,286136493567.015,309214389032.941,325131802424.247,341570699090.85,339285440340.572,349089444117.312,370671977954.567,389098738029.221,402959936317.639,413263298435.022,428354580959.906,457782737463.171,473923403470.152,500696126093.049,535946931732.608,521841933098.151,563937063927.255,639574811164.389,643595441773.677,..
"GDP, PPP (current international $)",NY.GDP.MKTP.PP.CD,Belgium,BEL,186143914588.878,195966424619.526,203500309947.015,206320181481.636,217526046011.997,227383463991.073,230928998259.576,241579537994.353,248634626792.289,260168701709.78,284862666666.667,296218031614.831,312900377877.018,320981343828.761,334143156430.084,347658412088.972,371910293569.293,391020785776.548,405729462246.522,409034917983.614,434128146075.674,455271537460.137,471861624035.897,489497572460.263,506062503280.372,519562781951.127,548605717461.086,571670659099.524,599540192091.147,651568428663.066,647547562363.422,702892004067.138,795862119611.576,814190704920.337,..
"GDP, PPP (current international $)",NY.GDP.MKTP.PP.CD,Canada,CAN,560184961451.598,567048053070.888,585191423921.596,615002687930.82,656367194071.933,688183583810.054,712130924872.247,755390170461.408,793674327704.288,846412945809.995,900996986801.064,937786776176.929,971003788233.131,1023682523002.92,1083609294356.44,1171326187910.13,1241594039979.59,1301593351698.17,1342395839240.43,1307000908301.48,1363577286343.32,1430806739876.64,1468097961846.59,1554125000000,1621395561291.92,1594900336857.89,1678092366067.55,1765762548007.77,1852985933143.48,1899695367283.6,1847837502049.2,2163420977540.03,2442788782560.31,2547198393545.99,..
"GDP, PPP (current international $)",NY.GDP.MKTP.PP.CD,Chile,CHL,59203042078.1421,66075690480.2552,76266169098.8247,84364774168.2908,91998297195.4012,104524492338.023,116331728719.055,127084973049.645,133888459732.619,135403718285.286,145355726570.836,153318300830.111,160694762437.438,171606243155.843,187973652898.553,205184272360.574,256070327751.867,278373990855.263,275754675659.093,271327840688.241,307855669991.931,349147748327.253,374316599644.856,392670388751.635,402902197383.282,405311397639.034,424831691034.163,450891850924.637,478093905184.167,491687970151.703,491062045094.545,566321924503.659,604411920381.965,644866252594.615,..
"GDP, PPP (current international $)",NY.GDP.MKTP.PP.CD,Colombia,COL,165749937380.91,174785148003.957,185999296394.144,200662339787.782,216863846989.758,232929565322.641,242070320401.609,254691613364.287,259021506595.33,251643517109.074,264870681670.303,275379079755.352,286661049058.578,303774557819.28,328579327985.081,355245575259.623,390797993616.953,428431872795.523,451024877841.145,458978514358.005,485436645881.429,529875186711.481,552844741595.573,589812009091.885,621898180361.74,626205847138.119,665398390495.011,693117074956.624,747103674534.628,807590595866.731,785737564322.414,889808627041.398,1069817678339.23,1087468965054.37,..
"GDP, PPP (current international $)",NY.GDP.MKTP.PP.CD,Czechia,CZE,132329237175.516,120914566891.057,123043662093.032,126038183406.704,132474775022.484,144045164988.908,152411031059.686,153610280115.448,155061690900.552,159337917754.5,167452851419.141,180949719059.407,187052563018.901,199869532999.53,214046662076.254,225819370350.942,244907365718.829,270535436010.461,290123393361.636,289284605320.029,294927810202.591,306876088631.92,309706664288.31,326079204734.886,344636591853.555,359643570544.502,385090482980.626,416849081359.128,442610888485.24,486786860810.413,479686413475.524,502134232985.641,551853486423.139,578156304945.212,..
"GDP, PPP (current international $)",NY.GDP.MKTP.PP.CD,Denmark,DNK,93706039466.611,98214850334.7566,102485531699.418,104829358678.936,112739320656.372,118596384121.706,124808248353.89,131497148470.869,136833603871.552,141784548049.729,152935674479.406,157881125433.367,164861508226.377,166396484113.45,178457226748.448,185552256869.12,203355644877.135,213605136245.018,227806103577.384,223703046979.697,238785561007.093,247576922067.284,250251713083.953,263167333211.328,270207300529.4,277981042931.118,296830932013.305,318639654733.583,331590779599.812,352324705726.533,365525756328.655,408303200976.803,456897040142.032,438513061150.911,..
"GDP, PPP (current international $)",NY.GDP.MKTP.PP.CD,France,FRA,1017918131665.62,1064399725552.88,1105738915576.17,1127154785825.03,1178993308760.93,1231773982403.26,1270414110757.59,1330389770082.69,1400106907159.24,1464382542213.3,1583999694706.05,1678300037622.89,1752380317938.26,1744718780179.86,1813824938509.25,1922671524499.76,2063300819387.21,2180893232947.32,2256557852935.91,2243175421296.4,2335191628255.22,2450959100790.27,2473391243170.39,2612419376499.27,2666947056893.25,2722896108490.27,2861145268728.42,2975787193760.88,3114875305157.85,3445276604424.67,3345024904336.17,3562923665911.4,3823961003427.32,3982377923514.52,..
"GDP, PPP (current international $)",NY.GDP.MKTP.PP.CD,Germany,DEU,1550613715629.64,1684938757794.22,1758116904816.01,1780583740143.84,1863860562843.26,1928823780227.81,1979067789044.2,2021638908928.72,2087621230186.38,2177128848707.55,2258167813956.64,2361564516458.66,2434539237038.42,2501219461829.45,2620503338140.74,2664895195600.89,2862479058024.02,3036889882250.07,3156602685759.77,3075795495173.4,3249037482302.09,3483801358877.91,3557185428697,3700747563191.81,3882203613560.02,3966574668375.51,4246712764148.12,4472591345398.62,4665360433368.49,4924980320308.75,4880368289108.07,5202314428956.1,5663892390556.98,5763465942185.66,..
"GDP, PPP (current international $)",NY.GDP.MKTP.PP.CD,Greece,GRC,133756985628.118,142567117906.849,146836642847.327,147912201618.687,154092217257.255,160626689070.923,167327585318.46,177260285546.671,186884479565.378,191106293072.719,203320308860.245,220567406485.432,239683510642.31,254138433443.691,272004077789.009,274724928629.46,309475181924.128,319266852235.036,337220235581.276,332630577199.614,309638809529.415,285313440265.409,271519220404.783,282144538291.678,288106298935.587,287996160333.187,296388230996.636,308462278341.892,319754656488.279,342312014300.186,315962662965.275,354397719330.586,406715086017.971,428522833617.816,..
"GDP, PPP (current international $)",NY.GDP.MKTP.PP.CD,Hungary,HUN,94747098938.931,86302862366.6489,85564892983.5803,87088437261.0667,91569586195.2899,94882260468.9423,96399905991.784,101083709088.45,106752095183.107,111315201192.571,121047828577.684,134596492281.87,147567884018.729,156796359284.069,164436278997.343,172572943492.797,185148362034.903,192051584445.279,208006336840.2,207690008145.173,217389465937.701,229643360222.022,230821510873.975,242855184363.456,253484631538.851,263852647468.433,274222712840.714,288707447254.494,311927136865.25,343481047231.953,341546873384.495,372123624905.567,421477724025.327,431852693126.151,..
"GDP, PPP (current international $)",NY.GDP.MKTP.PP.CD,Iceland,ISL,5598639941.47588,5775035055.50372,5707359074.34331,5919382969.71728,6263970914.65991,6402775818.379,6660262547.88888,7284697334.38553,7870880036.2562,8198700509.48308,8375093029.85957,9086333221.49219,9375292903.83657,9467640392.32602,10402862044.4128,11074925909.5813,12060170222.0007,12921528405.0239,13879915595.1021,13333310873.277,12647987098.348,13059433954.0833,13471498420.0286,14378252058.9283,15058763610.4313,16280817030.1433,17939410954.5851,19106258173.1223,20174853794.3579,21822649369.3723,20447442733.9865,22999973160.4638,28121128804.4102,30034875078.927,..
"GDP, PPP (current international $)",NY.GDP.MKTP.PP.CD,Israel,ISR,73016098640.637,81317433514.2208,89623982921.0633,95525429143.9726,104812308803.573,114075943884.58,122982338274.162,129799318890.686,136595657048.449,143122502989.607,161809149904.475,165742190498.299,171106909511.603,164972947325.009,177329284640.42,177607392323.303,185766925777.53,202278507898.438,204628967173.967,209388506322.147,223841336440.207,242552946273.325,256308256800.017,279897511854.204,285198248040.104,299845903697.233,325369041821.444,342746420825.275,355909133545.276,373229738078.171,378289277687.224,432476810609.178,511764068442.609,527412998477.069,..
"GDP, PPP (current international $)",NY.GDP.MKTP.PP.CD,Italy,ITA,1058827882084.8,1111475562061.48,1146288692809.39,1163452148162.45,1213857027382.44,1275087213867.71,1313028330958.53,1361453089742.71,1426859939137.68,1460169980172.29,1545768752662.19,1603164497258.89,1646072139397.13,1679092604191.41,1710835263471.15,1753016877957.85,1895691665643.8,2004103450704.83,2097398729606.2,2053694261322.75,2092362873127.09,2184513771818.95,2183804737265.14,2198918891792.88,2211700088150.52,2252253163528.53,2433618302347.88,2528635516998.96,2609651815348.66,2787073032822.59,2641203589480.81,2946333608376.68,3317675564504.32,3409903455569.52,..
"GDP, PPP (current international $)",NY.GDP.MKTP.PP.CD,Japan,JPN,2458757725394.36,2631467510417.43,2715675018159.04,2767279212213.77,2856992786468.72,2993644735915,3143992144629.41,3229588924781.63,3224451308869.43,3258971755243.63,3461199212871.49,3552841434344.91,3647933229747.3,3753919256711.54,3938955753801.61,4110440479265.64,4300322202225.7,4482081297524.2,4517267516318.56,4295629000666.77,4525401285474.55,4629400479632.82,4799612889015.1,5021591088716.88,5034454618847.27,5200905340128.5,5158900389806.61,5262254961496.86,5344060957173.08,5404462313923.95,5358320688497.43,5569642382128.5,5921982875589.37,6200174078947.15,..
"GDP, PPP (current international $)",NY.GDP.MKTP.PP.CD,"Korea, Rep.",KOR,358187125246.697,410211321362.576,445566678589.937,487498211137.348,544057830051.644,608871842065.342,668944044114.198,722468658677.207,693124625328.878,783492526099.428,871475638525.286,934349291854.747,1019446685620.94,1058222737252.78,1143105567943.22,1213618156671.84,1302227991055.99,1414985950534.54,1468996086974.66,1454994406417.93,1572680440074.07,1625275455251.2,1684562928828.18,1726902752731.95,1792600237630.01,1933849119227.42,2026967821102.36,2103651261121.49,2220442287180.66,2270666072345.05,2340031075342.67,2506662609666.9,2647260793541.75,2699603936744.09,..
"GDP, PPP (current international $)",NY.GDP.MKTP.PP.CD,Mexico,MEX,710444763555.151,766538541674.934,814844731744.505,792462861022.088,844950630889.078,811682208990.529,877940670548.948,957371746254.509,1028028122579.67,1071236887499.62,1154351047159.31,1175035890451.65,1194403399028.06,1242555251251.05,1321401660883.87,1403085812802.32,1559647592038.59,1635081164230.96,1730732432366.58,1701569666080.89,1807626674734.99,1989888022736.31,2103287719177.25,2150334057594.28,2254435512803.84,2309495216310.08,2457812552694.79,2528308608734.21,2606266095235.82,2636530051532.45,2454084724491.15,2652858836379.45,3002527417602.44,3216206537794.53,..
"GDP, PPP (current international $)",NY.GDP.MKTP.PP.CD,New Zealand,NZL,49518971203.32,50890228984.9286,52754607399.5854,57027516155.8296,61942364885.6528,65700058302.3503,68824180125.5978,72326061050.1925,73705737298.8592,78923926226.423,82942977611.2998,87392899360.8759,92024844754.3231,96601932011.8996,102582703525.706,106147882736.156,116097800672.812,123983315954.119,127057661824.005,132016477345.688,135802972088.336,143366208699.69,145420433772.705,160996114051.449,168455574604.541,173095587298.403,188310543730.5,203167246580.789,208272451464.565,224879077249.261,230501909066.184,245002951497.064,271464058971.706,279123148302.97,..
"GDP, PPP (current international $)",NY.GDP.MKTP.PP.CD,Netherlands,NLD,286922888490.239,303860770800.732,316087835761.532,327649390290.768,344555199678.282,362741886910.244,381350597371.961,406743630257.871,435827725972.237,463551337938.583,507830424836.344,533743802621.08,558243595308.055,556377856442.041,585583084646.17,616539911875.417,673735349876.881,724153608587.867,768245112205.479,742805312311.034,752782154873.483,784643538480.86,798429903639.945,833870397887.156,839056229120.25,863433778608.75,905370307047.094,959996164418.585,1013551388032.39,1081370572466.31,1091779125681.31,1202303330254.13,1365670124059.38,1399872810238.12,..
"GDP, PPP (current international $)",NY.GDP.MKTP.PP.CD,Norway,NOR,78249037932.3564,83390389650.9357,88339469852.1445,93006413020.6215,99794625334.4358,106121285088.967,117491281218.118,126002322565.46,124960335225.466,136417342193.7,166105124890.993,170770910037.424,172705270003.633,176590090417.754,195950288595.853,221764770681.486,253397171103.576,264566358944.122,295976050426.666,268567142941.591,284650365882.132,309370326298.155,330093387414.194,342254463749.269,340765243535.079,315229572404.503,310303329051.275,340837019722.395,373182530590.832,379377632591.484,361019819522.159,481254696871.484,669148890402.146,557083540254.216,..
"GDP, PPP (current international $)",NY.GDP.MKTP.PP.CD,Poland,POL,235562198119.376,226443375167.357,237428561036.045,252142833435.816,271157480919.483,297547759292.65,320860585554.584,346494932153.369,368079506372.159,389722131423.02,410090821650.328,427478535031.188,452696001489.058,471080407788.89,512209063094.777,531856746243.163,580057218081.519,641715874972.687,700460796974.123,735949018061.631,798641868411.475,868165962038.92,903168300515.319,929470019210.633,967768860680.126,1025456140420.47,1076820000427.04,1145711205425.05,1228297337147.81,1362291050579.99,1391432848266.15,1518447457166.84,1696649925504.66,1708547282008.43,..
"GDP, PPP (current international $)",NY.GDP.MKTP.PP.CD,Portugal,PRT,117521606947.145,126803205637.569,131105881735.568,131471270594.324,135574220559.299,144345275019.253,150118280391.081,159578204750.343,169542608181.952,181041025245.14,194263583306.103,202390992092.181,212108753260.396,218089850095.557,225176871834.919,238691088867.445,259717053549.113,271364685233.581,281542630016.914,279615838418.23,288593859409.849,282976747881.101,278393304900.247,292449626203.935,299181613079.32,306764323945.348,326173486566.704,339609538500.021,358872472764.77,389495112468.609,370352154969.923,400564219793.07,464925463530.284,500676593402.066,..
"GDP, PPP (current international $)",NY.GDP.MKTP.PP.CD,Spain,ESP,531181732618.107,563126159099.33,581311337153.544,588951665116.061,615863755657.61,646116288831.146,676728755428.961,716994973846.872,767527965859.34,805240729968.48,875357033268.134,937713874448.508,1010011962624.88,1057244126223.95,1122978613947.74,1206123912941.78,1365452811269.53,1471560026439.27,1532566796443.4,1492955355627.23,1481528092978.47,1496494330856.19,1490647159038.59,1519934795494.96,1568558742313.46,1635832322642.58,1747416921343.7,1854710948435.34,1918771506082.64,2075228716950.46,1862544224980.41,2099468112223.22,2411673616292.85,2573555479216.75,..
"GDP, PPP (current international $)",NY.GDP.MKTP.PP.CD,Sweden,SWE,174444541108.456,178277144632.824,180227351648.906,180688307192.513,191797327583.021,203627407961.271,211678675068.223,219479910038.053,229199087522.528,243559999570.165,262879690462.463,266427022654.496,276560060890.271,284796233898.644,304065756556.434,308796792803.43,342150890773.634,373372894927.264,386364552808.263,372620769211.713,393469864282.61,418907440738.07,430342211368.346,442560499744.059,454179386100.656,478054809710.972,499029649583.466,517711152885.815,540532181742.57,586373975348.365,595211778250.692,653401537327.891,696077173608.22,708040808266.424,..
"GDP, PPP (current international $)",NY.GDP.MKTP.PP.CD,Switzerland,CHE,191005018296.087,195655861759.977,200027191466.873,204510564935.933,211529959212.077,217004091175.056,222747306457.878,232005796537.153,240727947879.243,248201049346.696,263627541287.892,273454243730.002,281956062254.352,284293141607.109,296889791565.933,308825076428.302,346323158154.133,384574558162.247,411512093039.143,410201362487.713,425928053025.405,454912095759.708,475340741851.246,498760487993.313,519299911605.986,540696214191.359,563950610001.631,576360597477.87,601867859451.371,632274562999.588,630567393919.535,703436916586.541,791822854699.455,795895651007.545,..
"GDP, PPP (current international $)",NY.GDP.MKTP.PP.CD,Turkiye,TUR,459622869909.126,479623002509.401,520003285775.237,575128310466.254,555430499634.542,607831667113.743,661369939615.493,722169136910.542,558260454866.419,546531228972.082,609012301398.467,595895417268.146,612446571084.024,641096984002.846,735785897620.4,815102819831.078,945291887133.81,1043000500284.33,1139547816150.73,1112437870348.36,1268553834186.7,1454111481655.52,1550688774591.71,1703669566586.39,1860471150579.8,2022939852651.27,2116397789617.2,2264269908091.15,2303774665903.06,2350308130312.31,2391489351774.66,2637031078345.11,3322805935564.67,3611520825480.45,..
"GDP, PPP (current international $)",NY.GDP.MKTP.PP.CD,United Kingdom,GBR,976325796619.738,998208368444.485,1025052535905.89,1075475712162.61,1140688764185.98,1194092093587.88,1276092434676.89,1345091654521.78,1385425367480.76,1437339061115.79,1562409690541.96,1650357031262.37,1727031050462.62,1808366865946.19,1922940594923.09,1976697912294.61,2113503098384.48,2178376960471.15,2271085135764.89,2181122499274.74,2290198529537.39,2354769903633.16,2442462879506.98,2562195072837.32,2666661894153.29,2767977872942.74,2892297884267.12,3041891554350.64,3129649825363.44,3335878386954.67,3219066303872.09,3416480549650.62,3957840318954.77,3979687714893.52,..
"GDP, PPP (current international $)",NY.GDP.MKTP.PP.CD,United States,USA,5963144000000,6158129000000,6520327000000,6858559000000,7287236000000,7639749000000,8073122000000,8577552000000,9062817000000,9631172000000,10250952000000,10581929000000,10929108000000,11456450000000,12217196000000,13039197000000,13815583000000,14474228000000,14769862000000,14478067000000,15048971000000,15599732000000,16253970000000,16880683000000,17608138000000,18295019000000,18804912999999.9,19612102000000.1,20656515999999.9,21539982000000.1,21354105000000,23681171000000,26006893000000,27720708999999.9,..
"GDP, PPP (current international $)",NY.GDP.MKTP.PP.CD,Euro area,EMU,5375938369528.27,5680159304345.97,5866522010439.85,5958170994293.93,6235571659703.73,6520372239963.99,6740300602558.6,7027950571534.67,7376997039796.83,7686591020022.76,8192987825255.68,8611490563708.65,8994988818119.36,9200649140959.81,9617438459292.26,10012038676527.2,10892778402636.5,11590058921762.6,12086548335082.8,11829060468235.7,12190374859832.9,12743833687686.3,12888894067325.9,13346021044005,13729629711406.1,14155254898913.2,15049662749630.3,15803533222145.7,16505107622230.5,17754748895133.4,17242198076067,18813612045428.5,20893654714024.4,21520228554181.4,..
,,,,,,,,,,,,,,,,,,,,,,,,,,,,,,,,,,,,,,
,,,,,,,,,,,,,,,,,,,,,,,,,,,,,,,,,,,,,,
,,,,,,,,,,,,,,,,,,,,,,,,,,,,,,,,,,,,,,
Data from database: World Development Indicators,,,,,,,,,,,,,,,,,,,,,,,,,,,,,,,,,,,,,,
Last Updated: 04/15/2025,,,,,,,,,,,,,,,,,,,,,,,,,,,,,,,,,,,,,,
