"date","CL","RB","HO","NG","TG","LU","HG","AL","LD","TR","TH","ZC","KE","ZS","ZM","RS","KC","SB","SW","CC","CT","LE","GF","HE","LB","CU","XR","ZK"
1990-01-01,3.39843797683716,NA,NA,NA,2.66666698455811,NA,NA,NA,NA,4.16606378555298,NA,NA,NA,NA,NA,NA,NA,NA,NA,NA,NA,NA,22.875,18.375,NA,NA,NA,NA
1990-02-01,3.546875,NA,NA,NA,2.77777791023254,NA,NA,NA,NA,4.41203117370605,NA,NA,NA,NA,NA,NA,NA,NA,NA,NA,NA,NA,17,17.8125,NA,NA,NA,NA
1990-03-01,3.71875,NA,NA,NA,3.05555605888367,NA,NA,NA,NA,4.38128519058228,NA,NA,NA,NA,NA,NA,NA,NA,NA,NA,NA,NA,15,17.8125,NA,NA,NA,NA
1990-04-01,3.52343797683716,NA,NA,NA,2.72222208976746,NA,NA,NA,NA,4.55038690567017,NA,NA,NA,NA,NA,NA,NA,NA,NA,NA,NA,NA,12.875,16.75,NA,NA,NA,NA
1990-05-01,4.03906297683716,NA,NA,NA,2.80555605888367,NA,NA,NA,NA,5.31903409957886,NA,NA,NA,NA,NA,NA,NA,NA,NA,NA,NA,NA,14,16.3125,NA,NA,NA,NA
1990-06-01,4.27343797683716,NA,NA,NA,2.80555605888367,NA,NA,NA,NA,5.3805251121521,NA,NA,NA,NA,NA,NA,NA,NA,NA,NA,NA,NA,13,16.5,NA,NA,NA,NA
1990-07-01,4.375,NA,NA,NA,2.58333301544189,NA,NA,NA,NA,5.31903409957886,NA,NA,NA,NA,NA,NA,NA,NA,NA,NA,NA,NA,14.375,16.0625,NA,NA,NA,NA
1990-08-01,4.09375,NA,NA,NA,2.05555605888367,NA,NA,NA,NA,4.2275562286377,NA,NA,NA,NA,NA,NA,NA,NA,NA,NA,NA,NA,11.25,15,NA,NA,NA,NA
1990-09-01,3.71875,NA,NA,NA,1.86111104488373,NA,NA,NA,NA,4.31979322433472,NA,NA,NA,NA,NA,NA,NA,NA,NA,NA,NA,NA,9.75,14.0625,NA,NA,NA,NA
1990-10-01,4.17968797683716,NA,NA,NA,1.88888895511627,NA,NA,NA,NA,4.30441999435425,NA,NA,NA,NA,NA,NA,NA,NA,NA,NA,NA,NA,11.375,13.875,NA,NA,NA,NA
1990-11-01,4.41406297683716,NA,NA,NA,1.77777802944183,NA,NA,NA,NA,4.73486185073853,NA,NA,NA,NA,NA,NA,NA,NA,NA,NA,NA,NA,12.375,14.6875,NA,NA,NA,NA
1990-12-01,4.609375,NA,NA,NA,1.63888895511627,NA,NA,NA,NA,5.01157522201538,NA,NA,NA,NA,NA,NA,NA,NA,NA,NA,NA,NA,11.25,15.8125,NA,NA,NA,NA
1991-01-01,4.375,NA,NA,NA,1.61111104488373,NA,NA,NA,NA,5.11918497085571,NA,NA,NA,NA,NA,NA,NA,NA,NA,NA,NA,NA,10.875,16.125,NA,NA,NA,NA
1991-02-01,4.609375,NA,NA,NA,1.77777802944183,NA,NA,NA,NA,5.62649202346802,NA,NA,NA,NA,NA,NA,NA,NA,NA,NA,NA,NA,12.125,16.1875,NA,NA,NA,NA
1991-03-01,4.77343797683716,NA,NA,NA,2.30555605888367,NA,NA,NA,NA,5.93395090103149,NA,NA,NA,NA,NA,NA,NA,NA,NA,NA,NA,NA,10.125,16.625,NA,NA,NA,NA
1991-04-01,4.96875,NA,NA,NA,2.19444394111633,NA,NA,NA,NA,6.14917182922363,NA,NA,NA,NA,NA,NA,NA,NA,NA,NA,NA,NA,10.375,17.4375,NA,NA,NA,NA
1991-05-01,5.15625,NA,NA,NA,2.08333301544189,NA,NA,NA,NA,6.2875280380249,NA,NA,NA,NA,NA,NA,NA,NA,NA,NA,NA,NA,11.125,17.375,NA,NA,NA,NA
1991-06-01,4.59375,NA,NA,NA,2.08333301544189,NA,NA,NA,NA,6.21066284179688,NA,NA,NA,NA,NA,NA,NA,NA,NA,NA,NA,NA,9.75,15.9375,NA,NA,NA,NA
1991-07-01,5.015625,NA,NA,NA,1.88888895511627,NA,NA,NA,NA,6.90244483947754,NA,NA,NA,NA,NA,NA,NA,NA,NA,NA,NA,NA,9.875,17.0625,NA,NA,NA,NA
1991-08-01,5.140625,NA,NA,NA,1.75,NA,NA,NA,NA,7.02542877197266,NA,NA,NA,NA,NA,NA,NA,NA,NA,NA,NA,NA,10.125,16.9375,NA,NA,NA,NA
1991-09-01,5.390625,NA,NA,NA,1.75,NA,NA,NA,NA,7.16378498077393,NA,NA,NA,NA,NA,NA,NA,NA,NA,NA,NA,NA,10.75,17.8125,NA,NA,NA,NA
1991-10-01,5.21875,NA,NA,NA,2.25,NA,NA,NA,NA,7.60960006713867,NA,NA,NA,NA,NA,NA,NA,NA,NA,NA,NA,NA,10.75,18,NA,NA,NA,NA
1991-11-01,5.28125,NA,NA,NA,2.08333301544189,NA,NA,NA,NA,7.88631296157837,NA,NA,NA,NA,NA,NA,NA,NA,NA,NA,NA,NA,10.125,18,NA,NA,NA,NA
1991-12-01,6.109375,NA,NA,NA,2.22222208976746,NA,NA,NA,NA,9.0239086151123,NA,NA,NA,NA,NA,NA,NA,NA,NA,NA,NA,NA,10.75,18.375,NA,NA,NA,NA
1992-01-01,5.890625,NA,NA,NA,2.72222208976746,NA,NA,NA,NA,8.97779083251953,NA,NA,NA,NA,NA,NA,NA,NA,NA,NA,NA,NA,12,18.3125,NA,NA,NA,NA
1992-02-01,5.890625,NA,NA,NA,2.69444394111633,NA,NA,NA,NA,8.97779083251953,NA,NA,NA,NA,NA,NA,NA,NA,NA,NA,NA,NA,11.25,18.0625,NA,NA,NA,NA
1992-03-01,6.171875,NA,NA,NA,3.19444394111633,NA,NA,NA,NA,9.19301223754883,NA,NA,NA,NA,NA,NA,NA,NA,NA,NA,NA,NA,11.125,18.125,NA,NA,NA,NA
1992-04-01,6.25,NA,NA,NA,3.91666698455811,NA,NA,NA,NA,8.80868816375732,NA,NA,NA,NA,NA,NA,NA,NA,NA,NA,NA,NA,10.875,18.5,NA,NA,NA,NA
1992-05-01,6.625,NA,NA,NA,3.61111092567444,NA,NA,NA,NA,8.07078838348389,NA,NA,NA,NA,NA,NA,NA,NA,NA,NA,NA,NA,11.5,18.9375,NA,NA,NA,NA
1992-06-01,6.46875,NA,NA,NA,4,NA,NA,NA,NA,7.79407501220703,NA,NA,NA,NA,NA,NA,NA,NA,NA,NA,NA,NA,11.5,19.875,NA,NA,NA,NA
1992-07-01,6.5625,NA,NA,NA,4.08333301544189,NA,NA,NA,NA,8.68570518493652,NA,NA,NA,NA,NA,NA,NA,NA,NA,NA,NA,NA,11.25,22.3125,NA,NA,NA,NA
1992-08-01,6.96875,NA,NA,NA,3.22222208976746,NA,NA,NA,NA,9.40823268890381,NA,NA,NA,NA,NA,NA,NA,NA,NA,NA,NA,NA,11,21,NA,NA,NA,NA
1992-09-01,7.1875,NA,NA,NA,3.11111092567444,NA,NA,NA,NA,9.70031833648682,NA,NA,NA,NA,NA,NA,NA,NA,NA,NA,NA,NA,10.875,20.875,NA,NA,NA,NA
1992-10-01,7.46875,NA,NA,NA,3.61111092567444,NA,NA,NA,NA,9.68494510650635,NA,NA,NA,NA,NA,NA,NA,NA,NA,NA,NA,NA,10.5,20.4375,NA,NA,NA,NA
1992-11-01,7.390625,NA,NA,NA,3.63888907432556,NA,NA,NA,NA,9.82330226898193,NA,NA,NA,NA,NA,NA,NA,NA,NA,NA,NA,NA,9.75,19.6875,NA,NA,NA,NA
1992-12-01,6.96875,NA,NA,NA,3.44444394111633,NA,NA,NA,NA,9.53121566772461,NA,NA,NA,NA,NA,NA,NA,NA,NA,NA,NA,NA,9.5,18.625,NA,NA,NA,NA
1993-01-01,7.078125,NA,NA,NA,3.91666698455811,NA,NA,NA,NA,9.63882732391357,NA,NA,NA,NA,NA,NA,NA,NA,NA,NA,NA,NA,10.125,18.1875,NA,NA,NA,NA
1993-02-01,7.796875,NA,NA,NA,3.80555605888367,NA,NA,NA,NA,9.59270763397217,NA,NA,NA,NA,NA,NA,NA,NA,NA,NA,NA,NA,10.75,18.8125,NA,NA,NA,NA
1993-03-01,8.265625,NA,NA,NA,3.88888907432556,NA,NA,NA,NA,10.2537441253662,NA,NA,NA,NA,NA,NA,NA,NA,NA,NA,NA,NA,10.875,19.0625,NA,NA,NA,NA
1993-04-01,7.46875,NA,NA,NA,3.19444394111633,NA,NA,NA,NA,9.71569061279297,NA,NA,NA,NA,NA,NA,NA,NA,NA,NA,NA,NA,11.25,17.375,NA,NA,NA,NA
1993-05-01,7.3125,NA,NA,NA,2.94444394111633,NA,NA,NA,NA,9.68494510650635,NA,NA,NA,NA,NA,NA,NA,NA,NA,NA,NA,NA,10.375,18,NA,NA,NA,NA
1993-06-01,7.28125,NA,NA,NA,3.05555605888367,NA,NA,NA,NA,8.91629886627197,NA,NA,NA,NA,NA,NA,NA,NA,NA,NA,NA,NA,10,19,NA,NA,NA,NA
1993-07-01,6.421875,NA,NA,NA,2.94444394111633,NA,NA,NA,NA,8.67033195495605,NA,NA,NA,NA,NA,NA,NA,NA,NA,NA,NA,NA,11.375,19,NA,NA,NA,NA
1993-08-01,6.5,NA,NA,NA,2.91666698455811,NA,NA,NA,NA,8.50123023986816,NA,NA,NA,NA,NA,NA,NA,NA,NA,NA,NA,NA,12.25,19.0625,NA,NA,NA,NA
1993-09-01,6.578125,NA,NA,NA,3,NA,NA,NA,NA,9.13152027130127,NA,NA,NA,NA,NA,NA,NA,NA,NA,NA,NA,NA,12.125,19.125,NA,NA,NA,NA
1993-10-01,7.34375,NA,NA,NA,3.27777791023254,NA,NA,NA,NA,9.65419960021973,NA,NA,NA,NA,NA,NA,NA,NA,NA,NA,NA,NA,13,18.9375,NA,NA,NA,NA
1993-11-01,7.40625,NA,NA,NA,3.22222208976746,NA,NA,NA,NA,8.73182392120361,NA,NA,NA,NA,NA,NA,NA,NA,NA,NA,NA,NA,12,18,NA,NA,NA,NA
1993-12-01,7.796875,NA,NA,NA,3.33333301544189,NA,NA,NA,NA,8.73182392120361,NA,NA,NA,NA,NA,NA,NA,NA,NA,NA,NA,NA,13.375,17.9375,NA,NA,NA,NA
1994-01-01,7.453125,NA,NA,NA,3.38888907432556,NA,NA,NA,NA,9.14689254760742,NA,NA,NA,NA,NA,NA,NA,NA,NA,NA,NA,NA,13.25,17.6875,NA,NA,NA,NA
1994-02-01,8.140625,NA,NA,NA,3.36111092567444,NA,NA,NA,NA,8.79331588745117,NA,NA,NA,NA,NA,NA,NA,NA,NA,NA,NA,NA,12.625,16.5625,NA,NA,NA,NA
1994-03-01,7.234375,NA,NA,NA,3.22222208976746,NA,NA,NA,NA,8.59346675872803,NA,NA,NA,NA,NA,NA,NA,NA,NA,NA,NA,NA,12,16.1875,NA,NA,NA,NA
1994-04-01,7.328125,NA,NA,NA,3.19444394111633,NA,NA,NA,NA,7.90168619155884,NA,NA,NA,NA,NA,NA,NA,NA,NA,NA,NA,NA,12.625,17,NA,NA,NA,NA
1994-05-01,7.15625,NA,NA,NA,3.30555605888367,NA,NA,NA,NA,7.60960006713867,NA,NA,NA,NA,NA,NA,NA,NA,NA,NA,NA,NA,12.125,16.125,NA,NA,NA,NA
1994-06-01,6.53125,NA,NA,NA,3.22222208976746,NA,NA,NA,NA,7.27139616012573,NA,NA,NA,NA,NA,NA,NA,NA,NA,NA,NA,NA,11.625,15.5,NA,NA,NA,NA
1994-07-01,6.671875,NA,NA,NA,3.5,NA,NA,NA,NA,7.68646478652954,NA,NA,NA,NA,NA,NA,NA,NA,NA,NA,NA,NA,12.375,16.125,NA,NA,NA,NA
1994-08-01,7.15625,NA,NA,NA,4.05555582046509,NA,NA,NA,NA,7.74795579910278,NA,NA,NA,NA,NA,NA,NA,NA,NA,NA,NA,NA,13,15.875,NA,NA,NA,NA
1994-09-01,7.25,NA,NA,NA,4.11111116409302,NA,NA,NA,NA,7.62497282028198,NA,NA,NA,NA,NA,3.5,NA,NA,NA,NA,NA,NA,12.125,15.8125,NA,NA,NA,NA
1994-10-01,7.59375,NA,NA,NA,4.02777814865112,NA,NA,NA,NA,7.64034605026245,NA,NA,NA,NA,NA,3.25,NA,NA,NA,NA,NA,NA,12.625,16.25,NA,NA,NA,NA
1994-11-01,7.515625,NA,NA,NA,4,NA,NA,NA,NA,7.24065017700195,NA,NA,NA,NA,NA,2.88888907432556,NA,NA,NA,NA,NA,NA,11.75,15.875,NA,NA,NA,NA
1994-12-01,7.921875,NA,NA,NA,3.86111092567444,NA,NA,NA,NA,7.56348085403442,NA,NA,NA,NA,NA,2.80555605888367,NA,NA,NA,NA,NA,NA,11.5,16.1875,NA,NA,NA,NA
1995-01-01,7.859375,NA,NA,NA,4.30555582046509,NA,NA,NA,NA,7.84019422531128,NA,NA,NA,NA,NA,2.61111092567444,NA,NA,NA,NA,NA,NA,11.75,16.75,NA,NA,NA,NA
1995-02-01,8.0625,NA,NA,NA,4.33333301544189,NA,NA,NA,NA,8.23989009857178,NA,NA,NA,NA,NA,2.97222208976746,NA,NA,NA,NA,NA,NA,12.125,16.5,NA,NA,NA,NA
1995-03-01,8.25,NA,NA,NA,4.63888883590698,NA,NA,NA,NA,7.77870178222656,NA,NA,NA,NA,NA,2.80555605888367,NA,NA,NA,NA,NA,NA,12,16.75,NA,NA,NA,NA
1995-04-01,8.78125,NA,NA,NA,5.05555582046509,NA,NA,NA,NA,8.07078838348389,NA,NA,NA,NA,NA,2.97222208976746,NA,NA,NA,NA,NA,NA,12,17.3125,NA,NA,NA,NA
1995-05-01,9.625,NA,NA,NA,5.30555582046509,NA,NA,NA,NA,7.96317720413208,NA,NA,NA,NA,NA,2.97222208976746,NA,NA,NA,NA,NA,NA,12.625,17.875,NA,NA,NA,NA
1995-06-01,9.140625,NA,NA,NA,5.52777814865112,NA,NA,NA,NA,8.51660346984863,NA,NA,NA,NA,NA,3.30555605888367,NA,NA,NA,NA,NA,NA,12.125,18.1875,NA,NA,NA,NA
1995-07-01,8.75,NA,NA,NA,6.4166669845581,NA,NA,NA,NA,8.85480690002441,NA,NA,NA,NA,NA,3.52777791023254,NA,NA,NA,NA,NA,NA,13.5,18,NA,NA,NA,NA
1995-08-01,8.5,NA,NA,NA,6.80555582046509,NA,NA,NA,NA,9.80792903900146,NA,NA,NA,NA,NA,4.19444417953491,NA,NA,NA,NA,NA,NA,12.75,18.0625,NA,NA,NA,NA
1995-09-01,8.328125,NA,NA,NA,6.86111116409302,NA,NA,NA,NA,9.74643707275391,NA,NA,NA,NA,NA,4.08333301544189,NA,NA,NA,NA,NA,NA,12.5,19,NA,NA,NA,NA
1995-10-01,8.65625,NA,NA,NA,6.47222185134888,NA,NA,NA,NA,8.88555335998535,NA,NA,NA,NA,NA,3.69444394111633,NA,NA,NA,NA,NA,NA,12.375,19.5,NA,NA,NA,NA
1995-11-01,9.15625,NA,NA,NA,7.05555582046509,NA,NA,NA,NA,8.6088399887085,NA,NA,NA,NA,NA,4.16666698455811,NA,NA,NA,NA,NA,NA,12,19.125,NA,NA,NA,NA
1995-12-01,8.78125,NA,NA,NA,7.1666669845581,NA,NA,NA,NA,9.74643707275391,NA,NA,NA,NA,NA,4.58333301544189,NA,NA,NA,NA,NA,NA,11.625,19.375,NA,NA,NA,NA
1996-01-01,9.25,NA,NA,NA,8.375,NA,NA,NA,NA,9.59270763397217,NA,NA,NA,NA,NA,4.30555582046509,NA,NA,NA,NA,NA,NA,12.625,19.25,NA,NA,NA,NA
1996-02-01,9.78125,NA,NA,NA,8.3333330154419,NA,NA,NA,NA,9.59270763397217,NA,NA,NA,NA,NA,5.30555582046509,NA,NA,NA,NA,NA,NA,12.5,18.9375,NA,NA,NA,NA
1996-03-01,9.734375,NA,NA,NA,7.7083330154419,NA,NA,NA,NA,8.97779083251953,NA,NA,NA,NA,NA,5.08333301544189,NA,NA,NA,NA,NA,NA,12.25,17.5,NA,NA,NA,NA
1996-04-01,9.578125,NA,NA,NA,9.25,NA,NA,NA,NA,8.73182392120361,NA,NA,NA,NA,NA,6.44444417953491,NA,NA,NA,NA,NA,NA,12,17.25,NA,NA,NA,NA
1996-05-01,9.84375,NA,NA,NA,10.6666669845581,NA,NA,NA,NA,8.67033195495605,NA,NA,NA,NA,NA,8.3333330154419,NA,NA,NA,NA,NA,NA,12.125,17.0625,NA,NA,NA,NA
1996-06-01,10.59375,NA,NA,NA,10.0833330154419,NA,NA,NA,NA,8.76257038116455,NA,NA,NA,NA,NA,8.11111068725586,NA,NA,NA,NA,NA,NA,12.625,17.75,NA,NA,NA,NA
1996-07-01,9.8125,NA,NA,NA,10.7083330154419,NA,NA,NA,NA,8.67033195495605,NA,NA,NA,NA,NA,8,NA,NA,NA,NA,NA,NA,12.375,17.375,NA,NA,NA,NA
1996-08-01,10.15625,NA,NA,NA,10.5,NA,NA,NA,NA,8.70107841491699,NA,NA,NA,NA,NA,7.44444417953491,NA,NA,NA,NA,NA,NA,13.25,17.4375,NA,NA,NA,NA
1996-09-01,10.859375,NA,NA,NA,11.1666669845581,NA,NA,NA,NA,8.67033195495605,NA,NA,NA,NA,NA,7.75,NA,NA,NA,NA,NA,NA,13.75,17.0625,NA,NA,NA,NA
1996-10-01,11.515625,NA,NA,NA,12.75,NA,NA,NA,NA,9.03928184509277,NA,NA,NA,NA,NA,8.13888931274414,NA,NA,NA,NA,NA,NA,13.75,17.8125,NA,NA,NA,NA
1996-11-01,11.578125,NA,NA,NA,13.25,NA,NA,NA,NA,9.43897914886475,NA,NA,NA,NA,NA,8.3333330154419,NA,NA,NA,NA,NA,NA,14.5,18.1875,NA,NA,NA,NA
1996-12-01,11.53125,NA,NA,NA,13.375,NA,NA,NA,NA,9.74643707275391,NA,NA,NA,NA,NA,7.77777814865112,NA,NA,NA,NA,NA,NA,13.375,18.0625,NA,NA,NA,NA
1997-01-01,12.09375,NA,NA,NA,13.125,NA,NA,NA,NA,9.43897914886475,NA,NA,NA,NA,NA,6.22222185134888,NA,NA,NA,NA,NA,NA,13.25,17.75,NA,NA,NA,NA
1997-02-01,12.9375,NA,NA,NA,13.375,NA,NA,NA,NA,10.3921003341675,NA,NA,NA,NA,NA,6.86111116409302,NA,NA,NA,NA,NA,NA,13.5,17.5625,NA,NA,NA,NA
1997-03-01,12.453125,NA,NA,NA,13.4583330154419,NA,NA,NA,NA,11.3688955307007,NA,NA,NA,NA,NA,6.55555582046509,NA,NA,NA,NA,NA,NA,14,16.9375,NA,NA,NA,NA
1997-04-01,13.875,NA,NA,NA,15.375,NA,NA,NA,NA,12.0022611618042,NA,NA,NA,NA,NA,7.0833330154419,NA,NA,NA,NA,NA,NA,14.5,16.75,NA,NA,NA,NA
1997-05-01,15.5,NA,NA,NA,18.2083320617676,NA,NA,NA,NA,12.2239379882812,NA,NA,NA,NA,NA,8.05555629730225,NA,NA,NA,NA,NA,NA,15.5,17.3125,NA,NA,NA,NA
1997-06-01,16.3125,NA,NA,NA,18.5,NA,NA,NA,NA,11.2738914489746,NA,NA,NA,NA,NA,8.7083330154419,NA,NA,NA,NA,NA,NA,15.75,19.3125,NA,NA,NA,NA
1997-07-01,18.9375,NA,NA,NA,20.75,NA,NA,NA,NA,12.413948059082,NA,NA,NA,NA,NA,9.2708330154419,NA,NA,NA,NA,NA,NA,16.125,18.59375,NA,NA,NA,NA
1997-08-01,15.65625,NA,NA,NA,22.9375,NA,NA,NA,NA,12.3822803497314,NA,NA,NA,NA,NA,10.4583330154419,NA,NA,NA,NA,NA,NA,14.25,18.09375,NA,NA,NA,NA
1997-09-01,17.421875,NA,NA,NA,23.4166679382324,NA,NA,NA,NA,12.8573026657104,NA,NA,NA,NA,NA,9.375,NA,NA,NA,NA,NA,NA,15.6875,18.71875,NA,NA,NA,NA
1997-10-01,16.1875,NA,NA,NA,23.2916679382324,NA,NA,NA,NA,14.3773784637451,NA,NA,NA,NA,NA,9.1458330154419,NA,NA,NA,NA,NA,NA,14.9375,18.90625,NA,NA,NA,NA
1997-11-01,16.703125,NA,NA,NA,21.9583320617676,NA,NA,NA,NA,16.2774715423584,NA,NA,NA,NA,NA,9.3541669845581,NA,NA,NA,NA,NA,NA,13.4375,19.46875,NA,NA,NA,NA
1997-12-01,18.375,NA,NA,NA,21.9583320617676,NA,NA,NA,NA,15.83411693573,NA,NA,NA,NA,NA,9.9166669845581,NA,NA,NA,NA,NA,NA,13.5,20.4375,NA,NA,NA,NA
1998-01-01,18.3125,NA,NA,NA,21.4375,NA,NA,NA,NA,15.8974542617798,NA,NA,NA,NA,NA,10.8958330154419,NA,NA,NA,NA,NA,NA,14.25,19.53125,NA,NA,NA,NA
1998-02-01,20.296875,NA,NA,NA,23.3333320617676,NA,NA,NA,NA,18.9059352874756,NA,NA,NA,NA,NA,11.7083330154419,NA,NA,NA,NA,NA,NA,15.625,20.25,NA,NA,NA,NA
1998-03-01,21.6875,NA,NA,NA,24.1458320617676,NA,NA,NA,NA,18.7065849304199,NA,NA,NA,NA,NA,12.8333330154419,NA,NA,NA,NA,NA,NA,16.75,20.75,NA,NA,NA,NA
1998-04-01,22.421875,NA,NA,NA,26.1041679382324,NA,NA,NA,NA,18.9186038970947,NA,NA,NA,NA,NA,13.4583330154419,NA,NA,NA,NA,NA,NA,17.875,20.25,NA,NA,NA,NA
1998-05-01,21.75,NA,NA,NA,28.8333320617676,NA,NA,NA,NA,19.9134616851807,NA,NA,NA,NA,NA,12.7291669845581,NA,NA,NA,NA,NA,NA,18.5,19.125,NA,NA,NA,NA
1998-06-01,22,NA,NA,NA,28.2916679382324,NA,NA,NA,NA,20.027624130249,NA,NA,NA,NA,NA,12.875,NA,NA,NA,NA,NA,NA,18.625,19.84375,NA,NA,NA,NA
1998-07-01,23.0625,NA,NA,NA,23.125,NA,NA,NA,NA,21.854248046875,NA,NA,NA,NA,NA,11.1041669845581,NA,NA,NA,NA,NA,NA,17.9375,18.90625,NA,NA,NA,NA
1998-08-01,18.03125,NA,NA,NA,16.125,NA,NA,NA,NA,17.6138725280762,NA,NA,NA,NA,NA,10.1666669845581,NA,NA,NA,NA,NA,NA,13.0625,18.78125,NA,NA,NA,NA
1998-09-01,17.1875,NA,NA,NA,18.3125,NA,NA,NA,NA,18.429328918457,NA,NA,NA,NA,NA,10.9375,NA,NA,NA,NA,NA,NA,14.1875,20.625,NA,NA,NA,NA
1998-10-01,22.09375,NA,NA,NA,22.75,NA,NA,NA,NA,20.6473712921143,NA,NA,NA,NA,NA,10.3125,NA,NA,NA,NA,NA,NA,16.3125,19.8125,NA,NA,NA,NA
1998-11-01,21.40625,NA,NA,NA,23.375,NA,NA,NA,NA,19.8971519470215,NA,NA,NA,NA,NA,10.2083330154419,NA,NA,NA,NA,NA,NA,13.375,19.46875,NA,NA,NA,NA
1998-12-01,23.21875,NA,NA,NA,22.5,NA,NA,NA,NA,20.4190444946289,NA,NA,NA,NA,NA,9.2083330154419,NA,NA,NA,NA,NA,NA,12.9375,20.125,NA,NA,NA,NA
1999-01-01,20.109375,NA,NA,NA,26.8125,NA,NA,NA,NA,23.5177803039551,NA,NA,NA,NA,NA,9.125,NA,NA,NA,NA,NA,NA,12.6875,18.71875,NA,NA,NA,NA
1999-02-01,21.21875,NA,NA,NA,25.5625,NA,NA,NA,NA,24.0070552825928,NA,NA,NA,NA,NA,8.5208330154419,NA,NA,NA,NA,NA,NA,12,17.4375,NA,NA,NA,NA
1999-03-01,23,NA,NA,NA,30.9375,NA,NA,NA,NA,24.7272663116455,NA,NA,NA,NA,NA,9.6041669845581,NA,NA,NA,NA,NA,NA,11.9375,17.53125,NA,NA,NA,NA
1999-04-01,25.609375,NA,NA,NA,26.6875,NA,NA,NA,NA,22.2746982574463,NA,NA,NA,NA,NA,12.1458330154419,NA,NA,NA,NA,NA,NA,12,17.78125,NA,NA,NA,NA
1999-05-01,24.96875,NA,NA,NA,21.4375,NA,NA,NA,NA,22.2746982574463,NA,NA,NA,NA,NA,11.875,NA,NA,NA,NA,NA,NA,11.9375,18.375,NA,NA,NA,NA
1999-06-01,24.625,NA,NA,NA,22.5,NA,NA,NA,NA,20.7628402709961,NA,NA,NA,NA,NA,13,NA,NA,NA,NA,NA,NA,12.1875,17.75,NA,NA,NA,NA
1999-07-01,24.6875,NA,NA,NA,23.1875,NA,NA,NA,NA,18.6126441955566,NA,NA,NA,NA,NA,11.3333330154419,NA,NA,NA,NA,NA,NA,12.625,17.84375,NA,NA,NA,NA
1999-08-01,26.75,NA,NA,NA,21.75,NA,NA,NA,NA,18.3774662017822,NA,NA,NA,NA,NA,11.0416669845581,NA,NA,NA,NA,NA,NA,12.5,17.78125,NA,NA,NA,NA
1999-09-01,22.875,NA,NA,NA,21.375,NA,NA,NA,NA,17.671932220459,NA,NA,NA,NA,NA,10.5,NA,NA,NA,NA,NA,NA,11.8125,17.59375,NA,NA,NA,NA
1999-10-01,30.25,NA,NA,NA,21.9375,NA,NA,NA,NA,17.0335922241211,NA,NA,NA,NA,NA,10.5,NA,NA,NA,NA,NA,NA,12.0625,16.875,NA,NA,NA,NA
1999-11-01,27.875,NA,NA,NA,19.3125,NA,NA,NA,NA,17.1679801940918,NA,NA,NA,NA,NA,12.1875,NA,NA,NA,NA,NA,NA,11.25,15.28125,NA,NA,NA,NA
1999-12-01,32.5,NA,NA,NA,20.6875,NA,NA,NA,NA,17.7055282592773,NA,NA,NA,NA,NA,11.71875,NA,NA,NA,NA,NA,NA,12.25,14.4375,NA,NA,NA,NA
2000-01-01,29.625,NA,NA,NA,19.5625,NA,NA,NA,NA,16.9328022003174,NA,NA,NA,NA,NA,10.375,NA,NA,NA,NA,NA,NA,12.5,15.0625,NA,112.400001525879,NA,NA
2000-02-01,26.09375,NA,NA,NA,28.25,NA,NA,NA,NA,15.9584941864014,NA,NA,NA,NA,NA,9.6875,NA,NA,NA,NA,NA,NA,14.375,14.40625,NA,119.400001525879,NA,NA
2000-03-01,28.1875,NA,NA,NA,26.9375,NA,NA,NA,NA,17.4407863616943,NA,NA,NA,NA,NA,11.1875,NA,NA,NA,NA,NA,NA,14.75,15.90625,NA,129,NA,NA
2000-04-01,28.5625,NA,NA,NA,25.8125,NA,NA,NA,NA,17.0601348876953,NA,NA,NA,NA,NA,11.5,NA,NA,NA,NA,NA,NA,13.125,18.5,NA,137,NA,NA
2000-05-01,26.3125,NA,NA,NA,25.5,NA,NA,NA,NA,19.1018142700195,NA,NA,NA,NA,NA,10.46875,NA,NA,NA,NA,NA,NA,13.0625,17.65625,NA,135,NA,NA
2000-06-01,29.9375,NA,NA,NA,19,NA,NA,NA,NA,19.3786506652832,NA,NA,NA,NA,NA,9.5625,NA,NA,NA,NA,NA,NA,13.875,16.40625,NA,141.899993896484,NA,NA
2000-07-01,27.84375,NA,NA,NA,22,NA,NA,NA,NA,20.935863494873,NA,NA,NA,NA,NA,10.5,NA,NA,NA,NA,NA,NA,14.25,15.875,NA,136,NA,NA
2000-08-01,25.46875,NA,NA,NA,19.5,NA,NA,NA,NA,22.2854480743408,NA,NA,NA,NA,NA,10.3125,NA,NA,NA,NA,NA,NA,13.375,16.375,NA,146.899993896484,NA,NA
2000-09-01,23.6000003814697,NA,NA,NA,17.3125,NA,NA,NA,NA,21.7317733764648,NA,NA,NA,NA,NA,10.53125,NA,NA,NA,NA,NA,NA,12.25,17.4453125,NA,105,NA,NA
2000-10-01,29.3799991607666,NA,NA,NA,19.0625,NA,NA,NA,NA,21.2473068237305,NA,NA,NA,NA,NA,11.875,NA,NA,NA,NA,NA,NA,11.9375,16.46875,NA,95,NA,NA
2000-11-01,29.375,NA,NA,NA,17,NA,NA,NA,NA,22.0086116790771,NA,NA,NA,NA,NA,12,NA,NA,NA,NA,NA,NA,9,17,NA,99.3000030517578,NA,NA
2000-12-01,32.2750015258789,NA,NA,NA,17.4375,NA,NA,NA,NA,25.5036888122559,NA,NA,NA,NA,NA,12.375,NA,NA,NA,NA,NA,NA,8.875,18.59375,NA,90.9000015258789,NA,NA
2001-01-01,30.0400009155273,NA,NA,NA,16.8999996185303,NA,NA,NA,NA,28.071361541748,NA,NA,NA,NA,NA,13.8000001907349,NA,NA,NA,NA,NA,NA,9.80000019073486,18.0699996948242,NA,101,NA,NA
2001-02-01,29.5249996185303,NA,NA,NA,18.25,NA,NA,NA,NA,27.4069499969482,NA,NA,NA,NA,NA,12.8000001907349,NA,NA,NA,NA,NA,NA,8.67000007629395,18.375,NA,105.5,NA,NA
2001-03-01,27.6299991607666,NA,NA,NA,17.6000003814697,NA,NA,NA,NA,26.3187007904053,NA,NA,NA,NA,NA,11.7250003814697,NA,NA,NA,NA,NA,NA,7.23999977111816,18.4750003814697,NA,72.8000030517578,NA,NA
2001-04-01,27.9249992370605,NA,NA,NA,19.5499992370605,NA,NA,NA,NA,27.5790328979492,NA,NA,NA,NA,NA,14.6499996185303,NA,NA,NA,NA,NA,NA,8.1899995803833,18.5900001525879,NA,73,NA,NA
2001-05-01,28.3199996948242,NA,NA,NA,19.8799991607666,NA,NA,NA,NA,25.7313060760498,NA,NA,NA,NA,NA,13.6750001907349,NA,NA,NA,NA,NA,NA,7.36999988555908,18.5349998474121,NA,75.3000030517578,NA,NA
2001-06-01,29.4950008392334,NA,NA,NA,19.1499996185303,NA,NA,NA,NA,21.9788227081299,NA,NA,NA,NA,NA,12.625,NA,NA,NA,NA,NA,NA,7.03999996185303,19.1000003814697,NA,65.1500015258789,NA,NA
2001-07-01,27.1000003814697,NA,NA,NA,20.1000003814697,NA,NA,NA,NA,22.1613159179688,NA,NA,NA,NA,NA,12.4499998092651,NA,NA,NA,NA,NA,NA,6.5,19.5750007629395,NA,68.75,NA,NA
2001-08-01,27.0750007629395,NA,NA,NA,19.8500003814697,NA,NA,NA,NA,22.5491104125977,NA,NA,NA,NA,NA,13.5,NA,NA,NA,NA,NA,NA,6.44999980926514,19.8400001525879,NA,62.75,NA,NA
2001-09-01,29.125,NA,NA,NA,17,NA,NA,NA,NA,21.8191432952881,NA,NA,NA,NA,NA,11.8800001144409,NA,NA,NA,NA,NA,NA,5.32000017166138,19.5,NA,36,NA,NA
2001-10-01,28.7600002288818,NA,NA,NA,17.75,NA,NA,NA,NA,20.9066867828369,NA,NA,NA,NA,NA,11.5749998092651,NA,NA,NA,NA,NA,NA,5.69999980926514,18.6100006103516,NA,34.9799995422363,NA,NA
2001-11-01,29.1800003051758,NA,NA,NA,17.2999992370605,NA,NA,NA,NA,21.8077373504639,NA,NA,NA,NA,NA,12.1999998092651,NA,NA,NA,NA,NA,NA,6.05000019073486,18.7000007629395,NA,45.0200004577637,NA,NA
2001-12-01,28.875,NA,NA,NA,19,NA,NA,NA,NA,22.2867774963379,NA,NA,NA,NA,NA,13.125,NA,NA,NA,NA,NA,NA,5.86999988555908,20.1399993896484,NA,41,NA,NA
2002-01-01,28.5750007629395,NA,NA,NA,17.7900009155273,NA,NA,NA,NA,21.8647651672363,NA,NA,NA,NA,NA,13,NA,NA,NA,NA,NA,NA,6.01999998092651,20.75,NA,47.3899993896484,NA,NA
2002-02-01,27.9899997711182,NA,NA,NA,18.6000003814697,NA,NA,NA,NA,25.2921848297119,NA,NA,NA,NA,NA,13,NA,NA,NA,NA,NA,NA,5.76999998092651,21.4200000762939,NA,49.2000007629395,NA,NA
2002-03-01,28.5750007629395,NA,NA,NA,18.7000007629395,NA,NA,NA,NA,27.0142784118652,NA,NA,NA,NA,NA,13.7950000762939,NA,NA,NA,NA,NA,NA,5.92000007629395,22.0049991607666,NA,53.0999984741211,NA,NA
2002-04-01,26.5049991607666,NA,NA,NA,22.9500007629395,NA,NA,NA,NA,27.5311851501465,NA,NA,NA,NA,NA,16.125,NA,NA,NA,NA,NA,NA,5.71000003814697,23.6200008392334,NA,44.8800010681152,NA,NA
2002-05-01,27.1000003814697,NA,NA,NA,23.1000003814697,NA,NA,NA,NA,27.6721591949463,NA,NA,NA,NA,NA,15.4250001907349,NA,NA,NA,NA,NA,NA,5.67999982833862,22.7749996185303,NA,37.5499992370605,NA,NA
2002-06-01,25.0249996185303,NA,NA,NA,24.1499996185303,NA,NA,NA,NA,22.6499366760254,NA,NA,NA,NA,NA,15.25,NA,NA,NA,NA,NA,NA,5.05000019073486,21.2749996185303,NA,33.5,NA,NA
2002-07-01,25.6749992370605,NA,NA,NA,17.5,NA,NA,NA,NA,21.7336006164551,NA,NA,NA,NA,NA,12.3999996185303,NA,NA,NA,NA,NA,NA,4.30000019073486,21.4099998474121,NA,29.8999996185303,NA,NA
2002-08-01,27.2749996185303,NA,NA,NA,17.75,NA,NA,NA,NA,19.7247104644775,NA,NA,NA,NA,NA,12.1000003814697,NA,NA,NA,NA,NA,NA,4.15000009536743,22.5300006866455,NA,28,NA,NA
2002-09-01,26.9750003814697,NA,NA,NA,16.75,NA,NA,NA,NA,17.457368850708,NA,NA,NA,NA,NA,10.9250001907349,NA,NA,NA,NA,NA,NA,3.22000002861023,21.5499992370605,NA,21.9899997711182,NA,NA
2002-10-01,27.4899997711182,NA,NA,NA,12.8999996185303,NA,NA,NA,NA,18.5264263153076,NA,NA,NA,NA,NA,10.4750003814697,NA,NA,NA,NA,NA,NA,3.5,23.9349994659424,NA,24.2999992370605,NA,NA
2002-11-01,25.6949996948242,NA,NA,NA,14.25,NA,NA,NA,NA,17.9096622467041,NA,NA,NA,NA,NA,11.3500003814697,NA,NA,NA,NA,NA,NA,3.75,21.5049991607666,NA,24.6000003814697,NA,NA
2002-12-01,26.2150001525879,NA,NA,NA,15,NA,NA,NA,NA,18.0212669372559,NA,NA,NA,NA,NA,10.4200000762939,NA,NA,NA,NA,NA,NA,3.54999995231628,21.9899997711182,NA,22.8999996185303,NA,NA
2003-01-01,25.4549999237061,NA,NA,NA,12.6999998092651,NA,NA,NA,NA,16.6232662200928,NA,NA,NA,NA,NA,9.44999980926514,NA,NA,NA,NA,NA,NA,3.72000002861023,20.6200008392334,NA,24.1299991607666,NA,NA
2003-02-01,25.1550006866455,NA,NA,NA,11.3199996948242,NA,NA,NA,NA,17.0130615234375,NA,NA,NA,NA,NA,8.17500019073486,NA,NA,NA,NA,NA,NA,3.54999995231628,19.8999996185303,NA,21.9899997711182,NA,NA
2003-03-01,27.2199993133545,NA,NA,NA,11.9499998092651,NA,NA,NA,NA,17.2611198425293,NA,NA,NA,NA,NA,7.55000019073486,NA,NA,NA,NA,NA,NA,3.53999996185303,20.3799991607666,NA,16.7999992370605,NA,NA
2003-04-01,28.5849990844727,NA,NA,NA,12.8599996566772,NA,NA,NA,NA,17.5333766937256,NA,NA,NA,NA,NA,8.5,NA,NA,NA,NA,NA,NA,4.26999998092651,20.6749992370605,NA,20,NA,NA
2003-05-01,29.8099994659424,NA,NA,NA,14.1000003814697,NA,NA,NA,NA,17.9387378692627,NA,NA,NA,NA,NA,9.60499954223633,NA,NA,NA,NA,NA,NA,4.69999980926514,22.8999996185303,NA,19.4500007629395,NA,NA
2003-06-01,28.9750003814697,NA,NA,NA,14.9899997711182,NA,NA,NA,NA,18.4469509124756,NA,NA,NA,NA,NA,10.3500003814697,NA,NA,NA,NA,NA,NA,4.92999982833862,22.9249992370605,NA,27.8700008392334,NA,NA
2003-07-01,27.2999992370605,NA,NA,NA,15.75,NA,NA,NA,NA,18.3985500335693,NA,NA,NA,NA,NA,11.1999998092651,NA,NA,NA,NA,NA,NA,5.51999998092651,21.2649993896484,NA,30.7600002288818,NA,NA
2003-08-01,27.6399993896484,NA,NA,NA,16.3500003814697,NA,NA,NA,NA,18.3561992645264,NA,NA,NA,NA,NA,11.5349998474121,NA,NA,NA,NA,NA,NA,5.75,21.4899997711182,NA,33.4599990844727,NA,NA
2003-09-01,27.9449996948242,NA,NA,NA,15.0500001907349,NA,NA,NA,NA,18.7555103302002,NA,NA,NA,NA,NA,11.0950002670288,NA,NA,NA,NA,NA,NA,5.8899998664856,21.7649993896484,NA,30,NA,NA
2003-10-01,26.5949993133545,NA,NA,NA,15.5799999237061,NA,NA,NA,NA,19.959493637085,NA,NA,NA,NA,NA,14.3500003814697,NA,NA,NA,NA,NA,NA,6.59999990463257,22.8850002288818,NA,32.560001373291,NA,NA
2003-11-01,26.25,NA,NA,NA,15.3999996185303,NA,NA,NA,NA,21.2663288116455,NA,NA,NA,NA,NA,14.7399997711182,NA,NA,NA,NA,NA,NA,6.92000007629395,23.0450000762939,NA,33.0400009155273,NA,NA
2003-12-01,25.0249996185303,NA,NA,4.98000001907349,15.5299997329712,NA,NA,NA,NA,21.7805919647217,NA,NA,NA,NA,NA,16.6049995422363,NA,NA,NA,NA,NA,NA,7.15999984741211,23.6849994659424,NA,29.6700000762939,NA,NA
2004-01-01,25.6350002288818,NA,NA,4.98000001907349,15.6599998474121,NA,NA,NA,NA,21.7805919647217,NA,NA,NA,NA,NA,14.5,NA,NA,NA,NA,NA,NA,7.67999982833862,25.4050006866455,NA,34.3899993896484,NA,NA
2004-02-01,27.7250003814697,NA,NA,4.78999996185303,14.25,NA,NA,NA,NA,23.2129688262939,NA,NA,NA,NA,NA,15.7200002670288,NA,NA,NA,NA,NA,NA,8.01000022888184,26.4750003814697,NA,33.5299987792969,NA,NA
2004-03-01,27.5499992370605,NA,NA,5.01999998092651,14.6300001144409,NA,NA,NA,NA,22.7829837799072,NA,NA,NA,NA,NA,17.5750007629395,NA,NA,NA,NA,NA,NA,7.36999988555908,25.9200000762939,NA,33.8400001525879,NA,NA
2004-04-01,28.9400005340576,NA,NA,3.79999995231628,13.289999961853,NA,NA,NA,NA,21.7111358642578,NA,NA,NA,NA,NA,16.5100002288818,NA,NA,NA,NA,NA,NA,7.34000015258789,24.8799991607666,NA,34.25,NA,NA
2004-05-01,28.6000003814697,NA,NA,4.15999984741211,14.4499998092651,NA,NA,NA,NA,21.2499923706055,NA,NA,NA,NA,NA,18.2950000762939,NA,NA,NA,NA,NA,NA,7.21999979019165,24.3050003051758,NA,34.7000007629395,NA,NA
2004-06-01,29.2250003814697,NA,NA,4.67000007629395,16.1299991607666,NA,NA,NA,NA,20.2529258728027,NA,NA,NA,NA,NA,20.1599998474121,NA,NA,NA,NA,NA,NA,7.80999994277954,26.1000003814697,NA,38.7299995422363,NA,NA
2004-07-01,26.6000003814697,NA,NA,4.90999984741211,16.4799995422363,NA,NA,NA,NA,18.2587909698486,NA,NA,NA,NA,NA,19.9099998474121,NA,NA,NA,NA,NA,NA,7.40999984741211,25.5300006866455,NA,36.5499992370605,NA,NA
2004-08-01,27,NA,NA,6.03999996185303,17.3199996948242,NA,NA,NA,NA,19.2184677124023,NA,NA,NA,NA,NA,18.9650001525879,NA,NA,NA,NA,NA,NA,7.19000005722046,25.8099994659424,NA,36.9000015258789,NA,NA
2004-09-01,22.5900001525879,NA,NA,6.34999990463257,18.2000007629395,NA,NA,NA,NA,18.2089385986328,NA,NA,NA,NA,NA,19.8500003814697,NA,NA,NA,NA,NA,NA,7.53999996185303,26.5400009155273,NA,38.0800018310547,NA,NA
2004-10-01,22.3099994659424,NA,NA,7.07999992370605,16.75,NA,NA,NA,NA,18.8944225311279,NA,NA,NA,NA,NA,17.1599998474121,NA,NA,NA,NA,NA,NA,8.03999996185303,28.0400009155273,NA,35.2999992370605,NA,NA
2004-11-01,22.9950008392334,NA,NA,8.14999961853027,18.6299991607666,NA,NA,NA,NA,19.3493328094482,NA,NA,NA,NA,NA,19.9549999237061,NA,NA,NA,NA,NA,NA,8.64999961853027,28.25,NA,34.5699996948242,NA,NA
2004-12-01,25.5799999237061,NA,NA,7.75,20.2099990844727,NA,NA,NA,NA,21.5802707672119,NA,NA,NA,NA,NA,19.4799995422363,NA,NA,NA,NA,NA,NA,9.05000019073486,29.1499996185303,NA,34.75,NA,NA
2005-01-01,26.2700004577637,NA,NA,7.67000007629395,16.9500007629395,NA,NA,NA,NA,20.0472793579102,NA,NA,NA,NA,NA,19.1849994659424,NA,NA,NA,NA,NA,NA,9,29.1100006103516,NA,39.9500007629395,NA,NA
2005-02-01,26.4599990844727,NA,NA,9.39000034332275,17.2999992370605,NA,NA,NA,NA,18.6950073242188,NA,NA,NA,NA,NA,22.8500003814697,NA,NA,NA,NA,NA,NA,9.5,26.6200008392334,NA,40.7999992370605,NA,NA
2005-03-01,26.0849990844727,NA,NA,8.3100004196167,16.8600006103516,NA,NA,NA,NA,19.2558574676514,NA,NA,NA,NA,NA,20.0049991607666,NA,NA,NA,NA,NA,NA,9.14000034332275,25.5200004577637,NA,38.2999992370605,NA,NA
2005-04-01,24.8950004577637,NA,NA,7.67000007629395,16.2600002288818,NA,NA,NA,NA,19.8206977844238,NA,NA,NA,NA,NA,18.8649997711182,NA,NA,NA,NA,NA,NA,8.84000015258789,25.2999992370605,NA,36.7000007629395,NA,NA
2005-05-01,24.9850006103516,NA,NA,7.55999994277954,15.25,NA,NA,NA,NA,19.8656272888184,NA,NA,NA,NA,NA,19.2450008392334,NA,NA,NA,NA,NA,NA,8.89000034332275,25.7999992370605,NA,39.0099983215332,NA,NA
2005-06-01,24.9549999237061,NA,NA,7.6399998664856,15.6000003814697,NA,NA,NA,NA,18.7744617462158,NA,NA,NA,NA,NA,18.5349998474121,NA,NA,NA,NA,NA,NA,9.31999969482422,26.8099994659424,NA,39,NA,NA
2005-07-01,26.4699993133545,NA,NA,7.28999996185303,16.1100006103516,NA,NA,NA,NA,20.0838603973389,NA,NA,NA,NA,NA,23.3600006103516,NA,NA,NA,NA,NA,NA,9.78999996185303,26.9300003051758,NA,39.3800010681152,NA,NA
2005-08-01,26.25,NA,NA,7.28000020980835,12.4200000762939,NA,NA,NA,NA,20.4497222900391,NA,NA,NA,NA,NA,24,NA,NA,NA,NA,NA,NA,10.25,26.5100002288818,NA,38.8499984741211,NA,NA
2005-09-01,26.3950004577637,NA,NA,8.01000022888184,13.0100002288818,NA,NA,NA,NA,20.3791160583496,NA,NA,NA,NA,NA,26.4650001525879,NA,NA,NA,NA,NA,NA,10.4700002670288,27.8799991607666,NA,39.0999984741211,NA,NA
2005-10-01,26.4799995422363,NA,NA,8.38000011444092,12.5900001525879,NA,NA,NA,NA,19.4484176635742,NA,NA,NA,NA,NA,28.5100002288818,NA,NA,NA,NA,NA,NA,9.78999996185303,26.3500003814697,NA,36.4500007629395,NA,NA
2005-11-01,27.2600002288818,NA,NA,9.15999984741211,12.5,NA,NA,NA,NA,19.3906497955322,NA,NA,NA,NA,NA,32.2550010681152,NA,NA,NA,NA,NA,NA,9.96000003814697,26.4400005340576,NA,37.7900009155273,NA,NA
2005-12-01,27.4249992370605,NA,NA,9.10000038146973,12.8900003433228,NA,NA,NA,NA,18.5690650939941,NA,NA,NA,NA,NA,30.5599994659424,NA,NA,NA,NA,NA,NA,10.1899995803833,25.8999996185303,NA,39.3199996948242,NA,NA
2006-01-01,27.4449996948242,NA,NA,12.2600002288818,14.9300003051758,NA,NA,NA,NA,18.646089553833,NA,NA,NA,NA,NA,39.75,NA,NA,NA,NA,NA,NA,11.7700004577637,26.2299995422363,NA,41.5099983215332,NA,NA
2006-02-01,27.2399997711182,NA,NA,12.25,16.5,NA,NA,NA,NA,18.1390190124512,NA,NA,NA,NA,NA,41.1949996948242,NA,NA,NA,NA,NA,NA,12.1499996185303,26.7299995422363,NA,42.1699981689453,NA,NA
2006-03-01,28.5499992370605,NA,NA,15.3000001907349,15.9099998474121,NA,NA,NA,NA,19.3509178161621,NA,NA,NA,NA,NA,46.9599990844727,NA,NA,NA,NA,NA,NA,12.9799995422363,27.1299991607666,NA,45.7900009155273,NA,NA
2006-04-01,29.5599994659424,NA,NA,16,16.0599994659424,NA,NA,NA,NA,19.3376960754395,NA,NA,NA,NA,NA,44.4749984741211,NA,NA,NA,NA,NA,NA,14.1099996566772,26.8700008392334,NA,47.0499992370605,NA,NA
2006-05-01,30.1700000762939,NA,NA,12.6899995803833,14.1700000762939,NA,NA,NA,NA,20.0517024993896,NA,NA,NA,NA,NA,40.3050003051758,NA,NA,NA,NA,NA,NA,12.5299997329712,26.8700008392334,NA,47.4000015258789,NA,NA
2006-06-01,29.9500007629395,NA,NA,12.8199996948242,15.8199996948242,NA,NA,NA,NA,19.2583618164062,NA,NA,NA,NA,NA,41.4749984741211,NA,NA,NA,NA,NA,NA,12.3900003433228,27.9099998474121,NA,39.7999992370605,NA,NA
2006-07-01,29.6599998474121,NA,NA,16.7000007629395,15.8199996948242,NA,NA,NA,NA,17.949348449707,NA,NA,NA,NA,NA,35.8499984741211,NA,NA,NA,NA,NA,NA,11.8699998855591,28.6599998474121,NA,37,NA,NA
2006-08-01,29.9300003051758,NA,NA,17.8500003814697,16.5,NA,NA,NA,NA,19.179027557373,NA,NA,NA,NA,NA,32.7700004577637,NA,NA,NA,NA,NA,NA,12.2399997711182,27.4200000762939,NA,41.5999984741211,NA,NA
2006-09-01,31.0499992370605,NA,NA,15.6899995803833,16.7399997711182,NA,NA,NA,NA,19.3773632049561,NA,NA,NA,NA,NA,32.1399993896484,NA,NA,NA,NA,NA,NA,12.7299995422363,27.0599994659424,NA,42,NA,NA
2006-10-01,31.9850006103516,NA,NA,15.7799997329712,17.4400005340576,NA,NA,NA,NA,21.0103244781494,NA,NA,NA,NA,NA,34.3499984741211,NA,NA,NA,NA,NA,NA,13.0799999237061,28.0200004577637,NA,42.2099990844727,NA,NA
2006-11-01,32.5250015258789,NA,NA,16.1399993896484,19.8899993896484,NA,NA,NA,NA,21.4532737731934,NA,NA,NA,NA,NA,38.4900016784668,NA,NA,NA,NA,NA,NA,13.6999998092651,27.0599994659424,NA,42.7999992370605,NA,NA
2006-12-01,32.6199989318848,NA,NA,17.1599998474121,22.6100006103516,NA,NA,NA,NA,21.6185512542725,NA,NA,NA,NA,NA,39.3800010681152,NA,NA,NA,NA,NA,NA,14.4700002670288,27.1499996185303,NA,40.7999992370605,NA,NA
2007-01-01,34.1500015258789,NA,NA,16.4699993133545,22.9699993133545,NA,NA,NA,NA,20.9706573486328,NA,NA,NA,NA,NA,41.6399993896484,NA,NA,NA,NA,NA,NA,15.3199996948242,26.7900009155273,NA,43.439998626709,NA,NA
2007-02-01,33.7050018310547,NA,NA,16.5699996948242,22.3099994659424,NA,NA,NA,NA,19.9789791107178,NA,NA,NA,NA,NA,45.6599998474121,NA,NA,NA,NA,NA,NA,15.5500001907349,26.1700000762939,NA,43,NA,NA
2007-03-01,33.3950004577637,NA,NA,16.9500007629395,22.7900009155273,NA,NA,NA,NA,20.4081115722656,NA,NA,NA,NA,NA,48.4000015258789,NA,NA,NA,NA,NA,NA,16.4799995422363,25.9899997711182,NA,43.8699989318848,NA,NA
2007-04-01,33.8699989318848,NA,NA,14.1999998092651,23.3700008392334,NA,NA,NA,NA,19.740779876709,NA,NA,NA,NA,NA,59.4000015258789,NA,NA,NA,NA,NA,NA,17.7299995422363,26.3199996948242,NA,47,NA,NA
2007-05-01,33.4799995422363,NA,NA,15.6499996185303,23.1100006103516,NA,NA,NA,NA,19.1347332000732,NA,NA,NA,NA,NA,61.3699989318848,NA,NA,NA,NA,NA,NA,17.4300003051758,24.5,NA,49.75,NA,NA
2007-06-01,32.4249992370605,NA,NA,15.0299997329712,21.2999992370605,NA,NA,NA,NA,18.869161605835,NA,NA,NA,NA,NA,56.2599983215332,NA,NA,NA,NA,NA,NA,17.75,23.6900005340576,NA,52.5999984741211,NA,NA
2007-07-01,33,NA,NA,15,18.3600006103516,NA,NA,NA,NA,17.0442123413086,NA,NA,NA,NA,NA,52.5400009155273,NA,NA,NA,NA,NA,NA,17.2999992370605,22.8099994659424,NA,52.5200004577637,NA,NA
2007-08-01,33.1599998474121,NA,NA,14.0500001907349,17.4799995422363,NA,NA,NA,NA,18.4537811279297,NA,NA,NA,NA,NA,52.9700012207031,NA,NA,NA,NA,NA,NA,16.8700008392334,20.9699993133545,NA,50.5,NA,NA
2007-09-01,35.6599998474121,NA,NA,16.5100002288818,17.25,NA,NA,NA,NA,18.0656394958496,NA,NA,NA,NA,NA,56.5400009155273,NA,NA,NA,NA,NA,NA,17.5300006866455,21.7099990844727,NA,45.5,NA,NA
2007-10-01,38.1349983215332,NA,NA,18.7999992370605,17.4200000762939,NA,NA,NA,NA,17.54811668396,NA,NA,NA,NA,NA,58.3499984741211,NA,NA,NA,NA,NA,NA,18.5,23.2000007629395,NA,46.3499984741211,NA,NA
2007-11-01,40.0400009155273,NA,NA,9.82999992370605,14.460000038147,NA,NA,NA,NA,16.7786407470703,NA,NA,NA,NA,NA,51.5900001525879,NA,NA,NA,NA,NA,NA,17.0200004577637,23.1499996185303,NA,43,NA,NA
2007-12-01,38.9799995422363,NA,NA,8.15999984741211,16.0799999237061,NA,NA,NA,NA,18.6716861724854,NA,NA,NA,NA,NA,54.2000007629395,NA,NA,NA,NA,NA,NA,17.4799995422363,22.7700004577637,NA,43.2299995422363,NA,NA
2008-01-01,38.25,NA,NA,11.4399995803833,13.8599996566772,NA,NA,NA,NA,17.0101642608643,NA,NA,NA,NA,NA,49.2099990844727,NA,NA,NA,NA,NA,NA,15.3800001144409,22.4699993133545,NA,32.0099983215332,NA,NA
2008-02-01,38.0449981689453,NA,NA,11.3699998855591,15.8100004196167,NA,NA,NA,NA,16.4994506835938,NA,NA,NA,NA,NA,55.4599990844727,NA,NA,NA,NA,NA,NA,15.3199996948242,22.4599990844727,NA,31.1000003814697,0.300000011920929,NA
2008-03-01,38.9550018310547,NA,NA,7.71000003814697,18.2099990844727,NA,NA,NA,NA,17.6747722625732,NA,NA,NA,NA,NA,59.8600006103516,NA,NA,NA,NA,NA,NA,15.4499998092651,23.8700008392334,NA,33.9500007629395,0.300000011920929,NA
2008-04-01,35.3499984741211,NA,NA,7.34000015258789,16.3400001525879,NA,NA,NA,NA,17.0645713806152,NA,NA,NA,NA,NA,60.7799987792969,NA,NA,NA,NA,NA,NA,16.6599998474121,24.6499996185303,NA,33.5999984741211,0.300000011920929,NA
2008-05-01,37.1800003051758,NA,NA,8.36999988555908,14.6099996566772,NA,NA,NA,NA,17.9763660430908,NA,NA,NA,NA,NA,67.9700012207031,NA,18.8999996185303,NA,NA,NA,NA,17.3600006103516,26.3799991607666,NA,37.2700004577637,0.300000011920929,NA
2008-06-01,34.5499992370605,NA,NA,7.44999980926514,14.6999998092651,NA,NA,NA,NA,17.625675201416,NA,NA,NA,NA,NA,77.0899963378906,NA,18.8700008392334,NA,NA,NA,NA,16.3199996948242,24.7299995422363,NA,28.2000007629395,0.300000011920929,NA
2008-07-01,37.1349983215332,NA,NA,8.65999984741211,16.3799991607666,NA,NA,NA,NA,18.3410835266113,NA,NA,NA,NA,NA,63.1599998474121,NA,18.9500007629395,NA,NA,NA,NA,14.5600004196167,24.7399997711182,NA,28.6900005340576,0.310000002384186,NA
2008-08-01,38.0149993896484,NA,NA,6.48000001907349,19.7999992370605,NA,NA,NA,NA,19.9752998352051,NA,NA,NA,NA,NA,57.0099983215332,NA,19.0499992370605,NA,NA,NA,NA,14.3000001907349,26.4500007629395,NA,30.8600006103516,0.254999995231628,NA
2008-09-01,37.6749992370605,NA,NA,6.51000022888184,17.7900009155273,NA,NA,NA,NA,20.276891708374,NA,NA,NA,NA,NA,37.9700012207031,NA,10.8999996185303,NA,NA,NA,NA,10.6999998092651,29.1100006103516,NA,24.2399997711182,0.200000002980232,NA
2008-10-01,31.3799991607666,NA,NA,2.80999994277954,14.7200002670288,NA,NA,NA,NA,17.4433174133301,NA,NA,NA,NA,NA,25.0400009155273,NA,5.51000022888184,NA,NA,NA,NA,7.42999982833862,26.6200008392334,NA,15.6000003814697,0.150000005960464,NA
2008-11-01,32.5349998474121,NA,NA,0.569999992847443,15.7200002670288,NA,NA,NA,NA,18.2008075714111,NA,NA,NA,NA,NA,20.6200008392334,NA,4.15000009536743,NA,NA,NA,NA,6.55000019073486,27.2700004577637,NA,13.9099998474121,0.0799999982118607,NA
2008-12-01,34.2700004577637,NA,NA,1.47000002861023,18.1800003051758,NA,NA,NA,NA,17.9623394012451,NA,NA,NA,NA,NA,19.9400005340576,NA,6.67999982833862,NA,NA,NA,NA,8.01000022888184,22.1399993896484,NA,11.9799995422363,0.0799999982118607,NA
2009-01-01,32.5200004577637,NA,NA,3.5,16.5,NA,NA,NA,30.3299999237061,16.7419376373291,NA,NA,NA,NA,NA,22.1299991607666,NA,6.30000019073486,NA,NA,NA,NA,6.67000007629395,21.6800003051758,NA,11.1499996185303,0.0799999982118607,NA
2009-02-01,30.0900001525879,NA,NA,2.85999989509583,16.7000007629395,NA,NA,NA,28.4720001220703,15.0235567092896,NA,NA,NA,NA,NA,23.7900009155273,NA,3.79999995231628,NA,NA,NA,NA,6,13.8699998855591,NA,10.5900001525879,0.0500000007450581,NA
2009-03-01,29.4899997711182,NA,NA,2.75999999046326,16.3299999237061,NA,NA,NA,34.1440010070801,15.690990447998,NA,NA,NA,NA,NA,26.3299999237061,NA,3.16000008583069,NA,NA,NA,NA,6.40000009536743,13.7399997711182,NA,9.05000019073486,0.0700000002980232,NA
2009-04-01,29.5,NA,NA,2.73000001907349,17.5799999237061,NA,NA,NA,36.0699996948242,17.5909576416016,NA,NA,NA,NA,NA,35.2299995422363,NA,4.26000022888184,NA,NA,NA,NA,7.59000015258789,15.539999961853,NA,11.9949998855591,0.0799999982118607,NA
2009-05-01,32.9749984741211,NA,NA,5.13000011444092,14.0200004577637,NA,NA,NA,41.8499984741211,16.2544784545898,NA,NA,NA,NA,NA,37.9900016784668,NA,7.5,NA,NA,NA,NA,8.71000003814697,17.25,NA,10.2200002670288,0.100000001490116,NA
2009-06-01,35.3699989318848,NA,NA,4.28000020980835,13.3199996948242,NA,NA,NA,45.6500015258789,16.3917388916016,NA,NA,NA,NA,NA,38.3899993896484,NA,6.55999994277954,NA,NA,NA,NA,8.60000038146973,19.0599994659424,NA,10.6499996185303,0.100000001490116,NA
2009-07-01,36.2200012207031,NA,NA,4.07000017166138,14.6400003433228,NA,NA,NA,49.9099998474121,17.4464740753174,NA,NA,NA,NA,NA,33.7099990844727,NA,8.25,NA,NA,NA,NA,9.60000038146973,17.8700008392334,NA,10.2250003814697,0.0900000035762787,NA
2009-08-01,36.3499984741211,NA,NA,3.89000010490417,14.9799995422363,NA,NA,NA,54.9599990844727,17.085262298584,NA,NA,NA,NA,NA,36.939998626709,NA,7.32999992370605,NA,NA,NA,NA,10.8100004196167,17.3999996185303,NA,11.4949998855591,0.0799999982118607,NA
2009-09-01,38.1399993896484,NA,NA,5.11999988555908,14.5,NA,NA,NA,60.4519996643066,17.179178237915,NA,NA,NA,NA,NA,42.560001373291,NA,8.11999988555908,NA,NA,NA,NA,11.9799995422363,18.1200008392334,NA,16.1299991607666,0.0649999976158142,NA
2009-10-01,39.314998626709,NA,NA,4.30000019073486,13.6300001144409,NA,NA,NA,60.4519996643066,17.9232711791992,NA,NA,NA,NA,NA,36.4799995422363,NA,6.96000003814697,NA,NA,NA,NA,11.2399997711182,17.8500003814697,NA,13.8249998092651,NA,NA
2009-11-01,42.0950012207031,NA,NA,5.59000015258789,14.4099998474121,NA,NA,NA,61.560001373291,18.3639488220215,NA,NA,NA,NA,NA,40.8800010681152,NA,8.51000022888184,NA,NA,NA,NA,12.289999961853,19.8600006103516,NA,13.164999961853,NA,NA
2009-12-01,41.0750007629395,NA,NA,6.13000011444092,15.8199996948242,NA,NA,NA,62.9500999450684,19.7798957824707,NA,NA,NA,NA,NA,43.2200012207031,NA,8.76000022888184,NA,NA,NA,NA,11.9899997711182,20.8999996185303,NA,12.8500003814697,NA,NA
2010-01-01,40.0149993896484,NA,NA,5.26000022888184,16.1800003051758,NA,NA,NA,51.6599998474121,18.8046264648438,NA,NA,NA,NA,NA,40.7400016784668,NA,7.90999984741211,NA,NA,NA,NA,11.6499996185303,19.7800006866455,NA,12.414999961853,NA,NA
2010-02-01,41.4700012207031,NA,NA,5.82000017166138,16.75,NA,NA,NA,56.2999992370605,19.6570835113525,NA,NA,NA,NA,NA,44.3400001525879,NA,7.98999977111816,NA,NA,NA,NA,11.3400001525879,20.3700008392334,NA,11.5050001144409,NA,NA
2010-03-01,42.6300010681152,NA,NA,7.1399998664856,17.0799999237061,NA,NA,NA,54.9150009155273,19.5270462036133,NA,NA,NA,NA,NA,49.2299995422363,NA,7.82000017166138,NA,NA,NA,NA,12.6300001144409,22.4500007629395,NA,13.6149997711182,NA,NA
2010-04-01,42.0499992370605,NA,NA,8.85000038146973,17.0599994659424,NA,NA,NA,56.9300003051758,19.2164058685303,NA,NA,NA,NA,NA,48.810001373291,NA,7.96000003814697,NA,NA,NA,NA,12.8800001144409,23.3500003814697,NA,12.6350002288818,NA,NA
2010-05-01,39.0449981689453,NA,NA,7.17000007629395,16.4799995422363,NA,NA,NA,46.0800018310547,18.0894298553467,NA,NA,NA,NA,NA,45.9099998474121,NA,7.44999980926514,NA,NA,NA,NA,11.0900001525879,21.9599990844727,NA,11.0950002670288,NA,NA
2010-06-01,39.3800010681152,NA,NA,6.98000001907349,16.3199996948242,NA,NA,NA,44.5499992370605,17.085262298584,NA,NA,NA,NA,NA,36.1500015258789,NA,7.03000020980835,NA,NA,NA,NA,11.460000038147,22.7800006866455,NA,12.2600002288818,NA,NA
2010-07-01,39.4900016784668,NA,NA,6.19000005722046,17.2600002288818,NA,NA,NA,52.6498985290527,18.2266883850098,NA,NA,NA,NA,NA,39.2799987792969,NA,7.84000015258789,NA,NA,NA,NA,12.8299999237061,23.5499992370605,NA,13.835000038147,NA,NA
2010-08-01,36.9199981689453,NA,NA,7.42999982833862,16.4200000762939,NA,NA,NA,49.8199996948242,17.0563659667969,NA,NA,NA,NA,NA,37.25,NA,7.44000005722046,NA,NA,NA,NA,12.1999998092651,24.0200004577637,NA,13.6899995803833,NA,NA
2010-09-01,38.4300003051758,NA,NA,8.73999977111816,18.9799995422363,NA,NA,NA,57.5,17.973840713501,NA,NA,NA,NA,NA,41.5299987792969,NA,7.90999984741211,NA,NA,NA,NA,14.4099998474121,22.5400009155273,NA,13.1499996185303,NA,NA
2010-10-01,38.560001373291,NA,NA,11.2200002670288,19.2900009155273,NA,NA,NA,60.8800010681152,18.9635581970215,NA,NA,NA,NA,NA,41.8499984741211,NA,8.44999980926514,NA,NA,NA,NA,15.5299997329712,22.5400009155273,NA,14.0600004196167,NA,NA
2010-11-01,38.2750015258789,NA,NA,14.3900003433228,18.6299991607666,NA,NA,NA,55.5,19.2453022003174,NA,NA,NA,NA,NA,44.4500007629395,NA,7.84999990463257,NA,NA,NA,NA,14.4399995803833,21.8899993896484,NA,13.2349996566772,0.990000009536743,NA
2010-12-01,40.185001373291,NA,NA,14.2700004577637,19.3799991607666,NA,NA,NA,64.9800033569336,20.9285430908203,NA,NA,NA,NA,NA,51.0999984741211,NA,8.85999965667725,NA,NA,NA,NA,15.7200002670288,22.7900009155273,NA,15.4549999237061,1.45000004768372,NA
2011-01-01,38.3849983215332,NA,NA,13.289999961853,18.7099990844727,NA,NA,NA,63.2099990844727,19.9821739196777,NA,NA,NA,NA,NA,52.2900009155273,NA,8.47000026702881,NA,NA,NA,NA,16.6200008392334,24.8999996185303,NA,16.7549991607666,1.0900000333786,NA
2011-02-01,39.2599983215332,NA,NA,13.6899995803833,19.5200004577637,NA,NA,NA,64.1399993896484,20.6612491607666,NA,NA,NA,NA,NA,55.3300018310547,NA,9.14999961853027,NA,NA,NA,NA,16.8299999237061,24.1499996185303,NA,17.4249992370605,1.0900000333786,NA
2011-03-01,40.3800010681152,NA,NA,13,21.5799999237061,NA,NA,NA,67.2245025634766,20.4878673553467,NA,NA,NA,NA,NA,57.7799987792969,NA,9.0600004196167,NA,NA,NA,NA,17.3400001525879,24.7999992370605,NA,15.1999998092651,0.930000007152557,NA
2011-04-01,42.1749992370605,NA,NA,12.8500003814697,21.8799991607666,NA,NA,27.6000003814697,62.1500015258789,21.4125671386719,NA,NA,NA,NA,NA,56.6100006103516,NA,8.14999961853027,NA,NA,NA,NA,18.7299995422363,25.4899997711182,NA,15.7349996566772,0.800000011920929,NA
2011-05-01,43.7649993896484,NA,NA,11.460000038147,19.3899993896484,NA,NA,28.5,63.4099998474121,21.1958408355713,NA,NA,NA,NA,NA,51.5099983215332,NA,7.48000001907349,NA,NA,NA,NA,18.1599998474121,24.8299999237061,NA,15.5500001907349,0.870000004768372,NA
2011-06-01,43.7050018310547,NA,NA,9.19999980926514,18.3500003814697,NA,NA,24.2900009155273,67.75,21.1380462646484,NA,NA,NA,NA,NA,49.6500015258789,NA,7.61999988555908,NA,NA,NA,NA,18.0599994659424,24.0599994659424,NA,16.5,0.769999980926514,NA
2011-07-01,42.189998626709,NA,NA,10.0200004577637,19.0599994659424,NA,NA,24.4300003051758,66.1199035644531,20.2639179229736,NA,NA,NA,NA,NA,47.0099983215332,NA,7.17999982833862,NA,NA,NA,NA,16.6499996185303,23.3999996185303,NA,16.5300006866455,0.75,NA
2011-08-01,44.9850006103516,NA,NA,10.3000001907349,16.7399997711182,NA,NA,22.8099994659424,64.7809982299805,18.3061542510986,NA,NA,NA,NA,NA,41.439998626709,NA,6.98999977111816,NA,NA,NA,NA,14.8400001525879,24.0200004577637,NA,14.1800003051758,0.72000002861023,NA
2011-09-01,44.3400001525879,NA,NA,6.44999980926514,14.8299999237061,NA,NA,19.2000007629395,48.8600006103516,17.4248008728027,NA,NA,NA,NA,NA,34.0099983215332,NA,6.19000005722046,NA,NA,NA,NA,12.7799997329712,24.2800006866455,NA,12.9750003814697,NA,NA
2011-10-01,45.185001373291,NA,NA,9.22999954223633,19.3700008392334,NA,NA,22.3299999237061,51.3610000610352,17.8943748474121,NA,NA,NA,NA,NA,44.189998626709,NA,6.84000015258789,NA,NA,NA,NA,14.289999961853,25.3299999237061,NA,13.710000038147,1.60000002384186,NA
2011-11-01,45.75,NA,NA,11.4899997711182,21.8299999237061,NA,NA,22.4200000762939,51.8400001525879,17.4175777435303,NA,NA,NA,NA,NA,49.1100006103516,NA,6.17999982833862,NA,NA,NA,NA,13.6400003433228,25.9099998474121,NA,11.7200002670288,1.37999999523163,NA
2011-12-01,46.1949996948242,NA,NA,8.47999954223633,22.2199993133545,NA,NA,23.7099990844727,49.0508003234863,17.0997123718262,NA,NA,NA,NA,NA,48.689998626709,NA,5.98999977111816,NA,NA,NA,NA,12.2399997711182,26.4799995422363,NA,13.1599998474121,1.25,NA
2012-01-01,45.3600006103516,NA,NA,10.3500003814697,24.6599998474121,NA,NA,25.2600002288818,54.4729995727539,17.5114917755127,NA,NA,NA,NA,NA,53.2000007629395,NA,7.13000011444092,NA,NA,NA,NA,13.789999961853,25.9500007629395,NA,15.2950000762939,1.25,NA
2012-02-01,46.5900001525879,NA,NA,8.30000019073486,23.2399997711182,NA,NA,24.5900001525879,53.2000007629395,16.7962951660156,NA,NA,NA,NA,NA,53.7200012207031,NA,7.15999984741211,NA,NA,NA,NA,14.8599996566772,25.0499992370605,NA,15.8999996185303,1.1599999666214,NA
2012-03-01,48.8899993896484,NA,NA,7.17999982833862,19.5900001525879,NA,NA,24.0699996948242,49.8068008422852,16.5506706237793,NA,NA,NA,NA,NA,56.4799995422363,NA,6.67999982833862,NA,NA,NA,NA,15.0799999237061,25.3500003814697,NA,15.8999996185303,1.19000005722046,NA
2012-04-01,49.4700012207031,NA,NA,7.17000007629395,17.3500003814697,NA,NA,23.5200004577637,52.6677017211914,17.2008514404297,NA,NA,NA,NA,NA,55.8899993896484,NA,6.84999990463257,NA,NA,NA,NA,14.9399995803833,26.5400009155273,NA,14.4849996566772,0.980000019073486,NA
2012-05-01,49.1500015258789,NA,NA,5.65999984741211,13.5500001907349,NA,NA,20.9300003051758,46.7224998474121,16.1461162567139,NA,NA,NA,NA,NA,47.2099990844727,NA,6.48999977111816,NA,NA,NA,NA,13.3000001907349,27.6100006103516,NA,13.5950002670288,0.72000002861023,NA
2012-06-01,52.0499992370605,NA,NA,5.28000020980835,14.5600004196167,NA,NA,19.3899993896484,45.6360015869141,17.2369728088379,NA,NA,NA,NA,NA,50.5,NA,6.17000007629395,NA,NA,NA,NA,13.4399995803833,28.5200004577637,NA,13.5,0.860000014305115,NA
2012-07-01,53.6800003051758,NA,NA,3.97000002861023,14.8100004196167,NA,NA,19.6800003051758,47.2099990844727,17.6848735809326,NA,NA,NA,NA,NA,51.4799995422363,NA,5.96000003814697,NA,NA,NA,NA,14.1000003814697,28.4899997711182,NA,13.3100004196167,0.839999973773956,NA
2012-08-01,53.1549987792969,NA,NA,4.65000009536743,16.1800003051758,NA,NA,20.6200008392334,46.8300018310547,18.3278274536133,NA,NA,NA,NA,NA,51.4300003051758,NA,6.05999994277954,NA,NA,NA,NA,14.3999996185303,26.5300006866455,NA,14.0600004196167,0.8299999833107,NA
2012-09-01,53.6100006103516,NA,NA,5.59999990463257,17.7399997711182,NA,NA,20.3999996185303,55.5364990234375,19.4909267425537,NA,NA,NA,NA,NA,52.3499984741211,NA,5.80000019073486,NA,NA,NA,NA,14.5500001907349,26.3099994659424,NA,12.5150003433228,0.8299999833107,NA
2012-10-01,52.4799995422363,NA,NA,4.90000009536743,16.9699993133545,NA,NA,20.8199996948242,49.4799995422363,19.2525272369385,NA,NA,NA,NA,NA,54.3400001525879,NA,5.5,NA,NA,NA,NA,15.7200002670288,25.8799991607666,NA,12.25,0.889999985694885,NA
2012-11-01,54.25,NA,NA,4.44000005722046,18.8500003814697,NA,NA,22.25,54.5388984680176,19.6354103088379,NA,NA,NA,NA,NA,56.4000015258789,NA,3.48000001907349,NA,NA,NA,NA,15.6899995803833,24.9099998474121,NA,12.8800001144409,0.889999985694885,NA
2012-12-01,52.2700004577637,NA,NA,4.51000022888184,20.4200000762939,NA,NA,21.5,56.3200988769531,18.7251586914062,NA,NA,NA,NA,NA,62.0999984741211,NA,3.35999989509583,NA,NA,NA,NA,15.5799999237061,25.1399993896484,NA,13.3800001144409,0.850000023841858,NA
2013-01-01,53.685001373291,NA,NA,4.42000007629395,22.8099994659424,NA,NA,23.8700008392334,59.0400009155273,19.5776176452637,NA,NA,NA,NA,NA,64.7200012207031,NA,4.01999998092651,NA,NA,NA,NA,16.9799995422363,26.9699993133545,NA,13.9399995803833,0.800000011920929,NA
2013-02-01,57.2150001525879,NA,NA,3.99000000953674,24.4799995422363,NA,NA,27.1700000762939,54.8699989318848,20.2855892181396,NA,NA,NA,NA,NA,66.5899963378906,NA,3.95000004768372,NA,NA,NA,NA,17.1200008392334,26.9899997711182,NA,13.8800001144409,0.680000007152557,NA
2013-03-01,59.0149993896484,NA,NA,3.63000011444092,29.4400005340576,NA,NA,29.3199996948242,50.2680015563965,22.2558498382568,NA,NA,NA,NA,NA,71.1699981689453,NA,4.96000003814697,NA,NA,NA,NA,16.8400001525879,27.7099990844727,NA,13.4899997711182,0.52999997138977,NA
2013-04-01,59.7050018310547,NA,NA,2.47000002861023,29.6000003814697,NA,NA,27.5100002288818,47.4300003051758,23.2380523681641,NA,NA,NA,NA,NA,65.0699996948242,NA,5.01999998092651,NA,NA,NA,NA,17.3999996185303,28.2999992370605,NA,12.8999996185303,0.379999995231628,NA
2013-05-01,57.8400001525879,NA,NA,2.51999998092651,24.9599990844727,NA,NA,28,52.0499992370605,23.379430770874,NA,NA,NA,NA,NA,65.7699966430664,NA,5.17000007629395,NA,NA,NA,NA,17.8400001525879,26.1700000762939,NA,17.6700000762939,0.319999992847443,NA
2013-06-01,57.2900009155273,NA,NA,2.10999989509583,25.7000007629395,NA,NA,27.5900001525879,47.8739013671875,23.6473045349121,NA,NA,NA,NA,NA,65.5599975585938,NA,5.32000017166138,NA,NA,NA,NA,17.6000003814697,25.3099994659424,NA,17.5300006866455,0.180000007152557,NA
2013-07-01,59.8699989318848,NA,NA,2.91000008583069,30.0100002288818,NA,NA,27.8799991607666,47.9000015258789,25.1950206756592,NA,NA,NA,NA,NA,70.1999969482422,NA,4.90000009536743,NA,NA,NA,NA,18.6599998474121,26.6599998474121,NA,17.4099998474121,0.209999993443489,NA
2013-08-01,57.7700004577637,NA,NA,2.74000000953674,22.3500003814697,NA,NA,25.7999992370605,51.2599983215332,22.3153762817383,NA,NA,NA,NA,NA,66.6900024414062,NA,6.44999980926514,NA,NA,NA,NA,19.0900001525879,25.0100002288818,NA,17.3999996185303,0.25,NA
2013-09-01,59.2999992370605,NA,NA,2.3199999332428,26,NA,NA,27.6599998474121,49.3349990844727,22.9329738616943,NA,NA,NA,NA,NA,73.2699966430664,NA,6.80000019073486,NA,NA,NA,NA,20.5900001525879,25.1000003814697,NA,17.4400005340576,0.224999994039536,NA
2013-10-01,64.7300033569336,NA,NA,2.17000007629395,29.2199993133545,NA,NA,29.3999996185303,50.7981986999512,23.8110046386719,NA,NA,NA,NA,NA,73.2900009155273,NA,7.46000003814697,NA,NA,NA,NA,22.6900005340576,26.5699996948242,NA,17.3700008392334,0.174999997019768,NA
2013-11-01,65.8099975585938,NA,NA,2.33999991416931,26.1800003051758,NA,NA,31.6700000762939,47.9833984375,23.8482093811035,NA,NA,NA,NA,NA,73.5299987792969,NA,7.78999996185303,NA,NA,NA,NA,22.8999996185303,25.3099994659424,NA,17.3400001525879,0.119999997317791,NA
2013-12-01,65.2099990844727,NA,NA,2.53999996185303,28.8099994659424,NA,NA,31.0799999237061,51.2807998657227,24.2128162384033,NA,NA,NA,NA,NA,75.8399963378906,NA,10.3999996185303,NA,NA,NA,NA,19.9300003051758,26.0599994659424,NA,17.3999996185303,0.109999999403954,NA
2014-01-01,61.2299995422363,NA,NA,2.91000008583069,24.7900009155273,NA,NA,31.4799995422363,41.3600006103516,22.5758094787598,NA,NA,NA,NA,NA,69.9499969482422,NA,9.78999996185303,NA,NA,NA,NA,18.8899993896484,26.0200004577637,NA,17.3600006103516,0.204999998211861,NA
2014-02-01,62.8300018310547,NA,NA,3.69000005722046,24.9099998474121,NA,NA,36.9500007629395,49.1012001037598,22.3027267456055,NA,NA,NA,NA,NA,69.2799987792969,NA,10.2399997711182,NA,NA,NA,NA,19.6599998474121,25.4099998474121,NA,17.4699993133545,0.200000002980232,NA
2014-03-01,64.870002746582,NA,NA,3.60999989509583,23.0100002288818,NA,NA,37.2900009155273,47.220401763916,22.9465179443359,NA,NA,NA,NA,NA,70.6600036621094,NA,9.52000045776367,NA,NA,NA,30.0100002288818,19.4599990844727,25.4200000762939,NA,17.7800006866455,0.174999997019768,NA
2014-04-01,67.3000030517578,NA,NA,3.52999997138977,20.8099994659424,NA,NA,35.8699989318848,48.1990013122559,21.6052875518799,NA,NA,NA,NA,NA,70.8199996948242,NA,8.11999988555908,NA,NA,NA,27.6499996185303,18.9899997711182,23.9899997711182,NA,18.7999992370605,0.125,NA
2014-05-01,68.4000015258789,NA,NA,3.00999999046326,21.25,NA,NA,41.2599983215332,47.3800010681152,22.3027267456055,NA,NA,NA,NA,NA,71.9499969482422,NA,8.10000038146973,NA,NA,NA,27.7600002288818,18.9099998474121,24.0499992370605,NA,19.75,0.104999996721745,NA
2014-06-01,68.1800003051758,NA,NA,4.21000003814697,23.4099998474121,NA,NA,38.5800018310547,49.2741012573242,22.5633087158203,NA,NA,NA,NA,NA,73.7099990844727,NA,9.76000022888184,NA,NA,NA,33.5800018310547,18.6700000762939,25.3199996948242,NA,19.5100002288818,0.100000001490116,NA
2014-07-01,63.4000015258789,NA,NA,3.75999999046326,19.5400009155273,NA,NA,34.4500007629395,50.5036010742188,20.1797523498535,NA,NA,NA,NA,NA,68.25,NA,7.28999996185303,NA,NA,NA,35.189998626709,17.2700004577637,23.6200008392334,NA,21.75,0.0850000008940697,NA
2014-08-01,64.7300033569336,NA,NA,3.95000004768372,20.8099994659424,NA,NA,37.9000015258789,50.7663993835449,21.651273727417,NA,NA,NA,NA,NA,69.9199981689453,NA,8.77000045776367,NA,NA,NA,34.4799995422363,17.5400009155273,25.3899993896484,NA,21.5,0.0799999982118607,NA
2014-09-01,65.2200012207031,NA,NA,3.02999997138977,18.4099998474121,NA,NA,32.5,47.2919006347656,21.4520034790039,NA,NA,NA,NA,NA,68.4000015258789,NA,6.65999984741211,NA,NA,NA,41.1199989318848,16.7000007629395,26.5499992370605,NA,22.5,0.0900000035762787,NA
2014-10-01,66.879997253418,NA,NA,2.47000002861023,19.0200004577637,NA,NA,36.5900001525879,45.469898223877,22.7242565155029,NA,NA,NA,NA,NA,67.4800033569336,NA,5.34000015258789,NA,NA,NA,47.4700012207031,16.6800003051758,28.1599998474121,NA,22.4899997711182,NA,NA
2014-11-01,69.5899963378906,24.7250003814697,NA,2.75999999046326,18.3400001525879,NA,NA,38.0299987792969,45.3955001831055,22.3333835601807,NA,NA,11,NA,NA,63.939998626709,NA,4.76000022888184,NA,NA,NA,47.5800018310547,17.7600002288818,28.1900005340576,NA,23.8999996185303,0.0450000017881393,NA
2014-12-01,69.1900024414062,24.7250003814697,NA,2.95000004768372,22.4899997711182,NA,NA,34.310001373291,41.2294998168945,23.4906730651855,NA,NA,12.0200004577637,NA,NA,61.2700004577637,NA,3.91000008583069,NA,NA,NA,53.9599990844727,14.039999961853,33.4799995422363,NA,25.1000003814697,0.0850000008940697,NA
2015-01-01,67.5199966430664,82.9499969482422,NA,3.73000001907349,21.3899993896484,NA,NA,34.939998626709,41.138801574707,23.9045372009277,NA,NA,10.1800003051758,NA,NA,52.3699989318848,NA,3.58999991416931,NA,NA,NA,34.689998626709,14.0500001907349,34.2999992370605,NA,24.5900001525879,0.115000002086163,NA
2015-02-01,70.8199996948242,85.5500030517578,NA,3.72000002861023,20.5599994659424,NA,NA,38.2400016784668,37.9366989135742,25.276424407959,NA,NA,12.5200004577637,NA,NA,57.0099983215332,NA,3.78999996185303,NA,NA,NA,36.6699981689453,15.3400001525879,33.0499992370605,NA,24.6000003814697,0.0700000002980232,NA
2015-03-01,69.3399963378906,89,NA,2.96000003814697,20.1100006103516,NA,NA,37.7400016784668,40.0993003845215,26.7767601013184,NA,30.9200000762939,14.1400003433228,NA,NA,61.0800018310547,NA,3.58999991416931,NA,NA,NA,35.8800010681152,15.5,32.1199989318848,NA,NA,0.0799999982118607,NA
2015-04-01,67.2799987792969,NA,NA,3.83999991416931,20.4699993133545,NA,NA,38.6300010681152,46.9859008789062,24.4558982849121,NA,30.9200000762939,12.789999961853,NA,NA,64.7200012207031,NA,3.57999992370605,NA,NA,NA,29.3799991607666,15.8100004196167,31.2999992370605,NA,NA,0.0500000007450581,NA
2015-05-01,66.7900009155273,85.5999984741211,NA,4.09000015258789,19.8500003814697,NA,NA,37.6300010681152,42.9572982788086,24.2664394378662,NA,30.9200000762939,15.5799999237061,NA,NA,63.7999992370605,NA,3.32999992370605,NA,NA,NA,29.4099998474121,15.5600004196167,30.5400009155273,NA,NA,0.0350000001490116,NA
2015-06-01,65.4100036621094,NA,NA,3.42000007629395,22.1100006103516,NA,NA,33.9000015258789,38.0800018310547,25.5058116912842,NA,NA,14.5900001525879,NA,NA,60.4799995422363,NA,3.22000002861023,NA,16,0.0700000002980232,24.8299999237061,15.0799999237061,29.7299995422363,NA,NA,NA,NA
2015-07-01,68.0199966430664,NA,NA,3.04999995231628,16.8600006103516,NA,NA,35.3499984741211,36.9263000488281,25.6321182250977,NA,NA,13.4099998474121,NA,NA,60.5999984741211,NA,3.44000005722046,NA,10.9200000762939,0.0299999993294477,23.5799999237061,15.4300003051758,29.9500007629395,NA,NA,NA,NA
2015-08-01,62.810001373291,83.25,NA,3.73000001907349,14.4899997711182,NA,NA,32.1699981689453,37.6083984375,24.534839630127,NA,30.9200000762939,11.75,NA,NA,58.1199989318848,NA,3.32999992370605,NA,9.67000007629395,NA,25.4400005340576,14.9300003051758,28.2700004577637,NA,NA,0.0450000017881393,NA
2015-09-01,63.4599990844727,NA,NA,3.60999989509583,13.0799999237061,NA,NA,30.9200000762939,36.1245994567871,24.7006149291992,NA,30.9200000762939,11.9300003051758,NA,NA,54.0099983215332,NA,2.75999999046326,NA,6.46999979019165,NA,27.0100002288818,14.4099998474121,28.6900005340576,NA,NA,0.0649999976158142,NA
2015-10-01,66.3499984741211,99.0500030517578,NA,3.61999988555908,14.2600002288818,NA,NA,33.7099990844727,36.5201988220215,25.0558490753174,NA,30.9200000762939,11.3900003433228,NA,NA,59.9599990844727,NA,3.07999992370605,NA,6.92999982833862,NA,24.6800003051758,15.5,29.2600002288818,NA,NA,0.0700000002980232,NA
2015-11-01,65.6800003051758,NA,NA,3.74000000953674,15.7600002288818,NA,NA,33.6300010681152,35.4567985534668,25.3005657196045,NA,26.2900009155273,11.460000038147,NA,NA,58.810001373291,NA,1.36000001430511,NA,6.25,0.0399999991059303,24.0400009155273,15.1499996185303,28.5799999237061,NA,NA,0.0500000007450581,NA
2015-12-01,66.620002746582,93.3000030517578,NA,4.21000003814697,13.6199998855591,NA,NA,33.4799995422363,38.8333015441895,24.9374370574951,NA,24.7800006866455,10.9899997711182,NA,NA,57.9099998474121,NA,0.810000002384186,NA,5.3600001335144,0.0500000007450581,23.4400005340576,14.6999998092651,28.9500007629395,NA,NA,0.0450000017881393,NA
2016-01-01,67.5299987792969,90.0500030517578,NA,4.21000003814697,13.1300001144409,NA,NA,25.7600002288818,37.0617980957031,25.908411026001,NA,21.7399997711182,10.039999961853,NA,NA,56.939998626709,NA,0.439999997615814,NA,3.94000005722046,0.109999999403954,21.7800006866455,13.2299995422363,29.9200000762939,NA,NA,NA,NA
2016-02-01,65.6399993896484,95.1999969482422,NA,4.96000003814697,13.7299995422363,NA,NA,30.0499992370605,47.9300003051758,26.3031158447266,NA,15.6499996185303,11.4200000762939,NA,NA,60.8899993896484,NA,0.639999985694885,NA,5.13000011444092,0.0750000029802322,24.0599994659424,13.0100002288818,29.3600006103516,NA,NA,0.0500000007450581,NA
2016-03-01,70.6500015258789,NA,NA,5.03999996185303,15.7200002670288,NA,NA,32.1199989318848,36.6068992614746,28.4094161987305,NA,18.1299991607666,11.1700000762939,NA,NA,69.1900024414062,NA,0.800000011920929,NA,7,0.0750000029802322,25.5100002288818,14.0900001525879,32.4000015258789,NA,NA,0.0500000007450581,NA
2016-04-01,70.9199981689453,92.5999984741211,NA,6.48999977111816,15.960000038147,NA,NA,30.4799995422363,38.9345016479492,28.9785804748535,NA,NA,10.9399995803833,NA,NA,73.9700012207031,NA,1.24000000953674,NA,9.11999988555908,0.155000001192093,24.3299999237061,14.0600004196167,32.689998626709,NA,NA,0.109999999403954,NA
2016-05-01,70.4100036621094,97.1500015258789,NA,5.38000011444092,16.25,NA,NA,30.0499992370605,36.4082984924316,29.1005458831787,NA,23.3099994659424,11.2700004577637,NA,NA,74.3499984741211,NA,1.13999998569489,NA,8.71000003814697,0.170000001788139,16.7700004577637,13.7399997711182,32.8300018310547,NA,NA,0.144999995827675,NA
2016-06-01,73.1999969482422,NA,NA,6.11999988555908,16.1200008392334,NA,NA,26.7800006866455,38.4037017822266,31.3284168243408,NA,25.7000007629395,12.4499998092651,NA,NA,76.9000015258789,NA,1.04999995231628,NA,8.23999977111816,NA,16.4200000762939,13.2799997329712,32.7900009155273,NA,NA,0.109999999403954,NA
2016-07-01,74.4300003051758,NA,NA,6.96000003814697,17.7000007629395,NA,NA,28.8099994659424,39.0728988647461,30.1900882720947,NA,25.7000007629395,12.6199998855591,NA,NA,78.4400024414062,NA,1.0900000333786,NA,9.30000019073486,NA,14.210000038147,13.9700002670288,31.0499992370605,NA,NA,0.100000001490116,NA
2016-08-01,74.3399963378906,96.4000015258789,NA,5.15000009536743,18.8400001525879,NA,NA,29.3799991607666,40.8911018371582,30.9706554412842,NA,25.7000007629395,12.1199998855591,NA,NA,72.0800018310547,NA,1.25,NA,13.1899995803833,NA,17.6000003814697,14.2600002288818,30.0100002288818,NA,NA,0.150000005960464,NA
2016-09-01,74.1399993896484,92.8499984741211,NA,5.59999990463257,18.5900001525879,NA,NA,28.5799999237061,45.8638000488281,29.946159362793,NA,23.6299991607666,13.8599996566772,NA,NA,72.0299987792969,NA,1.4099999666214,NA,16,NA,14.5,14.3500003814697,29.8500003814697,NA,NA,0.119999997317791,NA
2016-10-01,71.3600006103516,NA,NA,5,18.5,NA,NA,30.2600002288818,44.9500007629395,28.8240947723389,NA,23.6299991607666,13.8999996185303,NA,NA,68.7799987792969,NA,1.26999998092651,NA,16.4300003051758,NA,15.6000003814697,13.5699996948242,29.5,NA,NA,0.165000006556511,NA
2016-11-01,65.2300033569336,84.8499984741211,NA,4.57999992370605,22.2999992370605,NA,NA,35.8600006103516,44.9500007629395,30.6942043304443,NA,23.6299991607666,17.4500007629395,NA,NA,81.0999984741211,NA,1.46000003814697,NA,24.7199993133545,NA,17.75,13.0600004196167,30.7999992370605,NA,NA,0.115000002086163,NA
2016-12-01,65.4400024414062,87.5999984741211,NA,4.55999994277954,24,NA,NA,34.3300018310547,42.9967002868652,32.3203887939453,NA,23.6299991607666,18.2000007629395,NA,NA,79.5400009155273,NA,1.14999997615814,NA,22.0900001525879,NA,15.1499996185303,13.0699996948242,33.0699996948242,NA,NA,0.140000000596046,NA
2017-01-01,64.5800018310547,NA,NA,5.32000017166138,22.25,NA,NA,36.3800010681152,51.2042999267578,30.4502773284912,NA,23.6299991607666,17.1000003814697,NA,NA,79.6500015258789,NA,1.5,NA,26.4200000762939,NA,15.3500003814697,13.7399997711182,33.4799995422363,NA,NA,0.144999995827675,NA
2017-02-01,72.9800033569336,83.6999969482422,NA,5.28999996185303,19,NA,NA,38.9300003051758,48.5707015991211,31.8325328826904,NA,23.6299991607666,16.1000003814697,NA,NA,84.6500015258789,NA,1.4099999666214,NA,33.6599998474121,NA,18.5499992370605,14.0500001907349,33.2799987792969,NA,NA,0.189999997615814,NA
2017-03-01,73.1900024414062,NA,NA,4.86999988555908,17.5499992370605,NA,NA,38.75,50.4141006469727,31.2800369262695,NA,NA,16.9500007629395,NA,NA,80.0199966430664,NA,2.20000004768372,NA,38.5,NA,21.4500007629395,14.7700004577637,33.310001373291,NA,NA,0.185000002384186,NA
2017-04-01,72.0400009155273,NA,NA,4.17999982833862,17.1499996185303,NA,NA,38.1399993896484,48.2701988220215,31.2800369262695,NA,24.8999996185303,17.25,NA,NA,78.8199996948242,NA,2.13000011444092,NA,40.2900009155273,NA,23.6000003814697,15.6400003433228,33.5200004577637,NA,NA,0.144999995827675,NA
2017-05-01,76.3600006103516,NA,NA,3.9300000667572,15.8000001907349,NA,NA,36.9199981689453,45.1454010009766,29.0607032775879,NA,25.2800006866455,17.3999996185303,NA,NA,72.9499969482422,NA,2.05999994277954,NA,39.9900016784668,NA,17.6000003814697,16.7299995422363,33.1399993896484,NA,NA,0.125,NA
2017-06-01,74.129997253418,83.6999969482422,NA,4.55999994277954,15.25,NA,NA,37.3600006103516,49.0519981384277,29.1863250732422,NA,25.2800006866455,18.0499992370605,NA,NA,72.8099975585938,NA,2.28999996185303,NA,37.9199981689453,NA,14.8999996185303,16.6299991607666,32.3800010681152,NA,NA,0.119999997317791,NA
2017-07-01,72.1999969482422,NA,NA,4.46999979019165,15.1000003814697,NA,NA,39.5800018310547,49.1800003051758,31.1544132232666,NA,25.2800006866455,19.4500007629395,NA,NA,72.3600006103516,NA,2.57999992370605,NA,47.6100006103516,NA,13.5,17.2199993133545,32.9900016784668,NA,NA,0.129999995231628,NA
2017-08-01,71.6399993896484,NA,NA,4.3600001335144,16.2999992370605,NA,NA,40.6399993896484,49.1800003051758,31.2800369262695,NA,25.2800006866455,19.0499992370605,NA,NA,72.4199981689453,NA,3.24000000953674,NA,49.0699996948242,NA,12.1499996185303,17.4699993133545,33.4199981689453,NA,NA,0.100000001490116,NA
2017-09-01,72.8499984741211,89.5,NA,4.11999988555908,18,NA,NA,42.6199989318848,44.2599983215332,31.8244018554688,NA,25.2800006866455,21.6499996185303,NA,NA,76.1699981689453,NA,2.74000000953674,NA,50.6100006103516,NA,13.1999998092651,18.5699996948242,33.3699989318848,NA,NA,0.104999996721745,NA
2017-10-01,70.4499969482422,NA,NA,4.07000017166138,19.3500003814697,NA,NA,43.4500007629395,52.1100006103516,29.8144397735596,NA,25.2800006866455,22,NA,NA,76.8399963378906,NA,3.54999995231628,NA,56.6100006103516,NA,10.8999996185303,18.8899993896484,36.4599990844727,NA,NA,0.0900000035762787,NA
2017-11-01,72.4499969482422,NA,NA,3.84999990463257,19.7000007629395,NA,NA,43.2999992370605,60.189998626709,31.3219108581543,NA,25.2800006866455,20.8500003814697,NA,NA,78.6100006103516,NA,3.17000007629395,NA,51.4000015258789,NA,12.1999998092651,19.7199993133545,38.3499984741211,NA,NA,0.100000001490116,NA
2017-12-01,75.4499969482422,NA,NA,3.9300000667572,19.2000007629395,NA,NA,48.0900001525879,58.3400001525879,30.4844264984131,NA,25.2800006866455,18.25,NA,NA,85.7900009155273,NA,3.23000001907349,NA,50.060001373291,NA,19.5499992370605,19.4400005340576,36.1500015258789,NA,NA,0.0750000029802322,NA
2018-01-01,74.2399978637695,NA,NA,3.72000002861023,18.3500003814697,NA,NA,48.6199989318848,62,29.9819355010986,NA,NA,18.5,NA,NA,87.5899963378906,NA,3.4300000667572,NA,51.6199989318848,NA,16.7999992370605,20.4599990844727,34.1100006103516,NA,NA,NA,NA
2018-02-01,68.9700012207031,NA,NA,3.96000003814697,15.9499998092651,NA,NA,43.6699981689453,54.2999992370605,27.9719734191895,NA,NA,17.3500003814697,NA,NA,90.1699981689453,NA,3.66000008583069,NA,47.5099983215332,NA,18,19.7299995422363,32.9599990844727,NA,NA,NA,NA
2018-03-01,71.6800003051758,NA,NA,4.32999992370605,17.9500007629395,NA,NA,42.6199989318848,51.810001373291,25.403829574585,9.85000038146973,NA,16.1499996185303,28.0699996948242,NA,85.7399978637695,NA,3.17000007629395,NA,48.7099990844727,NA,23.3500003814697,19.5300006866455,34.3800010681152,NA,NA,NA,NA
2018-04-01,65.2300033569336,NA,NA,4.78000020980835,17.6000003814697,NA,NA,41.689998626709,49,24.6274814605713,9.86999988555908,NA,15.8500003814697,29.8899993896484,NA,87.9199981689453,NA,2.92000007629395,NA,48.4099998474121,NA,19.3500003814697,19.2700004577637,34.689998626709,NA,NA,NA,NA
2018-05-01,63.0900001525879,NA,NA,4.84000015258789,23.8500003814697,NA,NA,44.4099998474121,51.0200004577637,25.1019153594971,9.80000019073486,NA,18.7000007629395,26.2600002288818,NA,93.5699996948242,NA,3.5699999332428,NA,48.9900016784668,NA,19.75,18.4899997711182,34.3300018310547,NA,NA,NA,NA
2018-06-01,64.8099975585938,NA,NA,4.44999980926514,23.5,NA,NA,41.9700012207031,51.0200004577637,26.6114807128906,9.72000026702881,NA,18.2999992370605,35.75,NA,87.5400009155273,NA,3.40000009536743,NA,44.3600006103516,NA,27.8999996185303,18.2399997711182,34.2999992370605,NA,NA,NA,NA
2018-07-01,67.0100021362305,NA,NA,4.30999994277954,26.0499992370605,NA,NA,43.9599990844727,51.0200004577637,25.7920036315918,9.75,NA,20.3500003814697,35.310001373291,NA,90.1999969482422,NA,3.3199999332428,NA,45.810001373291,NA,24.25,19.0599994659424,35.1699981689453,NA,NA,NA,NA
2018-08-01,66.4100036621094,NA,NA,3.67000007629395,21.9500007629395,NA,NA,46.2099990844727,51.0200004577637,24.8431339263916,9.80000019073486,NA,19.7999992370605,42.7900009155273,NA,87.8899993896484,NA,2.78999996185303,NA,43.5999984741211,NA,25.7000007629395,19.1399993896484,35.2700004577637,NA,NA,NA,NA
2018-09-01,66.9499969482422,NA,NA,3.71000003814697,21.6499996185303,NA,NA,45.8800010681152,43.1100006103516,25.2313060760498,9.81999969482422,NA,19.6499996185303,40.7799987792969,NA,85.2900009155273,NA,2.88000011444092,NA,39.439998626709,NA,17.5499992370605,18.2000007629395,35.5900001525879,NA,NA,NA,NA
2018-10-01,59.5499992370605,NA,NA,4.03000020980835,18.6000003814697,NA,NA,38.0999984741211,43.1100006103516,27.2325592041016,9.86999988555908,NA,18.3999996185303,36.2900009155273,NA,78.9199981689453,NA,2.52999997138977,NA,33.0099983215332,NA,16.3099994659424,16.1100006103516,37.2999992370605,NA,NA,NA,NA
2018-11-01,63.5200004577637,NA,NA,3.67000007629395,16.6599998474121,NA,NA,38.8600006103516,43.1100006103516,30.1999340057373,10.0600004196167,NA,17.6399993896484,39.2599983215332,NA,80.4499969482422,NA,1.99000000953674,NA,28.4799995422363,NA,21.2299995422363,15.9300003051758,38.3199996948242,NA,NA,NA,NA
2018-12-01,59.5200004577637,NA,NA,3.95000004768372,15.8599996566772,NA,NA,30.2099990844727,43.1100006103516,28.8111324310303,10.0799999237061,NA,15.4899997711182,39.2099990844727,NA,71.1699981689453,NA,1.77999997138977,NA,28.2199993133545,NA,14.210000038147,11.6999998092651,36.6199989318848,NA,NA,NA,NA
2019-01-01,64.6800003051758,NA,NA,3.89000010490417,16.3099994659424,NA,NA,37.939998626709,44.4199981689453,29.8893947601318,10.1599998474121,NA,16.1700000762939,48.3699989318848,NA,81.879997253418,NA,1.54999995231628,NA,35.75,NA,17.8999996185303,13.4700002670288,37.189998626709,NA,NA,NA,NA
2019-02-01,65.870002746582,NA,NA,3.97000002861023,17.4200000762939,NA,NA,37.3600006103516,49.0499992370605,32.0804214477539,10.1300001144409,NA,15.5,49.6800003051758,NA,89.25,NA,1.5,NA,38.0299987792969,NA,18.2299995422363,13.9099998474121,38.2799987792969,NA,NA,NA,NA
2019-03-01,68.5400009155273,NA,NA,4.17000007629395,16.1399993896484,NA,NA,34.3499984741211,46.6699981689453,32.1235504150391,9.5,NA,15.4899997711182,70.9300003051758,NA,90.2600021362305,NA,1.46000003814697,NA,37.1599998474121,NA,16.6100006103516,13.9799995422363,40.7700004577637,NA,NA,NA,NA
2019-04-01,72.7900009155273,NA,NA,4,18.0200004577637,NA,NA,38.560001373291,43.5,33.4950981140137,10.3500003814697,NA,15.1300001144409,68.3099975585938,72.4700012207031,91.9599990844727,NA,1.78999996185303,NA,36.0099983215332,NA,17.5100002288818,14.7399997711182,41.4799995422363,NA,NA,NA,NA
2019-05-01,69.620002746582,NA,NA,4.05000019073486,15.5900001525879,NA,NA,36,41.689998626709,32.74462890625,10.1599998474121,NA,14.25,68.629997253418,79.7300033569336,83.2699966430664,NA,1.4099999666214,NA,21.0900001525879,NA,12.3699998855591,13.3599996566772,41.5400009155273,NA,NA,NA,NA
2019-06-01,71.6699981689453,NA,NA,5.90999984741211,16.6200008392334,NA,NA,41.3400001525879,41.689998626709,31.8561420440674,9.10000038146973,NA,16.2399997711182,76.6399993896484,88.7900009155273,94.620002746582,NA,1.55999994277954,NA,24,NA,12.2200002670288,14.2200002670288,43.5499992370605,NA,NA,NA,NA
2019-07-01,71.7399978637695,NA,NA,6.17000007629395,16.6700000762939,NA,NA,41.7900009155273,42,32.2270622253418,8.5,NA,15.8999996185303,84.2699966430664,95.5100021362305,99.9499969482422,NA,2.02999997138977,NA,19.0699996948242,NA,10.8999996185303,13.9499998092651,44.7999992370605,NA,NA,NA,NA
2019-08-01,74.1500015258789,NA,NA,7.44000005722046,17.2900009155273,NA,NA,41.5400009155273,40.7299995422363,31.6404895782471,6.09999990463257,NA,13.210000038147,68.7399978637695,91.6699981689453,97.2300033569336,NA,2.05999994277954,NA,14.1700000762939,NA,7.75,13.75,44.4000015258789,NA,NA,NA,NA
2019-09-01,73.5100021362305,NA,NA,6.07000017166138,19.5200004577637,NA,NA,41.8199996948242,46.5999984741211,32.0372886657715,6.80999994277954,NA,14.5100002288818,47.2599983215332,76.1999969482422,99.6600036621094,NA,1.75,NA,14.9399995803833,NA,11.3450002670288,13.8599996566772,45.6100006103516,NA,NA,NA,NA
2019-10-01,68.5999984741211,NA,NA,7.28000020980835,19.8799991607666,NA,NA,43.9799995422363,45.0999984741211,29.5702285766602,5.53999996185303,NA,14.8599996566772,43.9799995422363,69.8899993896484,116.040000915527,NA,1.62999999523163,NA,16.4099998474121,NA,12.0699996948242,14.4799995422363,45.1500015258789,NA,NA,NA,NA
2019-11-01,67.8199996948242,NA,NA,6.96000003814697,21.5300006866455,NA,NA,46.4300003051758,44.3899993896484,29.6306114196777,4.73000001907349,NA,17.5400009155273,52.1300010681152,74.5,117.980003356934,NA,1.75,NA,15.789999961853,NA,11.7799997329712,14.9399995803833,43.6699981689453,NA,NA,NA,NA
2019-12-01,68.8399963378906,NA,NA,8.96000003814697,22.3500003814697,NA,NA,47.5200004577637,41.7826995849609,29.4494647979736,5,NA,17.5499992370605,46.5,68.0400009155273,119.76000213623,NA,1.70000004768372,NA,18.0900001525879,NA,16.7999992370605,15.6800003051758,46.8600006103516,NA,NA,NA,NA
2020-01-01,73.7799987792969,NA,NA,9.11999988555908,20.3500003814697,NA,NA,42.939998626709,39.9771003723145,29.4235858917236,5.46999979019165,NA,16.1800003051758,56.0900001525879,76.3000030517578,114.800003051758,NA,1.29999995231628,NA,13.8699998855591,NA,11.6499996185303,15.3599996566772,48.9099998474121,NA,NA,NA,NA
2020-02-01,67.5699996948242,NA,NA,7.98000001907349,17.0599994659424,NA,NA,38.3600006103516,39.3315010070801,27.6724891662598,4.67999982833862,NA,13.5500001907349,51.9900016784668,105,102.290000915527,NA,1.32000005245209,NA,14.8599996566772,NA,10.539999961853,13.9200000762939,42.8400001525879,NA,NA,NA,NA
2020-03-01,66.3600006103516,NA,NA,7.38000011444092,15.6300001144409,NA,NA,22.1399993896484,36.685001373291,31.0194110870361,1.99000000953674,NA,10.9200000762939,60.8600006103516,146.119995117188,87.5899963378906,NA,1.19000005722046,NA,8.86999988555908,NA,5.34000015258789,11.6099996566772,43.0499992370605,NA,NA,NA,NA
2020-04-01,70.2699966430664,NA,NA,11.1899995803833,16.4799995422363,NA,NA,26.1499996185303,33.6699981689453,30.3034477233887,2.01999998092651,NA,13.5200004577637,67.0800018310547,135.169998168945,89.5800018310547,NA,1.03999996185303,NA,11.7299995422363,NA,8.51000022888184,13.0299997329712,39.4700012207031,NA,NA,NA,NA
2020-05-01,72.3300018310547,NA,NA,9.5600004196167,15.3100004196167,NA,NA,30.1100006103516,34.7449989318848,30.7261257171631,2.38000011444092,NA,14.1899995803833,98.0899963378906,179.479995727539,97,20.1399993896484,1.01999998092651,NA,13.1099996566772,NA,6.28000020980835,14.1999998092651,39.4599990844727,NA,NA,NA,NA
2020-06-01,73.2600021362305,NA,NA,9.18000030517578,15.3999996185303,NA,NA,29.2900009155273,37.0550003051758,29.5616035461426,1.69000005722046,NA,13.539999961853,109.5,253.539993286133,94.9300003051758,31.5200004577637,1.22000002861023,NA,15.3500003814697,NA,8.03999996185303,15.1800003051758,36.060001373291,NA,NA,NA,NA
2020-07-01,77.1999969482422,NA,NA,9.11999988555908,15.8800001144409,NA,NA,26.2199993133545,38.8286018371582,27.3446979522705,1.42999994754791,NA,13.2799997329712,129.850006103516,253.910003662109,98.2600021362305,35.0999984741211,1.33000004291534,NA,18.5300006866455,NA,8.61999988555908,16.1399993896484,36.2599983215332,NA,NA,NA,NA
2020-08-01,79.2600021362305,NA,NA,10.5900001525879,16.9300003051758,NA,NA,31.0799999237061,41.6100006103516,27.5948543548584,1.45000004768372,NA,13.4849996566772,143.339996337891,325.100006103516,104.870002746582,34.4799995422363,1.11000001430511,NA,20.6599998474121,NA,13.3800001144409,17.1499996185303,34.6100006103516,NA,NA,NA,NA
2020-09-01,77.1500015258789,NA,NA,11.8900003433228,14.8699998855591,NA,NA,29.4200000762939,37.5463981628418,26.6546115875244,1.22000002861023,NA,11.5600004196167,140.690002441406,470.109985351562,102.040000915527,29.5300006866455,1.02999997138977,NA,20.9099998474121,NA,13.0299997329712,16.8799991607666,33.2400016784668,NA,NA,NA,NA
2020-10-01,78.8899993896484,NA,NA,10.3599996566772,14.5799999237061,51.4000015258789,NA,27.2399997711182,37.2900009155273,25.7747497558594,0.870000004768372,NA,12.1199998855591,135.75,460.910003662109,108.98999786377,29.0499992370605,0.889999985694885,NA,20.1399993896484,NA,16.0499992370605,16,33.0400009155273,NA,NA,NA,NA
2020-11-01,85.6399993896484,NA,NA,9.96000003814697,15.8100004196167,65.879997253418,NA,36.5699996948242,43.1500015258789,26.714994430542,1.58000004291534,NA,15.4099998474121,155.75,478.359985351562,117.800003051758,40.2299995422363,1.20000004768372,NA,24.3299999237061,NA,24.9400005340576,18.7199993133545,35.8300018310547,NA,NA,NA,NA
2020-12-01,85.5100021362305,NA,NA,9.67000007629395,16.7000007629395,56.7999992370605,NA,44.4199981689453,41.1455993652344,25.6194801330566,1.58000004291534,NA,15.9899997711182,199.710006713867,337.320007324219,119.75,43.5499992370605,1.29999995231628,NA,24.7900009155273,NA,21.5699996948242,19.0300006866455,35.3899993896484,NA,NA,NA,NA
2021-01-01,78,NA,NA,9.11999988555908,14.5900001525879,63.7599983215332,NA,39.6300010681152,41.9599990844727,34.1420555114746,1.76999998092651,NA,19.1700000762939,199.699996948242,372.070007324219,116.080001831055,50.2700004577637,1.74000000953674,NA,26.3400001525879,NA,27.6100006103516,19.5799999237061,33.060001373291,NA,NA,NA,NA
2021-02-01,75.1999969482422,NA,NA,8.35000038146973,15.2399997711182,60.0800018310547,NA,45.8600006103516,43.0596008300781,26.576976776123,1.66999995708466,NA,23.4799995422363,205.029998779297,373.609985351562,132.199996948242,58.8800010681152,2.75,NA,23.5300006866455,NA,33.0400009155273,19.8799991607666,34.9599990844727,NA,NA,NA,NA
2021-03-01,78.8300018310547,NA,NA,8.76000022888184,15.0100002288818,58.0800018310547,NA,49,40.3800010681152,29.4355754852295,2.50999999046326,NA,25.7999992370605,171.669998168945,321.290008544922,152.289993286133,39.3199996948242,2.45000004768372,NA,27.9099998474121,NA,24.8099994659424,19.7700004577637,44.4300003051758,NA,NA,NA,NA
2021-04-01,80.6999969482422,NA,NA,8.98999977111816,14.6199998855591,47.5999984741211,NA,46.7099990844727,44.189998626709,28.0495357513428,2.78999996185303,NA,23.0100002288818,187.639999389648,319.570007324219,160.309997558594,43.9199981689453,3.58999991416931,NA,30.2000007629395,NA,23.0400009155273,21.1599998474121,43.060001373291,NA,NA,NA,NA
2021-05-01,83.7799987792969,NA,NA,10.2600002288818,15.2399997711182,48.7599983215332,NA,47.060001373291,45.2701988220215,27.800760269165,3.84999990463257,NA,22.3799991607666,194.199996948242,331.529998779297,168.070007324219,39.060001373291,3.69000005722046,NA,35.9300003051758,NA,25.6100006103516,20.6299991607666,43.0499992370605,NA,NA,NA,NA
2021-06-01,81.3499984741211,NA,NA,8.01000022888184,13.7700004577637,45.2000007629395,NA,41.7400016784668,46.6349983215332,30.1285953521729,3.71000003814697,NA,21.7399997711182,216.059997558594,387.029998779297,150.899993896484,33.9300003051758,4.01000022888184,NA,34.7999992370605,NA,41.0499992370605,20.2299995422363,42.2799987792969,NA,NA,NA,NA
2021-07-01,79.5,NA,NA,7.82000017166138,13.0699996948242,30,NA,42.3600006103516,49.4000015258789,30.5550708770752,3.57999992370605,NA,20.3899993896484,235.910003662109,378.100006103516,157.149993896484,29,3.33999991416931,NA,33.25,NA,38.3300018310547,20.5200004577637,43.3400001525879,NA,NA,NA,NA
2021-08-01,77.9499969482422,NA,NA,7.23000001907349,13.2799997329712,34.6800003051758,NA,39.7400016784668,46.8096008300781,28.1206150054932,3.98000001907349,NA,24.1700000762939,278.339996337891,289.5,150.039993286133,32.189998626709,4.03999996185303,NA,33.5099983215332,NA,33.8499984741211,20.9799995422363,43.5999984741211,NA,NA,NA,NA
2021-09-01,75.5800018310547,NA,NA,6.88000011444092,12.1800003051758,27.9200000762939,NA,39.3400001525879,43.521598815918,27.0366611480713,3.73000001907349,NA,25.7700004577637,262.220001220703,261.5,142.419998168945,28.3199996948242,5.17000007629395,NA,29.0599994659424,NA,23.5400009155273,19.75,40.8300018310547,NA,NA,NA,NA
2021-10-01,76.1900024414062,NA,NA,7.30999994277954,12.0600004196167,25.2399997711182,NA,40.0499992370605,50.2401008605957,28.1206150054932,4.1399998664856,NA,28.75,318.859985351562,274.649993896484,146.160003662109,22.9699993133545,4.46000003814697,NA,28.0200004577637,NA,26.2800006866455,19.8299999237061,40.560001373291,NA,NA,NA,NA
2021-11-01,75.0199966430664,NA,NA,6.75,11,25.5200004577637,NA,40.5900001525879,47.8600006103516,27.9429187774658,3.69000005722046,NA,21.2199993133545,346.970001220703,211.410003662109,148.630004882812,17.2800006866455,3.61999988555908,NA,29.7000007629395,NA,23.0100002288818,18.5799999237061,37.9900016784668,NA,NA,NA,NA
2021-12-01,85.3399963378906,NA,NA,6.8600001335144,11.8199996948242,22.5200004577637,NA,44.2299995422363,48.6650009155273,32.189884185791,3.55999994277954,NA,21.7600002288818,321.329986572266,183.910003662109,162.220001220703,15.75,3.76999998092651,NA,33.560001373291,NA,19.6299991607666,14.8100004196167,41.5,NA,NA,NA,NA
2022-01-01,82.4499969482422,NA,NA,6.59999990463257,11.75,19.8799991607666,NA,39.810001373291,46.939998626709,30.164134979248,3.30999994277954,NA,19.7900009155273,257.109985351562,154.279998779297,152.880004882812,8.44999980926514,3.49000000953674,NA,32.7099990844727,NA,18.3299999237061,13.4300003051758,42.5,NA,NA,NA,NA
2022-02-01,76.9499969482422,NA,NA,6.98000001907349,11.5100002288818,25.8799991607666,NA,41.7599983215332,51.2337989807129,29.9864387512207,3.15000009536743,NA,17.2399997711182,239.149993896484,132.600006103516,190.869995117188,6.73999977111816,4.17999982833862,NA,27.6000003814697,NA,16.9599990844727,12.0200004577637,40.9799995422363,NA,NA,NA,NA
2022-03-01,75.8300018310547,NA,NA,7.73000001907349,11.9899997711182,22.2800006866455,NA,44.6500015258789,51.2537994384766,31.9933528900146,6,NA,19.9899997711182,241.279998779297,117.230003356934,183.350006103516,6.07000017166138,4.76000022888184,NA,31.4799995422363,NA,16.9200000762939,11.4300003051758,42.310001373291,NA,NA,NA,NA
2022-04-01,77.0500030517578,NA,NA,6.21999979019165,11.4499998092651,22.2000007629395,NA,40.2799987792969,49.1279983520508,32.0574111938477,6.26000022888184,NA,17.8400001525879,202.740005493164,99.5699996948242,198.25,3.61999988555908,4.1100001335144,NA,33.0699996948242,NA,14.0200004577637,10.3000001907349,41.1100006103516,NA,NA,NA,NA
2022-05-01,78.8099975585938,NA,NA,5.59000015258789,12.1099996566772,25.1599998474121,NA,37.6100006103516,46.4728012084961,30.2637348175049,6.34999990463257,NA,19.0100002288818,153.089996337891,107.449996948242,194.399993896484,4.82000017166138,4.76000022888184,NA,43.0900001525879,NA,11.6000003814697,9.77999973297119,43.1699981689453,NA,NA,NA,NA
2022-06-01,80.1399993896484,NA,NA,4.80999994277954,10,24,NA,33.4300003051758,41.4411010742188,32.3502578735352,5.71000003814697,NA,20.1000003814697,149.509994506836,107.970001220703,169.860000610352,4.44999980926514,3.8199999332428,NA,32.0200004577637,NA,10.6199998855591,8.4399995803833,40.9000015258789,NA,NA,NA,NA
2022-07-01,78.7399978637695,NA,NA,4.88000011444092,10.4799995422363,18.3199996948242,NA,37.1100006103516,42.9000015258789,32.1397743225098,13.75,NA,22,155.059997558594,103.860000610352,190.25,3.27999997138977,3.85999989509583,NA,35.5900001525879,NA,12.75,8.44999980926514,42.2999992370605,NA,NA,NA,NA
2022-08-01,78.2099990844727,NA,NA,4.42999982833862,10.210000038147,17.4799995422363,NA,36.3600006103516,41.3241004943848,32.7895278930664,13.289999961853,NA,21.5400009155273,159.240005493164,80.4000015258789,187.979995727539,3.44000005722046,3.19000005722046,NA,33.7299995422363,NA,13.8199996948242,7.78999996185303,39.1199989318848,NA,NA,NA,NA
2022-09-01,70.25,NA,NA,4.69000005722046,9.4399995803833,10.1599998474121,NA,31.0100002288818,39.6349983215332,30.4559135437012,12.6199998855591,NA,17.1499996185303,164.369995117188,73.5899963378906,174.410003662109,1.99000000953674,2.47000002861023,NA,24.6499996185303,NA,7.71999979019165,6.96000003814697,34.6599998474121,NA,NA,NA,NA
2022-10-01,73.8399963378906,NA,NA,4.63000011444092,10.8900003433228,6.3600001335144,NA,35.2900009155273,42.0447006225586,36.9625701904297,12.1700000762939,NA,20.6700000762939,154.100006103516,83.4400024414062,201.479995727539,2.52999997138977,2.52999997138977,NA,28.6299991607666,NA,10.4799995422363,7.40999984741211,38.0400009155273,NA,NA,NA,NA
2022-11-01,77.4800033569336,NA,NA,5.76999998092651,10.3400001525879,7.44000005722046,NA,38.6199989318848,47.0299987792969,41.1356163024902,14.460000038147,NA,23.0900001525879,133.449996948242,75.4300003051758,211.289993286133,3.01999998092651,2.84999990463257,NA,31.0499992370605,NA,11.5600004196167,8.21000003814697,41.0800018310547,NA,NA,NA,NA
2022-12-01,78.7900009155273,NA,NA,5.98000001907349,10.2200002670288,7.76000022888184,NA,38.4199981689453,50.5648002624512,38.9575805664062,15.1400003433228,NA,22.5900001525879,111.900001525879,67.7399978637695,202.440002441406,3.82999992370605,2.91000008583069,NA,30.6200008392334,NA,7.59000015258789,7.8899998664856,41.8499984741211,NA,NA,NA,NA
2023-01-01,74.5299987792969,NA,NA,6.30999994277954,12.1300001144409,12.1999998092651,NA,44.9700012207031,46.8650016784668,40.9342842102051,15.3549995422363,NA,25.5200004577637,124.160003662109,75,227.449996948242,4.80000019073486,3.28999996185303,NA,36.3899993896484,NA,9.02999973297119,9.57999992370605,42.2700004577637,NA,NA,NA,NA
2023-02-01,73.3000030517578,NA,NA,5.59000015258789,11.6199998855591,8.64000034332275,NA,43.2799987792969,46.0200004577637,40.2936859130859,14.8299999237061,NA,25.0100002288818,131.149993896484,74.5899963378906,247.839996337891,3.84999990463257,3.75,NA,34.1800003051758,NA,7.59999990463257,9.19999980926514,40.4500007629395,NA,NA,NA,NA
2023-03-01,75.1500015258789,NA,NA,6.21999979019165,9.13000011444092,8.15999984741211,NA,39.3699989318848,46.2350006103516,42.3319816589355,13.1400003433228,NA,24.1000003814697,116.830001831055,73.8399963378906,256.739990234375,8.89000034332275,3.69000005722046,NA,29.9400005340576,NA,9.72000026702881,9.09000015258789,38.4000015258789,NA,NA,NA,NA
2023-04-01,79.8000030517578,NA,NA,5.44000005722046,9.38000011444092,6.80000019073486,NA,40.2200012207031,46.4150009155273,38.5333213806152,12.6099996566772,NA,20.1299991607666,90.0999984741211,61.4300003051758,247.800003051758,5.73000001907349,3.66000008583069,NA,29.0699996948242,NA,7.17000007629395,9,39.2099990844727,NA,NA,NA,NA
2023-05-01,74.379997253418,NA,NA,5.15000009536743,7.03000020980835,5.11999988555908,NA,38.0200004577637,44.3650016784668,36.827220916748,14.1300001144409,NA,24.7999992370605,135.479995727539,67.129997253418,234.679992675781,4.46000003814697,3.17000007629395,NA,26.4899997711182,NA,6.26999998092651,8.52000045776367,35.9099998474121,NA,NA,NA,NA
2023-06-01,77.0400009155273,NA,NA,3.99000000953674,6.67000007629395,5.71999979019165,NA,41.8499984741211,45.1295013427734,33.3773193359375,13.4200000762939,NA,27.6299991607666,146.300003051758,67.879997253418,271.589996337891,6.09999990463257,3.25999999046326,NA,36.8899993896484,NA,7.76000022888184,8.97999954223633,36.2000007629395,NA,NA,NA,NA
2023-07-01,76.2600021362305,NA,NA,4.51000022888184,6.92000007629395,7.11999988555908,NA,42.3400001525879,NA,32.8588943481445,12.7700004577637,NA,29.1800003051758,160.380004882812,73.3499984741211,292.859985351562,7.03999996185303,3.32999992370605,NA,36.9799995422363,NA,9.38000011444092,9.25,38.3899993896484,NA,NA,NA,NA
2023-08-01,73.4700012207031,NA,NA,4.11999988555908,5.03000020980835,4.84000015258789,NA,40.7599983215332,NA,30.3044586181641,15.8999996185303,NA,30.1900005340576,156.050003051758,71.0299987792969,284.959991455078,5.69000005722046,3.21000003814697,NA,34.0200004577637,NA,7.69999980926514,8.77999973297119,14.0200004577637,NA,NA,NA,NA
2023-09-01,71.1100006103516,NA,NA,3.83999991416931,5.40999984741211,4.23999977111816,NA,39.4099998474121,NA,28.1459140777588,15.8800001144409,NA,27.3799991607666,155.589996337891,69.9400024414062,262.230010986328,4.92999982833862,3.24000000953674,NA,28.0499992370605,NA,7.46999979019165,8.17000007629395,12.3100004196167,NA,NA,NA,NA
2023-10-01,75.120002746582,NA,NA,3.51999998092651,4.48000001907349,3.8199999332428,NA,34.6300010681152,NA,29.3241596221924,13.7299995422363,NA,26.2000007629395,158.690002441406,59.9799995422363,254.380004882812,4.76000022888184,3.14000010490417,NA,24.1100006103516,NA,6.28000020980835,7.51000022888184,12.9799995422363,NA,NA,NA,NA
2023-11-01,78.7699966430664,NA,NA,4.19999980926514,4.69999980926514,3.39599990844727,15.5,38.7900009155273,NA,31.1904983520508,10.9099998474121,NA,24.6399993896484,197.529998779297,67.8300018310547,275.260009765625,4.36999988555908,3.88000011444092,NA,27.4300003051758,NA,7.05999994277954,8.42000007629395,12.1899995803833,NA,NA,NA,NA
2023-12-01,79.7099990844727,NA,NA,3.74000000953674,5.40999984741211,3.0699999332428,14.9499998092651,41.939998626709,NA,31.3318881988525,9.72999954223633,NA,26.9500007629395,221.559997558594,71.9100036621094,279.679992675781,3.77999997138977,3.9300000667572,NA,31.5400009155273,NA,9.5600004196167,8.73999977111816,14.1899995803833,NA,NA,NA,NA
2024-01-01,84.1999969482422,NA,NA,2.55999994277954,4.73000001907349,2.36999988555908,15.0900001525879,41.810001373291,NA,30.7192001342773,9.67000007629395,NA,23.7800006866455,235.669998168945,64.6100006103516,285.420013427734,2.59999990463257,4.03999996185303,NA,30.1700000762939,NA,9.47000026702881,8.32999992370605,12.9700002670288,NA,NA,NA,NA
2024-02-01,86.5199966430664,NA,NA,2.48000001907349,4.34999990463257,3.11999988555908,13.5100002288818,40.0999984741211,NA,30.6532192230225,9.68000030517578,NA,22.5100002288818,241.970001220703,70.7300033569336,321.220001220703,2.86999988555908,4.6399998664856,NA,19.6700000762939,NA,9.72999954223633,8.4399995803833,12.1800003051758,NA,NA,NA,NA
2024-03-01,90.0500030517578,NA,NA,3,6.51999998092651,4.21999979019165,13.9300003051758,51.439998626709,NA,31.0970878601074,10.8699998855591,NA,21.6499996185303,192.630004882812,65.370002746582,334.179992675781,3.03999996185303,4.96000003814697,NA,26.2600002288818,NA,10.8900003433228,8.71000003814697,11.2700004577637,NA,NA,NA,NA
2024-04-01,91.9199981689453,NA,NA,2.90000009536743,6.38000011444092,4.3899998664856,13.5799999237061,50.2400016784668,NA,28.8446598052979,11.125,NA,20.9300003051758,172.940002441406,61.0999984741211,284.720001220703,3.0699999332428,4.98999977111816,NA,26.75,NA,13.6800003051758,8.35999965667725,9.85000038146973,NA,NA,NA,NA
2024-05-01,92.9599990844727,NA,NA,3.9300000667572,5.44999980926514,4.48000001907349,17.25,47.6399993896484,NA,28.4077663421631,11.3599996566772,NA,22.9200000762939,169.960006713867,61.3400001525879,300.779998779297,2.82999992370605,5.67000007629395,NA,24.8199996948242,NA,14.289999961853,8.6899995803833,10.9899997711182,NA,NA,NA,25.2000007629395
2024-06-01,97.0400009155273,NA,NA,3.46000003814697,4.78999996185303,2.36999988555908,16.6499996185303,47.5299987792969,NA,29.6796112060547,8.71000003814697,NA,21.9799995422363,192.190002441406,59.189998626709,285.600006103516,2.50999999046326,5.82000017166138,NA,22.5699996948242,NA,13.5900001525879,8.14000034332275,9.02000045776367,23.1499996185303,NA,NA,18.8400001525879
2024-07-01,99.1900024414062,NA,NA,4.78000020980835,5.71000003814697,2.83999991416931,17.4300003051758,49.6199989318848,NA,29.9417476654053,9.35999965667725,NA,23.7000007629395,179.350006103516,60.4000015258789,304.559997558594,2.70000004768372,5.05999994277954,44.8400001525879,24.1700000762939,NA,17.6900005340576,8.43000030517578,16.5599994659424,32.9700012207031,NA,NA,16.9799995422363
2024-08-01,106.5,NA,NA,4.25,6.13000011444092,2.26999998092651,19.5799999237061,46.2700004577637,NA,28.8543682098389,9.6899995803833,NA,18.4500007629395,199.979995727539,69.0800018310547,286.649993896484,2.32999992370605,5.1100001335144,47.4199981689453,19.4400005340576,NA,15.4899997711182,8.56999969482422,10.7299995422363,37.0400009155273,NA,NA,16.1800003051758
2024-09-01,103.809997558594,NA,NA,4.09999990463257,7.28999996185303,3.49000000953674,19.3400001525879,45.2900009155273,NA,30.0679607391357,7.78000020980835,NA,18.5100002288818,170.940002441406,69.7399978637695,289.209991455078,2.94000005722046,5.17999982833862,49.4199981689453,20.3199996948242,NA,17.2700004577637,8.93000030517578,9.68000030517578,39.1199989318848,NA,NA,22.2900009155273
2024-10-01,93.7099990844727,NA,NA,3.46000003814697,7.75,2.6800000667572,17.4200000762939,44.3499984741211,NA,28.3203887939453,7.46000003814697,NA,17.7900009155273,180.789993286133,74.7399978637695,286.339996337891,2.75,4.19000005722046,51.5,18.1599998474121,NA,15.7399997711182,8.46000003814697,10.2700004577637,56.0999984741211,NA,NA,25.1100006103516
2024-11-01,96.629997253418,NA,NA,3.66000008583069,7.17000007629395,2.45000004768372,19.0799999237061,50.9000015258789,NA,32.1359214782715,8.27000045776367,NA,19.6100006103516,206.589996337891,82.6900024414062,321.239990234375,6.69000005722046,3.86999988555908,55.0200004577637,21.7399997711182,NA,15.9499998092651,8.13000011444092,10.3900003433228,76,NA,NA,23.4300003051758
2024-12-01,90.7900009155273,NA,NA,3.26999998092651,7.55999994277954,2.40000009536743,18.8999996185303,48.0400009155273,NA,31.2038822174072,9.5,NA,18.5799999237061,183.130004882812,82.7300033569336,266.220001220703,11.460000038147,3.48000001907349,53.6199989318848,16.8199996948242,NA,13.1700000762939,7.82000017166138,9.73999977111816,65.2099990844727,NA,NA,28.25
