"date","HYG","JNK","ANGL","SJNK","SHYG","USHY","HYEM.MI","CEMB","XHY.TO","HYD","PGHY","VWEHX","VWEAX","HYT","MHCAX"
1990-01-31,NA,NA,NA,NA,NA,NA,NA,NA,NA,NA,NA,0.535966098308563,NA,NA,NA
1990-02-28,NA,NA,NA,NA,NA,NA,NA,NA,NA,NA,NA,0.526260614395142,NA,NA,NA
1990-03-31,NA,NA,NA,NA,NA,NA,NA,NA,NA,NA,NA,0.534994781017303,NA,NA,NA
1990-04-30,NA,NA,NA,NA,NA,NA,NA,NA,NA,NA,NA,0.536246955394745,NA,NA,NA
1990-05-31,NA,NA,NA,NA,NA,NA,NA,NA,NA,NA,NA,0.548983752727509,NA,NA,NA
1990-06-30,NA,NA,NA,NA,NA,NA,NA,NA,NA,NA,NA,0.557919859886169,NA,NA,NA
1990-07-31,NA,NA,NA,NA,NA,NA,NA,NA,NA,NA,NA,0.568567931652069,NA,NA,NA
1990-08-31,NA,NA,NA,NA,NA,NA,NA,NA,NA,NA,NA,0.540407776832581,NA,NA,NA
1990-09-30,NA,NA,NA,NA,NA,NA,NA,NA,NA,NA,NA,0.50760018825531,NA,NA,NA
1990-10-31,NA,NA,NA,NA,NA,NA,NA,NA,NA,NA,NA,0.497565001249313,NA,NA,NA
1990-11-30,NA,NA,NA,NA,NA,NA,NA,NA,NA,NA,NA,0.509233117103577,NA,NA,NA
1990-12-31,NA,NA,NA,NA,NA,NA,NA,NA,NA,NA,NA,0.515300273895264,NA,NA,NA
1991-01-31,NA,NA,NA,NA,NA,NA,NA,NA,NA,NA,NA,0.519515633583069,NA,NA,NA
1991-02-28,NA,NA,NA,NA,NA,NA,NA,NA,NA,NA,NA,0.546942055225372,NA,NA,NA
1991-03-31,NA,NA,NA,NA,NA,NA,NA,NA,NA,NA,NA,0.566845715045929,NA,NA,NA
1991-04-30,NA,NA,NA,NA,NA,NA,NA,NA,NA,NA,NA,0.584470212459564,NA,NA,NA
1991-05-31,NA,NA,NA,NA,NA,NA,NA,NA,NA,NA,NA,0.58773684501648,NA,NA,NA
1991-06-30,NA,NA,NA,NA,NA,NA,NA,NA,NA,NA,NA,0.598618865013123,NA,NA,NA
1991-07-31,NA,NA,NA,NA,NA,NA,NA,NA,NA,NA,NA,0.61313807964325,NA,NA,NA
1991-08-31,NA,NA,NA,NA,NA,NA,NA,NA,NA,NA,NA,0.623344719409943,NA,NA,NA
1991-09-30,NA,NA,NA,NA,NA,NA,NA,NA,NA,NA,NA,0.634527325630188,NA,NA,NA
1991-10-31,NA,NA,NA,NA,NA,NA,NA,NA,NA,NA,NA,0.648539960384369,NA,NA,NA
1991-11-30,NA,NA,NA,NA,NA,NA,NA,NA,NA,NA,NA,0.656275570392609,NA,NA,NA
1991-12-31,NA,NA,NA,NA,NA,NA,NA,NA,NA,NA,NA,0.666860699653625,NA,NA,NA
1992-01-31,NA,NA,NA,NA,NA,NA,NA,NA,NA,NA,NA,0.683032631874084,NA,NA,NA
1992-02-29,NA,NA,NA,NA,NA,NA,NA,NA,NA,NA,NA,0.694552659988403,NA,NA,NA
1992-03-31,NA,NA,NA,NA,NA,NA,NA,NA,NA,NA,NA,0.699530243873596,NA,NA,NA
1992-04-30,NA,NA,NA,NA,NA,NA,NA,NA,NA,NA,NA,0.703691720962524,NA,NA,NA
1992-05-31,NA,NA,NA,NA,NA,NA,NA,NA,NA,NA,NA,0.714538812637329,NA,NA,NA
1992-06-30,NA,NA,NA,NA,NA,NA,NA,NA,NA,NA,NA,0.723434686660767,NA,NA,NA
1992-07-31,NA,NA,NA,NA,NA,NA,NA,NA,NA,NA,NA,0.739167034626007,NA,NA,NA
1992-08-31,NA,NA,NA,NA,NA,NA,NA,NA,NA,NA,NA,0.748192667961121,NA,NA,NA
1992-09-30,NA,NA,NA,NA,NA,NA,NA,NA,NA,NA,NA,0.757300019264221,NA,NA,NA
1992-10-31,NA,NA,NA,NA,NA,NA,NA,NA,NA,NA,NA,0.738470315933228,NA,NA,NA
1992-11-30,NA,NA,NA,NA,NA,NA,NA,NA,NA,NA,NA,0.752496659755707,NA,NA,NA
1992-12-31,NA,NA,NA,NA,NA,NA,NA,NA,NA,NA,NA,0.762645602226257,NA,NA,NA
1993-01-31,NA,NA,NA,NA,NA,NA,NA,NA,NA,NA,NA,0.784106731414795,NA,NA,NA
1993-02-28,NA,NA,NA,NA,NA,NA,NA,NA,NA,NA,NA,0.801585257053375,NA,NA,NA
1993-03-31,NA,NA,NA,NA,NA,NA,NA,NA,NA,NA,NA,0.813963234424591,NA,NA,NA
1993-04-30,NA,NA,NA,NA,NA,NA,NA,NA,NA,NA,NA,0.821168541908264,NA,NA,NA
1993-05-31,NA,NA,NA,NA,NA,NA,NA,NA,NA,NA,NA,0.831721246242523,NA,NA,NA
1993-06-30,NA,NA,NA,NA,NA,NA,NA,NA,NA,NA,NA,0.850911915302277,NA,NA,NA
1993-07-31,NA,NA,NA,NA,NA,NA,NA,NA,NA,NA,NA,0.85828310251236,NA,NA,NA
1993-08-31,NA,NA,NA,NA,NA,NA,NA,NA,NA,NA,NA,0.867861390113831,NA,NA,NA
1993-09-30,NA,NA,NA,NA,NA,NA,NA,NA,NA,NA,NA,0.87094384431839,NA,NA,NA
1993-10-31,NA,NA,NA,NA,NA,NA,NA,NA,NA,NA,NA,0.893901824951172,NA,NA,NA
1993-11-30,NA,NA,NA,NA,NA,NA,NA,NA,NA,NA,NA,0.893718957901001,NA,NA,NA
1993-12-31,NA,NA,NA,NA,NA,NA,NA,NA,NA,NA,NA,0.90236622095108,NA,NA,NA
1994-01-31,NA,NA,NA,NA,NA,NA,NA,NA,NA,NA,NA,0.923459410667419,NA,NA,NA
1994-02-28,NA,NA,NA,NA,NA,NA,NA,NA,NA,NA,NA,0.913986027240753,NA,NA,NA
1994-03-31,NA,NA,NA,NA,NA,NA,NA,NA,NA,NA,NA,0.873588681221008,NA,NA,NA
1994-04-30,NA,NA,NA,NA,NA,NA,NA,NA,NA,NA,NA,0.859483242034912,NA,NA,NA
1994-05-31,NA,NA,NA,NA,NA,NA,NA,NA,NA,NA,NA,0.860327899456024,NA,NA,NA
1994-06-30,NA,NA,NA,NA,NA,NA,NA,NA,NA,NA,NA,0.867015302181244,NA,NA,NA
1994-07-31,NA,NA,NA,NA,NA,NA,NA,NA,NA,NA,NA,0.874857842922211,NA,NA,NA
1994-08-31,NA,NA,NA,NA,NA,NA,NA,NA,NA,NA,NA,0.882740259170532,NA,NA,NA
1994-09-30,NA,NA,NA,NA,NA,NA,NA,NA,NA,NA,NA,0.88231486082077,NA,NA,NA
1994-10-31,NA,NA,NA,NA,NA,NA,NA,NA,NA,NA,NA,0.883343398571014,NA,NA,NA
1994-11-30,NA,NA,NA,NA,NA,NA,NA,NA,NA,NA,NA,0.874285340309143,NA,NA,NA
1994-12-31,NA,NA,NA,NA,NA,NA,NA,NA,NA,NA,NA,0.887559354305267,NA,NA,0.679490625858307
1995-01-31,NA,NA,NA,NA,NA,NA,NA,NA,NA,NA,NA,0.899707794189453,NA,NA,0.692284643650055
1995-02-28,NA,NA,NA,NA,NA,NA,NA,NA,NA,NA,NA,0.925971865653992,NA,NA,0.710710823535919
1995-03-31,NA,NA,NA,NA,NA,NA,NA,NA,NA,NA,NA,0.934411466121674,NA,NA,0.720923900604248
1995-04-30,NA,NA,NA,NA,NA,NA,NA,NA,NA,NA,NA,0.956669092178345,NA,NA,0.739639401435852
1995-05-31,NA,NA,NA,NA,NA,NA,NA,NA,NA,NA,NA,0.980599224567413,NA,NA,0.753779470920563
1995-06-30,NA,NA,NA,NA,NA,NA,NA,NA,NA,NA,NA,0.985260605812073,NA,NA,0.761389493942261
1995-07-31,NA,NA,NA,NA,NA,NA,NA,NA,NA,NA,NA,1.00041377544403,NA,NA,0.77861350774765
1995-08-31,NA,NA,NA,NA,NA,NA,NA,NA,NA,NA,NA,1.00542855262756,NA,NA,0.781504273414612
1995-09-30,NA,NA,NA,NA,NA,NA,NA,NA,NA,NA,NA,1.01805913448334,NA,NA,0.791219890117645
1995-10-31,NA,NA,NA,NA,NA,NA,NA,NA,NA,NA,NA,1.03235912322998,NA,NA,0.800028681755066
1995-11-30,NA,NA,NA,NA,NA,NA,NA,NA,NA,NA,NA,1.04119110107422,NA,NA,0.809881091117859
1995-12-31,NA,NA,NA,NA,NA,NA,NA,NA,NA,NA,NA,1.05838859081268,NA,NA,0.80506181716919
1996-01-31,NA,NA,NA,NA,NA,NA,NA,NA,NA,NA,NA,1.07152354717255,NA,NA,0.822357773780823
1996-02-29,NA,NA,NA,NA,NA,NA,NA,NA,NA,NA,NA,1.07211744785309,NA,NA,0.832589983940125
1996-03-31,NA,NA,NA,NA,NA,NA,NA,NA,NA,NA,NA,1.06234288215637,NA,NA,0.838795781135559
1996-04-30,NA,NA,NA,NA,NA,NA,NA,NA,NA,NA,NA,1.06059908866882,NA,NA,0.847119748592377
1996-05-31,NA,NA,NA,NA,NA,NA,NA,NA,NA,NA,NA,1.06453800201416,NA,NA,0.857590436935425
1996-06-30,NA,NA,NA,NA,NA,NA,NA,NA,NA,NA,NA,1.06684458255768,NA,NA,0.861825108528137
1996-07-31,NA,NA,NA,NA,NA,NA,NA,NA,NA,NA,NA,1.0779116153717,NA,NA,0.866084396839142
1996-08-31,NA,NA,NA,NA,NA,NA,NA,NA,NA,NA,NA,1.09330058097839,NA,NA,0.87999302148819
1996-09-30,NA,NA,NA,NA,NA,NA,NA,NA,NA,NA,NA,1.1158401966095,NA,NA,0.899404942989349
1996-10-31,NA,NA,NA,NA,NA,NA,NA,NA,NA,NA,NA,1.12441074848175,NA,NA,0.910275757312775
1996-11-30,NA,NA,NA,NA,NA,NA,NA,NA,NA,NA,NA,1.1472897529602,NA,NA,0.925592243671417
1996-12-31,NA,NA,NA,NA,NA,NA,NA,NA,NA,NA,NA,1.16036796569824,NA,NA,0.936704158782959
1997-01-31,NA,NA,NA,NA,NA,NA,NA,NA,NA,NA,NA,1.16914486885071,NA,NA,0.944631814956665
1997-02-28,NA,NA,NA,NA,NA,NA,NA,NA,NA,NA,NA,1.18597447872162,NA,NA,0.954900622367859
1997-03-31,NA,NA,NA,NA,NA,NA,NA,NA,NA,NA,NA,1.16325032711029,NA,NA,0.956099808216095
1997-04-30,NA,NA,NA,NA,NA,NA,NA,NA,NA,NA,NA,1.17629182338715,NA,NA,0.952644169330597
1997-05-31,NA,NA,NA,NA,NA,NA,NA,NA,NA,NA,NA,1.20642161369324,NA,NA,0.977147579193115
1997-06-30,NA,NA,NA,NA,NA,NA,NA,NA,NA,NA,NA,1.22115182876587,NA,NA,0.998288452625275
1997-07-31,NA,NA,NA,NA,NA,NA,NA,NA,NA,NA,NA,1.25033211708069,NA,NA,1.02076816558838
1997-08-31,NA,NA,NA,NA,NA,NA,NA,NA,NA,NA,NA,1.24852585792542,NA,NA,1.0255252122879
1997-09-30,NA,NA,NA,NA,NA,NA,NA,NA,NA,NA,NA,1.26843452453613,NA,NA,1.04832351207733
1997-10-31,NA,NA,NA,NA,NA,NA,NA,NA,NA,NA,NA,1.27306759357452,NA,NA,1.04953813552856
1997-11-30,NA,NA,NA,NA,NA,NA,NA,NA,NA,NA,NA,1.28200805187225,NA,NA,1.04953801631927
1997-12-31,NA,NA,NA,NA,NA,NA,NA,NA,NA,NA,NA,1.29931724071503,NA,NA,1.04973149299622
1998-01-31,NA,NA,NA,NA,NA,NA,NA,NA,NA,NA,NA,1.32352209091187,NA,NA,1.06364989280701
1998-02-28,NA,NA,NA,NA,NA,NA,NA,NA,NA,NA,NA,1.33036804199219,NA,NA,1.0815577507019
1998-03-31,NA,NA,NA,NA,NA,NA,NA,NA,NA,NA,NA,1.33972775936127,NA,NA,1.09828388690948
1998-04-30,NA,NA,NA,NA,NA,NA,NA,NA,NA,NA,NA,1.34407126903534,NA,NA,1.11119055747986
1998-05-31,NA,NA,NA,NA,NA,NA,NA,NA,NA,NA,NA,1.35190784931183,NA,NA,1.11357247829437
1998-06-30,NA,NA,NA,NA,NA,NA,NA,NA,NA,NA,NA,1.35947477817535,NA,NA,1.11197996139526
1998-07-31,NA,NA,NA,NA,NA,NA,NA,NA,NA,NA,NA,1.37060308456421,NA,NA,1.11572873592377
1998-08-31,NA,NA,NA,NA,NA,NA,NA,NA,NA,NA,NA,1.31763231754303,NA,NA,1.01388096809387
1998-09-30,NA,NA,NA,NA,NA,NA,NA,NA,NA,NA,NA,1.33879280090332,NA,NA,1.02043044567108
1998-10-31,NA,NA,NA,NA,NA,NA,NA,NA,NA,NA,NA,1.31747221946716,NA,NA,1.0133193731308
1998-11-30,NA,NA,NA,NA,NA,NA,NA,NA,NA,NA,NA,1.37343192100525,NA,NA,1.07673990726471
1998-12-31,NA,NA,NA,NA,NA,NA,NA,NA,NA,NA,NA,1.37353909015656,NA,NA,1.07289707660675
1999-01-31,NA,NA,NA,NA,NA,NA,NA,NA,NA,NA,NA,1.39536964893341,NA,NA,1.0982232093811
1999-02-28,NA,NA,NA,NA,NA,NA,NA,NA,NA,NA,NA,1.38640475273132,NA,NA,1.09505569934845
1999-03-31,NA,NA,NA,NA,NA,NA,NA,NA,NA,NA,NA,1.39784646034241,NA,NA,1.11792409420013
1999-04-30,NA,NA,NA,NA,NA,NA,NA,NA,NA,NA,NA,1.41614103317261,NA,NA,1.15256559848785
1999-05-31,NA,NA,NA,NA,NA,NA,NA,NA,NA,NA,NA,1.39350819587708,NA,NA,1.14493870735168
1999-06-30,NA,NA,NA,NA,NA,NA,NA,NA,NA,NA,NA,1.38669097423553,NA,NA,1.14908301830292
1999-07-31,NA,NA,NA,NA,NA,NA,NA,NA,NA,NA,NA,1.38746690750122,NA,NA,1.16069078445435
1999-08-31,NA,NA,NA,NA,NA,NA,NA,NA,NA,NA,NA,1.37354063987732,NA,NA,1.1544017791748
1999-09-30,NA,NA,NA,NA,NA,NA,NA,NA,NA,NA,NA,1.37399351596832,NA,NA,1.14650869369507
1999-10-31,NA,NA,NA,NA,NA,NA,NA,NA,NA,NA,NA,1.37650609016418,NA,NA,1.14315557479858
1999-11-30,NA,NA,NA,NA,NA,NA,NA,NA,NA,NA,NA,1.39952993392944,NA,NA,1.16435170173645
1999-12-31,NA,NA,NA,NA,NA,NA,NA,NA,NA,NA,NA,1.40962612628937,NA,NA,1.18304908275604
2000-01-31,NA,NA,NA,NA,NA,NA,NA,NA,NA,NA,NA,1.39882791042328,NA,NA,1.19390368461609
2000-02-29,NA,NA,NA,NA,NA,NA,NA,NA,NA,NA,NA,1.400803565979,NA,NA,1.20485496520996
2000-03-31,NA,NA,NA,NA,NA,NA,NA,NA,NA,NA,NA,1.38809740543365,NA,NA,1.19313848018646
2000-04-30,NA,NA,NA,NA,NA,NA,NA,NA,NA,NA,NA,1.39850747585297,NA,NA,1.18677973747253
2000-05-31,NA,NA,NA,NA,NA,NA,NA,NA,NA,NA,NA,1.38169896602631,NA,NA,1.17211174964905
2000-06-30,NA,NA,NA,NA,NA,NA,NA,NA,NA,NA,NA,1.41580855846405,NA,NA,1.20221936702728
2000-07-31,NA,NA,NA,NA,NA,NA,NA,NA,NA,NA,NA,1.43262624740601,NA,NA,1.21243405342102
2000-08-31,NA,NA,NA,NA,NA,NA,NA,NA,NA,NA,NA,1.45564377307892,NA,NA,1.21260499954224
2000-09-30,NA,NA,NA,NA,NA,NA,NA,NA,NA,NA,NA,1.4360728263855,NA,NA,1.19739878177643
2000-10-31,NA,NA,NA,NA,NA,NA,NA,NA,NA,NA,NA,1.41045653820038,NA,NA,1.15628266334534
2000-11-30,NA,NA,NA,NA,NA,NA,NA,NA,NA,NA,NA,1.36173236370087,NA,NA,1.09033191204071
2000-12-31,NA,NA,NA,NA,NA,NA,NA,NA,NA,NA,NA,1.39808201789856,NA,NA,1.1061692237854
2001-01-31,NA,NA,NA,NA,NA,NA,NA,NA,NA,NA,NA,1.46569907665253,NA,NA,1.16800725460052
2001-02-28,NA,NA,NA,NA,NA,NA,NA,NA,NA,NA,NA,1.47566401958466,NA,NA,1.18099021911621
2001-03-31,NA,NA,NA,NA,NA,NA,NA,NA,NA,NA,NA,1.45729005336761,NA,NA,1.1478910446167
2001-04-30,NA,NA,NA,NA,NA,NA,NA,NA,NA,NA,NA,1.45548260211945,NA,NA,1.1294527053833
2001-05-31,NA,NA,NA,NA,NA,NA,NA,NA,NA,NA,NA,1.46674871444702,NA,NA,1.15606045722961
2001-06-30,NA,NA,NA,NA,NA,NA,NA,NA,NA,NA,NA,1.42564189434052,NA,NA,1.121990442276
2001-07-31,NA,NA,NA,NA,NA,NA,NA,NA,NA,NA,NA,1.44323575496674,NA,NA,1.12720108032227
2001-08-31,NA,NA,NA,NA,NA,NA,NA,NA,NA,NA,NA,1.45631611347198,NA,NA,1.13827240467072
2001-09-30,NA,NA,NA,NA,NA,NA,NA,NA,NA,NA,NA,1.38711869716644,NA,NA,1.07681787014008
2001-10-31,NA,NA,NA,NA,NA,NA,NA,NA,NA,NA,NA,1.40933609008789,NA,NA,1.09508430957794
2001-11-30,NA,NA,NA,NA,NA,NA,NA,NA,NA,NA,NA,1.44909954071045,1.54495751857758,NA,1.12550055980682
2001-12-31,NA,NA,NA,NA,NA,NA,NA,NA,NA,NA,NA,1.43967890739441,1.52316379547119,NA,1.1341050863266
2002-01-31,NA,NA,NA,NA,NA,NA,NA,NA,NA,NA,NA,1.45051741600037,1.52316379547119,NA,1.15693557262421
2002-02-28,NA,NA,NA,NA,NA,NA,NA,NA,NA,NA,NA,1.43906188011169,1.50136995315552,NA,1.14088249206543
2002-03-31,NA,NA,NA,NA,NA,NA,NA,NA,NA,NA,NA,1.45861399173737,1.51105618476868,NA,1.16206324100494
2002-04-30,NA,NA,NA,NA,NA,NA,NA,NA,NA,NA,NA,1.48257887363434,1.52316379547119,NA,1.18346381187439
2002-05-31,NA,NA,NA,NA,NA,NA,NA,NA,NA,NA,NA,1.47819936275482,1.50621151924133,NA,1.17326509952545
2002-06-30,NA,NA,NA,NA,NA,NA,NA,NA,NA,NA,NA,1.43595099449158,1.45293855667114,NA,1.11193549633026
2002-07-31,NA,NA,NA,NA,NA,NA,NA,NA,NA,NA,NA,1.38173818588257,1.38755571842194,NA,1.05009508132935
2002-08-31,NA,NA,NA,NA,NA,NA,NA,NA,NA,NA,NA,1.40908324718475,1.40450644493103,NA,1.05727553367615
2002-09-30,NA,NA,NA,NA,NA,NA,NA,NA,NA,NA,NA,1.38992691040039,1.37544739246368,NA,1.03596448898315
2002-10-31,NA,NA,NA,NA,NA,NA,NA,NA,NA,NA,NA,1.39276397228241,1.36818313598633,NA,1.03001487255096
2002-11-30,NA,NA,NA,NA,NA,NA,NA,NA,NA,NA,NA,1.44453012943268,1.41903698444366,NA,1.11120474338531
2002-12-31,NA,NA,NA,NA,NA,NA,NA,NA,NA,NA,NA,1.45988857746124,1.42387902736664,NA,1.12546980381012
2003-01-31,NA,NA,NA,NA,NA,NA,NA,NA,NA,NA,NA,1.47230398654938,1.43598794937134,NA,1.17163050174713
2003-02-28,NA,NA,NA,NA,NA,NA,NA,NA,NA,NA,NA,1.48223459720612,1.44567322731018,NA,1.18611991405487
2003-03-31,NA,NA,NA,NA,NA,NA,NA,NA,NA,NA,NA,1.50241458415985,1.46560287475586,NA,1.21920824050903
2003-04-30,NA,NA,NA,NA,NA,NA,NA,NA,NA,NA,NA,1.55725562572479,1.51909935474396,NA,1.28524112701416
2003-05-31,NA,NA,NA,NA,NA,NA,NA,NA,NA,NA,NA,1.56235146522522,1.52431929111481,1.91237270832062,1.32356357574463
2003-06-30,NA,NA,NA,NA,NA,NA,NA,NA,NA,NA,NA,1.59254789352417,1.55378007888794,1.90982687473297,1.36357748508453
2003-07-31,NA,NA,NA,NA,NA,NA,NA,NA,NA,NA,NA,1.56708323955536,1.52893626689911,1.72973167896271,1.37045609951019
2003-08-31,NA,NA,NA,NA,NA,NA,NA,NA,NA,NA,NA,1.58026945590973,1.54180145263672,1.75792849063873,1.39184832572937
2003-09-30,NA,NA,NA,NA,NA,NA,NA,NA,NA,NA,NA,1.61366009712219,1.57437813282013,1.81228220462799,1.43026840686798
2003-10-31,NA,NA,NA,NA,NA,NA,NA,NA,NA,NA,NA,1.63711273670197,1.59726047515869,1.86838579177856,1.48111855983734
2003-11-30,NA,NA,NA,NA,NA,NA,NA,NA,NA,NA,NA,1.6552209854126,1.61492788791656,1.8853120803833,1.50536978244781
2003-12-31,NA,NA,NA,NA,NA,NA,NA,NA,NA,NA,NA,1.68949711322784,1.64837038516998,2.00181221961975,1.5471305847168
2004-01-31,NA,NA,NA,NA,NA,NA,NA,NA,NA,NA,NA,1.70515167713165,1.66364288330078,2.0045108795166,1.5890154838562
2004-02-29,NA,NA,NA,NA,NA,NA,NA,NA,NA,NA,NA,1.7097544670105,1.66813480854034,1.98924517631531,1.5912891626358
2004-03-31,NA,NA,NA,NA,NA,NA,NA,NA,NA,NA,NA,1.72294938564301,1.68127131462097,2.00134587287903,1.58854198455811
2004-04-30,NA,NA,NA,NA,NA,NA,NA,NA,NA,NA,NA,1.71167051792145,1.67053306102753,1.91185033321381,1.58576440811157
2004-05-31,NA,NA,NA,NA,NA,NA,NA,NA,NA,NA,NA,1.6843569278717,1.64414441585541,1.91794002056122,1.56783378124237
2004-06-30,NA,NA,NA,NA,NA,NA,NA,NA,NA,NA,NA,1.70573318004608,1.66500854492188,1.93040037155151,1.58292162418365
2004-07-31,NA,NA,NA,NA,NA,NA,NA,NA,NA,NA,NA,1.72475242614746,1.68357443809509,1.98937773704529,1.59554851055145
2004-08-31,NA,NA,NA,NA,NA,NA,NA,NA,NA,NA,NA,1.75771176815033,1.71601974964142,2.07778477668762,1.61602544784546
2004-09-30,NA,NA,NA,NA,NA,NA,NA,NA,NA,NA,NA,1.77918589115143,1.73725938796997,2.10924172401428,1.64710664749146
2004-10-31,NA,NA,NA,NA,NA,NA,NA,NA,NA,NA,NA,1.80978000164032,1.76713263988495,2.14090466499329,1.66785705089569
2004-11-30,NA,NA,NA,NA,NA,NA,NA,NA,NA,NA,NA,1.81459188461304,1.77210855484009,2.19939780235291,1.70453751087189
2004-12-31,NA,NA,NA,NA,NA,NA,NA,NA,NA,NA,NA,1.83419227600098,1.79153025150299,2.20863556861877,1.74155414104462
2005-01-31,NA,NA,NA,NA,NA,NA,NA,NA,NA,NA,NA,1.8311276435852,1.7888195514679,2.19216465950012,1.73594224452972
2005-02-28,NA,NA,NA,NA,NA,NA,NA,NA,NA,NA,NA,1.85236978530884,1.80985176563263,2.19202136993408,1.75717008113861
2005-03-31,NA,NA,NA,NA,NA,NA,NA,NA,NA,NA,NA,1.80288732051849,1.76150476932526,2.11908745765686,1.72447335720062
2005-04-30,NA,NA,NA,NA,NA,NA,NA,NA,NA,NA,NA,1.79305946826935,1.75219011306763,2.06746935844421,1.6942629814148
2005-05-31,NA,NA,NA,NA,NA,NA,NA,NA,NA,NA,NA,1.82727158069611,1.78590893745422,2.12316823005676,1.72139394283295
2005-06-30,NA,NA,NA,NA,NA,NA,NA,NA,NA,NA,NA,1.84962224960327,1.80804479122162,2.16353678703308,1.74867594242096
2005-07-31,NA,NA,NA,NA,NA,NA,NA,NA,NA,NA,NA,1.86648547649384,1.82482063770294,2.25142073631287,1.78166854381561
2005-08-31,NA,NA,NA,NA,NA,NA,NA,NA,NA,NA,NA,1.87127733230591,1.82979738712311,2.27223348617554,1.78696477413177
2005-09-30,NA,NA,NA,NA,NA,NA,NA,NA,NA,NA,NA,1.86087381839752,1.81992065906525,2.20493125915527,1.77546226978302
2005-10-31,NA,NA,NA,NA,NA,NA,NA,NA,NA,NA,NA,1.85103702545166,1.81059515476227,2.11484503746033,1.76390588283539
2005-11-30,NA,NA,NA,NA,NA,NA,NA,NA,NA,NA,NA,1.86801087856293,1.82749962806702,2.08381485939026,1.78636026382446
2005-12-31,NA,NA,NA,NA,NA,NA,NA,NA,NA,NA,NA,1.88538944721222,1.84480345249176,2.011887550354,1.80036401748657
2006-01-31,NA,NA,NA,NA,NA,NA,NA,NA,NA,NA,NA,1.90287828445435,1.86221444606781,2.09778189659119,1.81445407867432
2006-02-28,NA,NA,NA,NA,NA,NA,NA,NA,NA,NA,NA,1.91615128517151,1.87550950050354,2.1989369392395,1.82575726509094
2006-03-31,NA,NA,NA,NA,NA,NA,NA,NA,NA,NA,NA,1.91527307033539,1.874955534935,2.08230805397034,1.84002232551575
2006-04-30,NA,NA,NA,NA,NA,NA,NA,NA,NA,NA,NA,1.92031514644623,1.88019776344299,2.09572052955627,1.84853518009186
2006-05-31,NA,NA,NA,NA,NA,NA,NA,NA,NA,NA,NA,1.91317188739777,1.87351596355438,2.07013177871704,1.85708427429199
2006-06-30,NA,NA,NA,NA,NA,NA,NA,NA,NA,NA,NA,1.90572726726532,1.86622416973114,2.04601669311523,1.85387539863586
2006-07-31,NA,NA,NA,NA,NA,NA,NA,NA,NA,NA,NA,1.92067658901215,1.88117933273315,2.10962390899658,1.86553537845612
2006-08-31,NA,NA,NA,NA,NA,NA,NA,NA,NA,NA,NA,1.9484806060791,1.90872669219971,2.17028570175171,1.88628089427948
2006-09-30,NA,NA,NA,NA,NA,NA,NA,NA,NA,NA,NA,1.97290444374084,1.93297016620636,2.25240707397461,1.91017889976501
2006-10-31,NA,NA,NA,NA,NA,NA,NA,NA,NA,NA,NA,1.99135327339172,1.95136475563049,2.28405547142029,1.93726623058319
2006-11-30,NA,NA,NA,NA,NA,NA,NA,NA,NA,NA,NA,2.0225727558136,1.98228228092194,2.30184125900269,1.98534536361694
2006-12-31,NA,NA,NA,NA,NA,NA,NA,NA,NA,NA,NA,2.04157161712646,2.00090193748474,2.37137937545776,2.01215386390686
2007-01-31,NA,NA,NA,NA,NA,NA,NA,NA,NA,NA,NA,2.05410146713257,2.01318073272705,2.47041344642639,2.02669835090637
2007-02-28,NA,NA,NA,NA,NA,NA,NA,NA,NA,NA,NA,2.08518648147583,2.04397201538086,2.44683837890625,2.04755091667175
2007-03-31,NA,NA,NA,NA,NA,NA,NA,NA,NA,NA,NA,2.08792018890381,2.04698324203491,2.48512983322144,2.05599856376648
2007-04-30,34.3497543334961,NA,NA,NA,NA,NA,NA,NA,NA,NA,NA,2.11371731758118,2.07260370254517,2.50691962242126,2.07395911216736
2007-05-31,34.4779396057129,NA,NA,NA,NA,NA,NA,NA,NA,NA,NA,2.12656402587891,2.08553457260132,2.53085327148438,2.08566975593567
2007-06-30,33.391040802002,NA,NA,NA,NA,NA,NA,NA,NA,NA,NA,2.07829308509827,2.03853154182434,2.50808715820312,2.06241726875305
2007-07-31,32.0954093933105,NA,NA,NA,NA,NA,NA,NA,NA,NA,NA,2.00973701477051,1.97162449359894,2.28267002105713,2.00706601142883
2007-08-31,33.7624702453613,NA,NA,NA,NA,NA,NA,NA,NA,NA,NA,2.04679536819458,2.00832319259644,2.29705834388733,2.0157778263092
2007-09-30,34.7491226196289,NA,NA,NA,NA,NA,NA,NA,NA,NA,NA,2.10406851768494,2.06486344337463,2.38709902763367,2.05370783805847
2007-10-31,34.9155464172363,NA,NA,NA,NA,NA,NA,NA,NA,NA,NA,2.11385726928711,2.07446885108948,2.38111162185669,2.08208227157593
2007-11-30,34.5229682922363,NA,NA,NA,NA,NA,NA,NA,NA,NA,NA,2.0745894908905,2.03593349456787,2.30651617050171,2.04834270477295
2007-12-31,34.4945106506348,42.642650604248,NA,NA,NA,NA,NA,NA,NA,NA,NA,2.08452820777893,2.04568552970886,2.32196736335754,2.05064558982849
2008-01-31,33.8643531799316,41.6449775695801,NA,NA,NA,NA,NA,NA,NA,NA,NA,2.0697546005249,2.03118395805359,2.31013107299805,2.01314568519592
2008-02-29,33.2313117980957,40.2122230529785,NA,NA,NA,NA,NA,NA,NA,NA,NA,2.03955626487732,2.00190472602844,2.24906396865845,1.98874485492706
2008-03-31,33.5456962585449,40.3990669250488,NA,NA,NA,NA,NA,NA,NA,NA,NA,2.03497099876404,1.99775660037994,2.17540097236633,1.97429323196411
2008-04-30,34.6852149963379,41.9035606384277,NA,NA,NA,NA,NA,NA,NA,NA,NA,2.10926914215088,2.07105684280396,2.37908029556274,2.03754806518555
2008-05-31,34.5088233947754,42.0658645629883,NA,NA,NA,NA,NA,NA,NA,NA,NA,2.10461950302124,2.0668523311615,2.39939761161804,2.0365207195282
2008-06-30,33.2407531738281,40.6123046875,NA,NA,NA,NA,NA,NA,NA,NA,NA,2.04121541976929,2.00494790077209,2.2761070728302,2.01148390769958
2008-07-31,33.436954498291,40.1595726013184,NA,NA,NA,NA,NA,NA,NA,NA,NA,2.01815223693848,1.98229622840881,2.15816211700439,1.99324560165405
2008-08-31,33.1367797851562,40.0713081359863,NA,NA,NA,NA,NA,NA,NA,NA,NA,2.03192281723022,1.99582064151764,2.13090324401855,1.99915361404419
2008-09-30,29.6057643890381,37.0188865661621,NA,NA,NA,NA,NA,NA,NA,NA,NA,1.90716433525085,1.87364387512207,1.70434844493866,1.88599300384521
2008-10-31,26.2158870697021,29.95334815979,NA,NA,NA,NA,NA,NA,NA,NA,NA,1.61349141597748,1.58550596237183,1.54502236843109,1.62503564357758
2008-11-30,24.3556747436523,27.4429588317871,NA,NA,NA,NA,NA,NA,NA,NA,NA,1.51350963115692,1.48725712299347,1.34387540817261,1.51070284843445
2008-12-31,28.4391956329346,32.1024703979492,NA,NA,NA,NA,NA,NA,NA,NA,NA,1.64188694953918,1.6134078502655,1.4264965057373,1.56036126613617
2009-01-31,28.1510963439941,31.5970077514648,NA,NA,NA,NA,NA,NA,NA,NA,NA,1.7358386516571,1.70573103427887,1.60623013973236,1.63137435913086
2009-02-28,25.4159984588623,28.3755531311035,NA,NA,NA,NA,NA,NA,NA,21.8391456604004,NA,1.68546795845032,1.65661716461182,1.45290219783783,1.60847437381744
2009-03-31,25.9007873535156,29.9385795593262,NA,NA,NA,NA,NA,NA,NA,21.8932952880859,NA,1.71834492683411,1.68932092189789,1.52748775482178,1.63677072525024
2009-04-30,29.4869995117188,34.1957550048828,NA,NA,NA,NA,NA,NA,NA,22.1899509429932,NA,1.85302078723907,1.8221184015274,1.77341854572296,1.7725625038147
2009-05-31,30.3290004730225,36.6031837463379,NA,NA,NA,NA,NA,NA,NA,23.8170871734619,NA,1.93397355079651,1.90172123908997,1.97440302371979,1.85716998577118
2009-06-30,31.3455085754395,37.2381172180176,NA,NA,NA,NA,NA,NA,NA,23.462646484375,NA,1.96678173542023,1.93437969684601,2.02226042747498,1.91989970207214
2009-07-31,33.5143394470215,39.6904220581055,NA,NA,NA,NA,NA,NA,NA,23.7653675079346,NA,2.08094692230225,2.04666447639465,2.2140805721283,2.01710200309753
2009-08-31,32.9456443786621,39.6546859741211,NA,NA,NA,NA,NA,NA,NA,24.640172958374,NA,2.0871045589447,2.0531222820282,2.35426473617554,2.04639768600464
2009-09-30,34.8561668395996,42.1073837280273,NA,NA,NA,NA,NA,NA,NA,27.1930294036865,NA,2.174232006073,2.13883090019226,2.48159337043762,2.12576818466187
2009-10-31,34.6669502258301,41.9814186096191,NA,NA,NA,NA,NA,NA,NA,26.6591281890869,NA,2.20912885665894,2.1735692024231,2.45217704772949,2.15935158729553
2009-11-30,35.2508964538574,42.5707550048828,NA,NA,NA,NA,NA,NA,NA,26.402172088623,NA,2.22362279891968,2.18823933601379,2.60856652259827,2.18148112297058
2009-12-31,36.5497703552246,44.1308975219727,NA,NA,NA,NA,NA,NA,NA,26.6909160614014,NA,2.28513216972351,2.24918437004089,2.7507472038269,2.22338032722473
2010-01-31,35.8798675537109,44.2104949951172,NA,NA,NA,NA,NA,NA,8.02334690093994,27.1131534576416,NA,2.30444717407227,2.26819634437561,2.74036598205566,2.24976468086243
2010-02-28,36.5520057678223,44.5042152404785,NA,NA,NA,NA,NA,NA,8.12853717803955,27.3651561737061,NA,2.30579519271851,2.26952171325684,2.78972029685974,2.25175642967224
2010-03-31,37.3318557739258,46.0444374084473,NA,NA,NA,NA,NA,NA,8.29167747497559,27.3038845062256,NA,2.36809253692627,2.33126091957092,2.9033215045929,2.29760217666626
2010-04-30,38.0503158569336,46.9031524658203,NA,NA,NA,NA,NA,NA,8.42302799224854,27.4529323577881,NA,2.39364624023438,2.35641765594482,3.03106451034546,2.313640832901
2010-05-31,36.2712669372559,44.4608001708984,NA,NA,NA,NA,NA,NA,8.0987548828125,27.7149181365967,NA,2.31201553344727,2.27605772018433,2.84276938438416,2.27157688140869
2010-06-30,36.6743087768555,44.8640403747559,NA,NA,NA,NA,NA,NA,8.05824851989746,27.8672561645508,NA,2.35286450386047,2.31669759750366,2.85959887504578,2.29372954368591
2010-07-31,38.5642013549805,47.1459884643555,NA,NA,NA,NA,NA,NA,8.49272537231445,28.0229988098145,NA,2.43326425552368,2.39629101753235,3.1207857131958,2.35260987281799
2010-08-31,38.1826019287109,46.9458503723145,NA,NA,NA,NA,NA,NA,8.40161323547363,28.3049621582031,NA,2.44031763076782,2.40323853492737,3.06657123565674,2.36691498756409
2010-09-30,39.5792770385742,48.6115875244141,NA,NA,NA,NA,NA,NA,8.67574977874756,28.4658088684082,NA,2.5077817440033,2.47011351585388,3.18531203269958,2.41007542610168
2010-10-31,40.3064422607422,50.0262145996094,NA,NA,NA,NA,NA,NA,8.84585380554199,28.5906639099121,NA,2.56287169456482,2.52481579780579,3.17763352394104,2.46176290512085
2010-11-30,39.7926635742188,49.072395324707,NA,NA,NA,NA,NA,NA,8.72304058074951,27.4193572998047,NA,2.52041578292847,2.48298859596252,3.18914532661438,2.44719481468201
2010-12-31,40.9040298461914,50.4146957397461,NA,NA,NA,NA,NA,NA,8.94596290588379,26.7705478668213,NA,2.55393695831299,2.51601362228394,3.3044421672821,2.47868061065674
2011-01-31,41.5790252685547,51.4049491882324,NA,NA,NA,NA,NA,NA,9.10105228424072,26.4137382507324,NA,2.60510683059692,2.56687045097351,3.31012272834778,2.51864647865295
2011-02-28,42.175838470459,52.0973472595215,NA,NA,NA,NA,NA,NA,9.21972370147705,27.1764450073242,NA,2.63811826705933,2.5993971824646,3.37343144416809,2.54617404937744
2011-03-31,42.1938056945801,52.0780754089355,NA,NA,NA,NA,NA,NA,9.23640727996826,26.9864749908447,NA,2.64593267440796,2.60709524154663,3.37993788719177,2.55683135986328
2011-04-30,42.8678245544434,52.9099006652832,NA,NA,NA,NA,NA,NA,9.37960815429688,27.268138885498,NA,2.68893146514893,2.64946532249451,3.42707371711731,2.58468317985535
2011-05-31,42.9249839782715,53.2171211242676,NA,NA,NA,NA,NA,NA,9.38332939147949,27.8083686828613,NA,2.70511651039124,2.66541242599487,3.51802706718445,2.59546327590942
2011-06-30,42.6800422668457,52.6813621520996,NA,NA,NA,NA,NA,NA,9.41329669952393,28.1556053161621,NA,2.67941284179688,2.64008736610413,3.52197408676147,2.58036470413208
2011-07-31,42.8315467834473,53.0570755004883,NA,NA,NA,NA,NA,NA,9.41157341003418,28.155611038208,NA,2.71851372718811,2.67907500267029,3.35088109970093,2.61306619644165
2011-08-31,41.6630020141602,51.4508209228516,NA,NA,NA,NA,NA,NA,9.15899562835693,28.7039642333984,NA,2.6318461894989,2.59413480758667,3.34709596633911,2.53640651702881
2011-09-30,39.4542541503906,48.3173141479492,NA,NA,NA,NA,NA,NA,8.67057800292969,29.4861831665039,NA,2.58154058456421,2.54454779624939,3.17961001396179,2.49437785148621
2011-10-31,42.8046188354492,52.3674964904785,NA,NA,NA,NA,NA,NA,9.41778182983398,29.3425674438477,NA,2.72063970565796,2.68212819099426,3.45924925804138,2.60757160186768
2011-11-30,41.7657470703125,51.2182083129883,NA,NA,NA,NA,NA,NA,9.18836688995361,29.1943035125732,NA,2.66514325141907,2.62741637229919,3.54558300971985,2.56968855857849
2011-12-31,43.6669845581055,52.9859809875488,NA,NA,NA,NA,NA,NA,9.61496543884277,29.7149333953857,NA,2.73844146728516,2.70015668869019,3.5333194732666,2.62150073051453
2012-01-31,44.3065795898438,54.3915596008301,NA,NA,NA,NA,NA,NA,9.75183391571045,30.8516807556152,NA,2.81700587272644,2.77810382843018,3.78481388092041,2.67798566818237
2012-02-29,45.2380905151367,55.5499801635742,NA,NA,NA,NA,NA,NA,9.95110511779785,31.1040229797363,NA,2.87083864212036,2.83119201660156,3.88934516906738,2.72573971748352
2012-03-31,44.8069076538086,54.8753242492676,NA,NA,NA,NA,NA,NA,9.86626529693604,31.517333984375,NA,2.85730075836182,2.81832695007324,3.90919828414917,2.72803783416748
2012-04-30,45.316219329834,55.7196044921875,12.4345397949219,14.2060031890869,NA,NA,NA,29.1168346405029,9.96900463104248,32.0792808532715,NA,2.88725113868713,2.84835505485535,3.92387223243713,2.75338125228882
2012-05-31,43.8566627502441,53.7806625366211,12.2349996566772,14.0233793258667,NA,NA,NA,28.6787490844727,9.63618850708008,32.6020278930664,NA,2.85881209373474,2.82029962539673,3.88038492202759,2.73257327079773
2012-06-30,45.8989677429199,56.0342445373535,12.4662027359009,14.3149032592773,NA,NA,NA,29.4357604980469,10.0646381378174,32.8762664794922,NA,2.91826677322388,2.87944674491882,3.99498701095581,2.77218341827393
2012-07-31,46.3681869506836,56.9713401794434,12.6779022216797,14.4311370849609,NA,NA,NA,30.3123035430908,10.1578454971313,33.6082000732422,NA,2.97903108596802,2.93940305709839,4.15266275405884,2.82136464118958
2012-08-31,46.9452819824219,57.6754264831543,13.1927433013916,14.5682601928711,NA,NA,NA,30.7648620605469,10.2857036590576,33.8055114746094,NA,3.00460314750671,2.96513557434082,4.22362041473389,2.85670614242554
2012-09-30,47.1896934509277,58.0987815856934,13.1678628921509,14.7249984741211,NA,NA,NA,31.3008842468262,10.3399209976196,34.0305595397949,NA,3.03984808921814,3.00042033195496,4.31537485122681,2.89227747917175
2012-10-31,47.5879783630371,58.6101837158203,13.4029998779297,14.8281164169312,NA,NA,NA,31.4017887115479,10.411642074585,34.3197441101074,NA,3.07073283195496,3.03140664100647,4.2325587272644,2.91373229026794
2012-11-30,47.8244171142578,58.9298362731934,13.587121963501,14.8232593536377,NA,NA,NA,31.6965713500977,10.5335960388184,34.9296417236328,NA,3.09113645553589,3.05205464363098,4.19855737686157,2.93051981925964
2012-12-31,48.4945678710938,59.7896842956543,13.6893663406372,15.0185680389404,NA,NA,NA,31.7331066131592,10.6700925827026,34.4584884643555,NA,3.13253283500671,3.09343838691711,4.17440032958984,2.96203088760376
2013-01-31,48.660816192627,59.9512367248535,13.7659797668457,15.1218099594116,NA,NA,NA,31.6561908721924,10.7677001953125,34.9831314086914,NA,3.15358424186707,3.11422348022461,4.35633325576782,2.99834728240967
2013-02-28,49.114688873291,60.3823204040527,13.8686370849609,15.2141752243042,NA,NA,NA,31.7599983215332,10.8717088699341,35.121166229248,NA,3.16294765472412,3.12347364425659,4.31463670730591,3.01545262336731
2013-03-31,49.5431785583496,61.0130844116211,14.1316719055176,15.331356048584,NA,NA,NA,31.6885929107666,10.9757642745972,34.7795104980469,NA,3.18891000747681,3.14962339401245,4.4049243927002,3.03753304481506
2013-04-30,50.5925064086914,62.2780303955078,14.3597793579102,15.530348777771,NA,NA,NA,32.2214508056641,11.2075042724609,35.211971282959,NA,3.24050498008728,3.20058465003967,4.4791989326477,3.08194422721863
2013-05-31,49.2866058349609,60.8417015075684,14.344141960144,15.4391660690308,NA,NA,NA,31.3046436309814,10.9151058197021,35.2524833679199,NA,3.21442437171936,3.17482566833496,4.34960794448853,3.06949234008789
2013-06-30,48.4543190002441,59.503662109375,13.8096628189087,15.1845903396606,NA,NA,NA,29.5626945495605,10.7233266830444,32.7663803100586,12.7902154922485,3.11943101882935,3.08100485801697,4.17529487609863,3.00221657752991
2013-07-31,49.837215423584,61.0091896057129,14.2038335800171,15.4696216583252,NA,NA,NA,29.3597297668457,11.0267782211304,32.2205619812012,12.940993309021,3.17701268196106,3.13840079307556,4.14148235321045,3.04487657546997
2013-08-31,49.2032356262207,60.3805961608887,13.9705514907837,15.5112352371216,NA,NA,NA,28.5644798278809,10.9095668792725,30.6064071655273,12.9613695144653,3.1447331905365,3.10651469230652,4.01843452453613,3.03731656074524
2013-09-30,49.5877113342285,60.9543304443359,14.0885257720947,15.571400642395,NA,NA,NA,30.1077842712402,10.9986438751221,31.7942008972168,13.1963415145874,3.17569494247437,3.13762903213501,4.18511772155762,3.06015825271606
2013-10-31,50.83642578125,62.4797897338867,14.4152765274048,15.8049364089966,27.0305194854736,NA,NA,30.7983493804932,11.333233833313,31.7679615020752,13.185567855835,3.25556445121765,3.21707701683044,4.38644933700562,3.12403225898743
2013-11-30,51.0770301818848,62.9696655273438,14.4887685775757,15.9294004440308,27.1596641540527,NA,NA,30.2148113250732,11.3711805343628,31.8821887969971,13.166877746582,3.26531958580017,3.22725200653076,4.26298952102661,3.13175487518311
2013-12-31,51.2846984863281,63.2930908203125,14.6847543716431,16.0023212432861,27.4031200408936,NA,NA,30.1634502410889,11.3688840866089,31.4493885040283,13.2483673095703,3.2756679058075,3.23801827430725,4.47866773605347,3.14474821090698
2014-01-31,51.4890327453613,63.6520309448242,14.6630363464355,16.0230846405029,27.4790878295898,NA,NA,30.083568572998,11.4801616668701,32.4175682067871,13.2412719726562,3.29747867584229,3.25957798957825,4.41610670089722,3.16708064079285
2014-02-28,52.6776466369629,65.1228866577148,15.1050548553467,16.1819763183594,27.7061672210693,NA,NA,30.7316188812256,11.7525386810303,33.1097450256348,13.2828044891357,3.36089110374451,3.32280898094177,4.63463830947876,3.2209198474884
2014-03-31,52.634708404541,65.110237121582,15.0551738739014,16.2086734771729,27.7766418457031,NA,NA,31.3126983642578,11.7489442825317,33.2120132446289,13.3469953536987,3.36590147018433,3.32776165008545,4.57169246673584,3.23304224014282
2014-04-30,52.8559951782227,65.4712524414062,15.2644290924072,16.2722682952881,27.8516998291016,NA,NA,31.4157619476318,11.8246870040894,33.8273468017578,13.3185606002808,3.38690710067749,3.3485279083252,4.58698272705078,3.24519920349121
2014-05-31,53.49365234375,66.0710754394531,15.616247177124,16.3488101959229,27.8687210083008,NA,NA,32.2112197875977,11.9380874633789,34.6118850708008,13.4734477996826,3.41910099983215,3.38091254234314,4.64384078979492,3.26804828643799
2014-06-30,53.8209762573242,66.69921875,15.6823768615723,16.410831451416,28.0446300506592,NA,NA,32.5000495910645,12.01828956604,34.3273582458496,13.5204315185547,3.43971133232117,3.40184736251831,4.67464923858643,3.29635763168335
2014-07-31,52.5121765136719,65.1143188476562,15.5869445800781,16.167028427124,27.7374610900879,NA,NA,32.4975471496582,11.7609443664551,34.4496383666992,13.2643737792969,3.39950370788574,3.36263513565063,4.56238603591919,3.25494027137756
2014-08-31,53.762077331543,66.7487487792969,15.8997850418091,16.3327598571777,28.0512561798096,NA,NA,32.8217964172363,12.0002756118774,35.1946258544922,13.3369941711426,3.45455002784729,3.41764497756958,4.64902067184448,3.28895497322083
2014-09-30,52.6961288452148,65.1230926513672,15.628324508667,16.0659694671631,27.5885562896729,NA,NA,32.0972175598145,11.7188110351562,35.4447631835938,13.1215524673462,3.39098906517029,3.35532689094543,4.58576774597168,3.23089146614075
2014-10-31,53.2549781799316,65.7289047241211,15.6198472976685,16.1544380187988,27.8347778320312,NA,NA,32.4267425537109,11.8384389877319,35.6646118164062,13.1949920654297,3.45789074897766,3.42209219932556,4.62317276000977,3.25436854362488
2014-11-30,52.6792221069336,64.7619018554688,15.5743713378906,15.9859552383423,27.6943664550781,NA,NA,32.2900581359863,11.7793579101562,36.0015296936035,13.1531734466553,3.43916487693787,3.40356087684631,4.55885314941406,3.23404097557068
2014-12-31,52.2561988830566,63.7775535583496,15.0857009887695,15.7958927154541,27.4926662445068,NA,NA,31.3985939025879,11.6972503662109,36.1254119873047,12.8749256134033,3.42667126655579,3.39119815826416,4.57656145095825,3.18636059761047
2015-01-31,52.6236000061035,64.3226852416992,15.4506721496582,15.8341474533081,27.5549201965332,NA,NA,31.334602355957,11.7505865097046,36.9802131652832,12.8507823944092,3.44855856895447,3.41285800933838,4.51634550094604,3.20301389694214
2015-02-28,53.7976951599121,66.0204620361328,15.9116125106812,16.1801147460938,28.0691452026367,NA,NA,31.9139060974121,12.1216707229614,36.7897415161133,13.0167684555054,3.51495933532715,3.47914838790894,4.65514850616455,3.2755560874939
2015-03-31,53.2878150939941,65.4018173217773,16.0004329681396,16.0749340057373,27.9665145874023,NA,NA,32.0802268981934,11.9625453948975,36.9975166320801,12.9714078903198,3.49539947509766,3.46036624908447,4.53773593902588,3.26433897018433
2015-04-30,53.7521553039551,66.0871505737305,16.3022842407227,16.2253379821777,28.1644973754883,NA,NA,32.8306312561035,12.0578622817993,36.8730392456055,13.2771062850952,3.52867722511292,3.49331045150757,4.65984535217285,3.30946898460388
2015-05-31,53.9432220458984,66.3700408935547,16.3140678405762,16.2620086669922,28.308084487915,NA,NA,32.9676132202148,12.1026668548584,36.7409248352051,13.2523126602173,3.53928470611572,3.50381445884705,4.61075115203857,3.32649850845337
2015-06-30,52.9252090454102,65.0082855224609,16.0881214141846,16.1231346130371,28.0262393951416,NA,NA,32.1291961669922,11.8416299819946,35.731128692627,13.2492332458496,3.48994183540344,3.45555019378662,4.4702033996582,3.29232239723206
2015-07-31,52.6648101806641,64.5475997924805,16.0584392547607,15.9197959899902,27.7497406005859,NA,NA,32.3286323547363,11.750696182251,36.3467140197754,13.4637451171875,3.5000536441803,3.4661545753479,4.41182470321655,3.29232239723206
2015-08-31,51.862606048584,63.2203407287598,15.6512088775635,15.6159229278564,27.3489170074463,NA,NA,31.6618003845215,11.544563293457,36.1526718139648,13.1646480560303,3.46931457519531,3.43571209907532,4.18590545654297,3.24630975723267
2015-09-30,50.3119430541992,61.2219543457031,15.3445596694946,15.232006072998,26.7146129608154,NA,NA,30.8063106536865,11.1971569061279,37.0058288574219,13.2284479141235,3.3960702419281,3.36317825317383,4.17261362075806,3.19422769546509
2015-10-31,51.9374008178711,62.9426574707031,15.6723175048828,15.5098237991333,27.3572158813477,NA,NA,31.6976737976074,11.5942077636719,37.5331497192383,13.3743095397949,3.49018263816833,3.45697832107544,4.42238426208496,3.25822925567627
2015-11-30,50.6410331726074,61.3245124816895,15.3376617431641,15.1492071151733,26.8613300323486,NA,NA,31.5090103149414,11.2562608718872,37.5331497192383,13.4031000137329,3.43970608711243,3.40758299827576,4.26851272583008,3.21146464347839
2015-12-31,49.6321182250977,59.4628105163574,14.8729572296143,14.8048439025879,26.4594554901123,NA,NA,30.8428993225098,11.0648193359375,37.9584579467773,13.248703956604,3.37946319580078,3.34790110588074,4.31656265258789,3.13503456115723
2016-01-31,48.8375778198242,58.2353134155273,14.616213798523,14.493649482727,26.1683120727539,NA,NA,30.7357559204102,10.7714605331421,38.2411689758301,13.0803689956665,3.34603881835938,3.31478905677795,4.24153089523315,3.0818657875061
2016-02-29,49.5685920715332,58.9316215515137,14.9610910415649,14.6493406295776,26.5139923095703,NA,NA,31.0947875976562,11.0063819885254,38.3842926025391,13.215482711792,3.36148715019226,3.33009219169617,4.34467506408691,3.09383249282837
2016-03-31,50.831127166748,60.7204360961914,15.8656730651855,15.0222826004028,26.8841342926025,NA,NA,33.1618194580078,11.3204717636108,38.8077926635742,13.5068292617798,3.45763373374939,3.42534017562866,4.46493005752563,3.21355271339417
2016-04-30,52.418342590332,62.9199905395508,16.8789005279541,15.5459384918213,27.3080177307129,NA,NA,34.4814643859863,11.6868762969971,39.3608474731445,13.6699857711792,3.54801416397095,3.51487851142883,4.635826587677,3.32190728187561
2016-05-31,52.5075378417969,63.4455490112305,16.8352737426758,15.7606153488159,27.5756149291992,NA,NA,34.256477355957,11.7618074417114,39.7288284301758,13.9128093719482,3.54623007774353,3.51373338699341,4.66306686401367,3.35219478607178
2016-06-30,53.4490356445312,64.6169662475586,17.4538402557373,15.9995059967041,27.9410190582275,NA,NA,34.6330451965332,11.9295034408569,40.4611854553223,14.1068592071533,3.5744481086731,3.54231882095337,4.77222585678101,3.38876342773438
2016-07-31,54.1509170532227,65.6307067871094,17.7392101287842,16.1662921905518,28.3021411895752,NA,NA,34.9630279541016,12.1647434234619,40.6156463623047,14.5021648406982,3.64723801612854,3.615079164505,4.9506139755249,3.4682834148407
2016-08-31,55.2164077758789,66.8528442382812,18.1802539825439,16.4704341888428,28.6900005340576,NA,NA,35.1258773803711,12.363468170166,40.8222999572754,14.5788488388062,3.70775556564331,3.67569231987,5.03836297988892,3.54207587242126
2016-09-30,55.8118782043457,67.5259399414062,18.3926086425781,16.6636066436768,28.9304676055908,NA,NA,35.2093162536621,12.490327835083,40.7691993713379,14.6090354919434,3.73063373565674,3.69900703430176,5.04341840744019,3.57301831245422
2016-10-31,55.2631988525391,67.0195083618164,18.3587493896484,16.6200523376465,28.9003372192383,NA,NA,34.9948387145996,12.3965225219727,40.1349601745605,14.6855392456055,3.74145889282227,3.70974183082581,4.93569231033325,3.58541369438171
2016-11-30,55.2735366821289,67.1049575805664,18.3940486907959,16.7027320861816,29.0028953552246,NA,NA,34.458797454834,12.3651151657104,36.5974159240723,14.7423028945923,3.7076997756958,3.67626929283142,4.95063638687134,3.57298731803894
2016-12-31,56.2899284362793,68.3919067382812,18.6975383758545,16.9898204803467,29.4938621520996,NA,NA,34.6358184814453,12.585976600647,38.1103858947754,14.9434480667114,3.75911259651184,3.72788858413696,5.20853042602539,3.6232545375824
2017-01-31,56.8037567138672,69.254997253418,19.0548515319824,17.1616802215576,29.7243709564209,NA,NA,35.1319122314453,12.6881647109985,38.5983047485352,15.1101312637329,3.79659533500671,3.76570844650269,5.31433534622192,3.66743898391724
2017-02-28,57.673828125,70.1693725585938,19.2838325500488,17.3553466796875,30.0498962402344,NA,NA,35.7930793762207,12.8431215286255,39.1745338439941,15.2160701751709,3.85108351707458,3.82039713859558,5.40130138397217,3.70550990104675
2017-03-31,57.5911674499512,69.9534301757812,19.3578300476074,17.3286952972412,30.0555667877197,NA,NA,35.5130157470703,12.8181619644165,39.5418815612793,15.2523813247681,3.84270787239075,3.81273984909058,5.31942892074585,3.69275641441345
2017-04-30,58.0609474182129,70.6803741455078,19.5275287628174,17.4619655609131,30.2679309844971,NA,NA,36.0878944396973,12.9662380218506,39.8080520629883,15.2979736328125,3.89247894287109,3.8627781867981,5.52486228942871,3.73122310638428
2017-05-31,58.6598167419434,71.4833831787109,19.6358051300049,17.6071166992188,30.4990673065186,NA,NA,36.1658363342285,13.0625782012939,40.5351028442383,15.3016815185547,3.92997646331787,3.89998817443848,5.50041198730469,3.75699806213379
2017-06-30,58.7375755310059,71.5237426757812,19.6543750762939,17.5819797515869,30.5341720581055,NA,NA,36.2006950378418,13.0699815750122,40.4239273071289,15.2576065063477,3.94060182571411,3.91119241714478,5.44087219238281,3.75048804283142
2017-07-31,59.3361930847168,72.234489440918,19.9414367675781,17.7076473236084,30.7527236938477,NA,NA,36.5382308959961,13.182092666626,40.5971946716309,15.3525142669678,3.98505592346191,3.95531392097473,5.66540431976318,3.78955459594727
2017-08-31,59.3750534057617,72.2791366577148,20.0798988342285,17.7190761566162,30.769474029541,NA,NA,36.944938659668,13.1379318237305,41.3622817993164,15.3625822067261,3.98985290527344,3.96007680892944,5.59600353240967,3.79613494873047
2017-09-30,59.7317047119141,72.715576171875,20.3566055297852,17.826789855957,30.9363555908203,NA,NA,37.0361557006836,13.2424945831299,41.374195098877,15.4591722488403,4.0207028388977,3.99069690704346,5.717369556427,3.82902956008911
2017-10-31,59.7824020385742,72.8662109375,20.3842506408691,17.8754405975342,30.996114730835,26.7736949920654,NA,37.0887832641602,13.2356252670288,41.388786315918,15.4667167663574,4.0241265296936,3.99476933479309,5.6913890838623,3.83564305305481
2017-11-30,59.5625534057617,72.6106872558594,20.368673324585,17.8419952392578,30.8486194610596,26.6723194122314,NA,37.0605773925781,13.2073583602905,41.539234161377,15.404149055481,4.01340818405151,3.9848039150238,5.61519479751587,3.83564305305481
2017-12-31,59.708927154541,72.8271636962891,20.5126857757568,17.8855476379395,31.0011959075928,26.7957897186279,NA,37.0974884033203,13.2586917877197,41.8400192260742,15.386134147644,4.02502918243408,3.99634027481079,5.67674207687378,3.86247563362122
2018-01-31,59.7363052368164,72.7874984741211,20.6222610473633,18.0023593902588,31.093297958374,26.9366283416748,NA,37.2575950622559,13.1574258804321,41.7863578796387,15.471302986145,4.03324508666992,4.00517559051514,5.64041614532471,3.87996029853821
2018-02-28,59.2181663513184,72.1301345825195,20.2577018737793,17.9326095581055,30.9683971405029,26.7298450469971,NA,36.7545204162598,13.0436553955078,41.5602531433105,15.4644250869751,3.98827052116394,3.96120047569275,5.51588106155396,3.85703659057617
2018-03-31,59.0809173583984,71.7359619140625,20.070520401001,17.9234447479248,31.04736328125,26.5888271331787,NA,36.657096862793,12.939847946167,41.8533248901367,15.425404548645,3.96574282646179,3.93951368331909,5.5681529045105,3.84075450897217
2018-04-30,59.3642120361328,72.0775527954102,20.1905536651611,18.0233516693115,31.1973266601562,26.5778999328613,NA,36.1085777282715,13.0538139343262,42.1339492797852,15.547812461853,3.98369383811951,3.95803332328796,5.61557579040527,3.85163998603821
2018-05-31,59.394100189209,71.9019241333008,20.1153011322021,18.050422668457,31.2294445037842,26.6797676086426,84.966552734375,36.0377464294434,13.0319204330444,42.8211250305176,15.520697593689,3.96787691116333,3.94301128387451,5.59423065185547,3.84892010688782
2018-06-30,59.4528007507324,71.9566802978516,20.0747051239014,18.0995006561279,31.352518081665,26.6984901428223,84.5569000244141,35.8385353088379,13.0296001434326,42.9699478149414,15.5373029708862,3.9790780544281,3.95484018325806,5.61003589630127,3.85309720039368
2018-07-31,60.4502830505371,73.2322540283203,20.3960132598877,18.3507061004639,31.718770980835,27.0282211303711,84.5569000244141,36.4072608947754,13.2267990112305,43.1260948181152,15.6422510147095,4.02593851089478,4.00211572647095,5.7188606262207,3.89175295829773
2018-08-31,60.8781433105469,73.6845703125,20.5083389282227,18.4424133300781,31.9217834472656,27.220027923584,82.6285629272461,35.782657623291,13.3718366622925,43.3557510375977,15.5810623168945,4.06600618362427,4.04264783859253,5.81755685806274,3.93061876296997
2018-09-30,61.1974411010742,74.1370010375977,20.6382083892822,18.5547256469727,32.1237678527832,27.3373546600342,84.3570785522461,36.250862121582,13.4400806427002,42.9583206176758,15.642804145813,4.08441162109375,4.06165599822998,5.75304079055786,3.93478679656982
2018-10-31,59.9877395629883,72.6594543457031,20.1028480529785,18.2831115722656,31.6761341094971,26.8802719116211,86.6650772094727,35.817699432373,13.1109857559204,42.2645263671875,15.5486497879028,4.02013731002808,3.99774026870728,5.41336870193481,3.88299703598022
2018-11-30,59.7483139038086,72.1174697875977,19.6801605224609,18.198938369751,31.5996627807617,26.6273803710938,85.6659393310547,35.7663917541504,13.0539112091064,42.3027610778809,15.574803352356,3.99178981781006,3.9695520401001,5.386390209198,3.85906887054443
2018-12-31,58.5002899169922,70.4393081665039,19.3169651031494,17.8367023468018,31.0083675384521,26.1488704681396,85.6659393310547,36.1502532958984,12.7431364059448,47.5154457092285,15.444785118103,3.90679025650024,3.88502335548401,5.23346710205078,3.78537821769714
2019-01-31,61.3928413391113,74.1300964355469,20.4323825836182,18.5287914276123,32.2681999206543,27.3946971893311,89.0230407714844,37.2544784545898,13.3637981414795,47.8890953063965,15.7538604736328,4.09981918334961,4.07698011398315,5.64515256881714,3.92463159561157
2019-02-28,62.1385116577148,75.1940383911133,20.8121128082275,18.7085037231445,32.5849609375,27.7663745880127,90.6416473388672,37.716968536377,13.5202198028564,48.1961250305176,15.8909778594971,4.1613597869873,4.13817548751831,5.82159805297852,3.9788830280304
2019-03-31,62.9406242370605,76.1531219482422,20.9990882873535,18.8579883575439,32.804084777832,28.0668296813965,91.0113220214844,38.254020690918,13.6906452178955,49.2001991271973,16.1038475036621,4.20284700393677,4.18016147613525,5.86845874786377,4.01184844970703
2019-04-30,63.5613441467285,77.150749206543,21.3476715087891,19.0234699249268,33.0566253662109,28.4216613769531,92.5599822998047,38.4349937438965,13.8313817977905,49.4283103942871,16.0145854949951,4.26568222045898,4.24339199066162,6.09335041046143,4.05937242507935
2019-05-31,62.332332611084,75.621208190918,20.9090003967285,18.7649803161621,32.5897407531738,27.9573402404785,93.1494750976562,38.6467742919922,13.5188808441162,50.2002601623535,16.0198879241943,4.21949768066406,4.1974458694458,5.89213466644287,4.02745294570923
2019-06-30,64.2986221313477,77.9819793701172,21.7030353546143,19.1138439178467,33.2381248474121,28.7783718109131,93.4891815185547,39.492504119873,14.0091819763184,50.5218696594238,16.1849384307861,4.33445930480957,4.31180810928345,6.25982236862183,4.10453128814697
2019-07-31,64.3993835449219,78.0891265869141,21.8421630859375,19.1462802886963,33.2953224182129,28.8433513641357,96.9961471557617,39.9091148376465,13.9927568435669,50.7340774536133,16.301965713501,4.3537769317627,4.33176565170288,6.25480651855469,4.11620473861694
2019-08-31,64.8435134887695,78.6078338623047,21.9191341400146,19.1512413024902,33.3771858215332,29.0519771575928,95.0977935791016,40.0575866699219,14.0785541534424,51.7654075622559,16.139066696167,4.39550161361694,4.37328004837036,6.22100305557251,4.14263582229614
2019-09-30,65.1281280517578,78.9097213745117,22.0077095031738,19.2252635955811,33.5322647094727,29.1945571899414,98.1651382446289,40.1485748291016,14.1201066970825,51.5772743225098,16.2101631164551,4.41423845291138,4.39267063140869,6.40592432022095,4.16179037094116
2019-10-31,65.1206512451172,78.8638305664062,22.0672645568848,19.1580448150635,33.5322647094727,29.1515865325928,97.3258666992188,40.5766830444336,14.1545810699463,51.6576156616211,16.2194080352783,4.4413046836853,4.41960430145264,6.56142473220825,4.17362451553345
2019-11-30,65.4904861450195,79.3258361816406,22.2876472473145,19.1745719909668,33.559196472168,29.1997928619385,99.2741775512695,40.7070007324219,14.240496635437,51.8985710144043,16.235725402832,4.46773147583008,4.44590187072754,6.75299501419067,4.20039367675781
2019-12-31,66.7422256469727,80.9177093505859,22.8072528839111,19.529203414917,34.0865173339844,29.8719425201416,100.20337677002,41.1713752746582,14.5052452087402,51.9560241699219,16.3528709411621,4.52523517608643,4.50312662124634,6.86584186553955,4.26468801498413
2020-01-31,66.4310607910156,80.5483474731445,22.8072528839111,19.4712009429932,34.0498161315918,29.82834815979,102.071762084961,41.7994117736816,14.382116317749,52.9699783325195,16.4927082061768,4.52911424636841,4.50774574279785,6.9210147857666,4.24665784835815
2020-02-29,65.5744018554688,79.3598327636719,22.6101398468018,19.278923034668,33.6738433837891,29.5063152313232,101.142570495605,41.4811172485352,14.099048614502,53.3980255126953,16.2627811431885,4.49325513839722,4.47205924987793,6.42434930801392,4.22864627838135
2020-03-31,58.9985885620117,70.6126556396484,19.4782276153564,17.2376251220703,30.2525768280029,26.0371646881104,85.9357147216797,35.9831733703613,12.033260345459,42.6576919555664,14.3852787017822,4.04566383361816,4.02657794952393,5.47955703735352,3.72559666633606
2020-04-30,61.8798713684082,74.1678695678711,21.0489730834961,18.0775184631348,31.4101886749268,27.3085536956787,91.4809112548828,38.6234664916992,13.2312831878662,44.8972244262695,14.9912567138672,4.20190620422363,4.18285894393921,5.87712526321411,3.89022660255432
2020-05-31,63.7031555175781,76.7856140136719,21.9023666381836,18.5677738189697,32.0867500305176,28.2893447875977,94.7580795288086,40.1813316345215,13.5542964935303,47.5617713928223,15.3149280548096,4.35955572128296,4.3405704498291,6.3687801361084,4.04030799865723
2020-06-30,63.3314933776855,76.5200805664062,22.4115047454834,18.7200698852539,32.1978492736816,28.4583644866943,97.2059707641602,41.008960723877,13.6267919540405,48.9821434020996,15.6984357833862,4.36971426010132,4.35068368911743,6.48867988586426,4.07569217681885
2020-07-31,66.5363388061523,80.6539306640625,24.0411949157715,19.4549388885498,33.5000076293945,29.9471168518066,94.5282821655273,42.1852340698242,14.260139465332,50.1575393676758,16.0992488861084,4.56691360473633,4.5478081703186,6.8008861541748,4.25049829483032
2020-08-31,66.5214920043945,80.7417144775391,24.0128192901611,19.5232181549072,33.5908889770508,30.0575885772705,95.3775482177734,42.6180076599121,14.2381839752197,50.0427894592285,16.2037773132324,4.59279155731201,4.57436275482178,7.19262075424194,4.29403305053711
2020-09-30,65.9017715454102,79.9352416992188,23.525541305542,19.4870662689209,33.4296264648438,29.7918930053711,95.0877990722656,42.2795143127441,14.0134792327881,49.903434753418,16.1869621276855,4.5552020072937,4.53692531585693,6.96294975280762,4.25974321365356
2020-10-31,66.1675872802734,80.3086776733398,23.7455921173096,19.5968208312988,33.5396347045898,29.9747009277344,95.2976150512695,42.021125793457,14.1816549301147,49.7853393554688,16.2052040100098,4.57260608673096,4.55425882339478,6.95969915390015,4.26443195343018
2020-11-30,68.3850173950195,83.1504364013672,25.1230545043945,20.2552700042725,34.5832023620605,31.0248489379883,96.7763366699219,43.4446182250977,14.6721210479736,51.1700592041016,16.5368366241455,4.70794630050659,4.68984794616699,7.63643932342529,4.39292812347412
2020-12-31,69.7239608764648,84.9204025268555,25.8169460296631,20.6651916503906,35.1607780456543,31.7166385650635,96.4566192626953,43.956729888916,14.8896894454956,52.0418357849121,16.8468399047852,4.76517200469971,4.74685335159302,7.65995454788208,4.46664714813232
2021-01-31,69.4604034423828,84.4994812011719,25.7928218841553,20.688196182251,35.1066131591797,31.6474609375,97.6455917358398,43.7746124267578,14.8775634765625,53.107364654541,16.8484783172607,4.76683235168457,4.74850749969482,7.4388017654419,4.48490333557129
2021-02-28,69.2904586791992,84.6278076171875,25.8880786895752,20.8467273712158,35.325756072998,31.6860580444336,98.015266418457,43.6193542480469,14.9126300811768,52.2217178344727,16.9621639251709,4.7676305770874,4.75010776519775,7.71171760559082,4.50323677062988
2021-03-31,70.1327285766602,85.4461517333984,25.8613510131836,21.1140384674072,35.7526550292969,31.9404106140137,100.96272277832,43.2771759033203,14.9583053588867,52.8785438537598,16.9989490509033,4.76049900054932,4.74299669265747,7.97384834289551,4.51369714736938
2021-04-30,70.5799026489258,86.0735321044922,26.1840801239014,21.2768077850342,36.0011215209961,32.2363700866699,99.1343002319336,43.5760803222656,15.1442260742188,53.4965057373047,17.0796966552734,4.81693649291992,4.80003929138184,8.20435619354248,4.56439399719238
2021-05-31,70.6074295043945,86.137565612793,26.2721710205078,21.3079090118408,36.0908432006836,32.2613983154297,98.4748687744141,43.7812232971191,15.2361373901367,54.0477638244629,17.150899887085,4.82588768005371,4.80895519256592,8.30817794799805,4.58298492431641
2021-06-30,71.5427398681641,87.2765426635742,26.9344844818115,21.5193557739258,36.3942527770996,32.776782989502,102.551345825195,44.0683403015137,15.3442668914795,54.6135406494141,17.1975688934326,4.87460660934448,4.85831737518311,8.53411483764648,4.63409757614136
2021-07-31,71.6177597045898,87.4366760253906,27.1833152770996,21.4935207366943,36.3712577819824,32.8564643859863,100.503112792969,44.1020202636719,15.3692598342896,54.9802589416504,17.0880222320557,4.89989376068115,4.88352155685425,8.67104816436768,4.64469528198242
2021-08-31,72.0537414550781,87.9162063598633,27.4206008911133,21.5775661468506,36.5456619262695,33.0639762878418,102.301559448242,44.4050750732422,15.4434156417847,54.8248558044434,17.205680847168,4.92527103424072,4.90881204605103,8.83731937408447,4.66351222991943
2021-09-30,71.7870864868164,87.7036590576172,27.317289352417,21.5854511260986,36.5320587158203,33.0075225830078,102.771156311035,43.9141502380371,15.3626937866211,54.0949974060059,17.0643310546875,4.91710329055786,4.90149307250977,8.60986042022705,4.67416381835938
2021-10-31,71.5639953613281,87.4203872680664,27.4234085083008,21.5941486358643,36.555347442627,32.9859580993652,101.592178344727,43.7698516845703,15.2825832366943,53.9135246276855,17.0472106933594,4.90068483352661,4.88595056533813,8.64327716827393,4.66015863418579
2021-11-30,70.7273635864258,86.2807769775391,26.9610233306885,21.3735866546631,36.186393737793,32.5689315795898,103.070899963379,43.2898063659668,15.1297187805176,54.3524513244629,16.9356346130371,4.85946226119995,4.84485054016113,8.65501976013184,4.61295509338379
2021-12-31,72.3428955078125,88.3167572021484,27.5856227874756,21.7116947174072,36.7799110412598,33.3072204589844,103.940147399902,43.6973915100098,15.4122886657715,54.6703948974609,16.9882678985596,4.94230222702026,4.92744207382202,8.93389129638672,4.6904354095459
2022-01-31,70.4222946166992,85.8764038085938,26.4477233886719,21.407808303833,36.2521667480469,32.3530502319336,102.571334838867,42.7549057006836,14.9740867614746,52.9715385437012,16.8507251739502,4.80862140655518,4.79416465759277,8.086838722229,4.58445119857788
2022-02-28,69.8172988891602,85.1578903198242,25.9381923675537,21.2858142852783,36.1339950561523,32.1248550415039,98.1151809692383,40.3383827209473,14.9014015197754,52.2566337585449,16.2400226593018,4.76704025268555,4.75354671478271,7.88235235214233,4.56859636306763
2022-03-31,68.9186477661133,84.0104370117188,25.5905342102051,21.1375846862793,35.9776611328125,31.6942310333252,96.1900024414062,39.9919052124023,14.7362480163574,50.5490570068359,16.0537357330322,4.73367738723755,4.72111988067627,7.91282081604004,4.53578519821167
2022-04-30,66.0376586914062,80.3143768310547,24.1969871520996,20.6338691711426,35.0943374633789,30.355899810791,98.8300018310547,38.8167533874512,14.0943651199341,48.5440559387207,15.9436750411987,4.57505226135254,4.5629153251648,7.63176250457764,4.40986728668213
2022-05-31,67.1140289306641,81.4910507202148,24.6624336242676,20.801944732666,35.4334945678711,30.8646984100342,95.6699981689453,38.8020057678223,14.3016014099121,49.3539161682129,15.9943561553955,4.61894083023071,4.60668611526489,7.7163405418396,4.42764520645142
2022-06-30,62.382568359375,75.2800903320312,22.9944400787354,19.6661624908447,33.6045188903809,28.6248073577881,93.2600021362305,37.2846794128418,13.3332853317261,47.8469924926758,15.7082042694092,4.3245530128479,4.31392860412598,7.171058177948,4.17298603057861
2022-07-31,66.5614929199219,80.3870239257812,24.2231159210205,20.6339416503906,35.1939430236816,30.5245990753174,95.9000015258789,37.9370460510254,14.2775468826294,49.1630020141602,15.8401432037354,4.59834814071655,4.5879111289978,7.62333106994629,4.37921667098999
2022-08-31,63.6934509277344,76.9919891357422,23.6226787567139,20.1722278594971,34.2863922119141,29.3380680084229,97.4899978637695,38.0368881225586,13.5648021697998,47.6838493347168,15.8037729263306,4.4550290107727,4.4457745552063,7.32276058197021,4.29413938522339
2022-09-30,61.3110733032227,74.0097045898438,22.589241027832,19.6862754821777,33.5669784545898,28.2078971862793,94.9300003051758,36.3252639770508,12.9505958557129,44.7848739624023,15.6306324005127,4.28638458251953,4.27748012542725,6.59054708480835,4.14845752716064
2022-10-31,63.3746604919434,76.2755279541016,22.9472007751465,20.1874256134033,34.507152557373,29.0988311767578,91.9899978637695,35.4084854125977,13.583833694458,44.0667915344238,15.7215337753296,4.401695728302,4.39255237579346,6.76740503311157,4.24451971054077
2022-11-30,65.5492477416992,79.0348892211914,23.8624401092529,20.7747764587402,35.4584846496582,30.0788326263428,95.1699981689453,37.9484252929688,13.9255571365356,46.7915496826172,16.0744762420654,4.51779222488403,4.50840711593628,7.14085483551025,4.3150486946106
2022-12-31,64.397590637207,77.5476760864258,23.6544647216797,20.5188789367676,35.0486183166504,29.5840473175049,95.8600006103516,38.1969909667969,13.7020034790039,45.9399337768555,16.053617477417,4.49530172348022,4.48596334457397,6.91739130020142,4.30711603164673
2023-01-31,66.7590408325195,80.675422668457,24.5736827850342,21.1791439056396,36.0086059570312,30.6635761260986,98.0899963378906,39.5637130737305,14.1511564254761,47.6575775146484,16.448917388916,4.64731788635254,4.63854217529297,7.40807056427002,4.43257093429565
2023-02-28,65.5005264282227,79.1494293212891,24.0759906768799,20.9689388275146,35.6413421630859,30.1573581695557,98.2300033569336,38.6951446533203,13.9819593429565,46.544132232666,16.4258556365967,4.57200622558594,4.56425619125366,7.21371412277222,4.38146734237671
2023-03-31,66.8002853393555,80.838996887207,24.7308883666992,21.2720966339111,36.1346321105957,30.8400936126709,96.1800003051758,39.184513092041,14.1551065444946,47.3299102783203,16.3233909606934,4.63835191726685,4.63049077987671,7.08589744567871,4.46216917037964
2023-04-30,66.9352951049805,80.9475479125977,24.6041030883789,21.3177642822266,36.2480430603027,30.9168567657471,94.5599975585938,39.5185661315918,14.2217702865601,47.3427734375,16.431755065918,4.66952514648438,4.6616096496582,7.18198776245117,4.49954891204834
2023-05-31,66.1110305786133,79.9355850219727,24.3459529876709,21.1738872528076,35.9551391601562,30.5773963928223,95.5899963378906,39.1062164306641,14.0393199920654,47.1161613464355,16.3629188537598,4.63050699234009,4.62265920639038,7.08262872695923,4.46738195419312
2023-06-30,67.2878952026367,81.4525833129883,24.8387928009033,21.5428161621094,36.5539321899414,31.1429100036621,95.6600036621094,39.4500465393066,14.179144859314,47.4525985717773,16.7825050354004,4.68971109390259,4.68176364898682,7.44695615768433,4.51498079299927
2023-07-31,68.0385818481445,82.5328598022461,25.060733795166,21.7814235687256,36.9519958496094,31.5279102325439,95.8099975585938,39.7825508117676,14.4809989929199,47.503604888916,16.8572750091553,4.74018478393555,4.73305797576904,7.64702796936035,4.57267379760742
2023-08-31,68.1635360717773,82.7386856079102,25.0408725738525,21.8979263305664,37.0767440795898,31.6242656707764,96.2300033569336,39.3843955993652,14.5066585540771,47.2700119018555,16.944091796875,4.74571895599365,4.73949432373047,7.85710668563843,4.58541250228882
2023-09-30,67.0636901855469,81.3457107543945,24.5464954376221,21.722095489502,36.7613677978516,31.1406860351562,99.2900009155273,38.9642677307129,14.2686080932617,45.8307342529297,16.7232208251953,4.67869091033936,4.67347097396851,7.39335823059082,4.53356552124023
2023-10-31,66.3641357421875,80.4688262939453,24.36962890625,21.5263195037842,36.5216751098633,30.8501415252686,97.3000030517578,38.3887596130371,14.0834760665894,44.8375816345215,16.5078125,4.64882612228394,4.64363718032837,7.2885856628418,4.51262903213501
2023-11-30,69.607780456543,84.3466949462891,25.8311653137207,22.3241920471191,37.8276100158691,32.292839050293,98.1500015258789,39.934268951416,14.7136011123657,47.5453071594238,17.167028427124,4.85616874694824,4.85167503356934,7.61601209640503,4.66337394714355
2023-12-31,71.8300323486328,87.179557800293,26.6157836914062,22.9045143127441,38.6878814697266,33.348217010498,99.6500015258789,41.3937454223633,15.2169723510742,48.9368209838867,17.6820945739746,5.01939487457275,5.01475048065186,8.2968053817749,4.7927622795105
2024-01-31,71.91357421875,87.3083877563477,26.8747291564941,22.9773998260498,38.8711471557617,33.4766578674316,102.669998168945,41.3937454223633,15.2065362930298,49.1169013977051,17.8909320831299,5.0074348449707,5.0028018951416,8.51463222503662,4.79738330841064
2024-02-29,72.1318511962891,87.5693893432617,26.6934909820557,23.082820892334,39.0554122924805,33.5578689575195,103.839996337891,41.6433067321777,15.2708196640015,49.4337196350098,18.1104507446289,5.01407623291016,5.00943756103516,8.6733570098877,4.80765628814697
2024-03-31,72.91796875,88.6015243530273,27.1025524139404,23.2664070129395,39.4185676574707,33.9738426208496,105.360000610352,42.0612678527832,15.3453559875488,49.8833084106445,18.1946563720703,5.05817127227783,5.05349159240723,8.82349300384521,4.8781042098999
2024-04-30,71.9326477050781,87.4216003417969,26.5411243438721,23.0974464416504,39.1035766601562,33.5786361694336,105.75,41.4402313232422,15.2242937088013,49.0440216064453,17.9618301391602,5.0084228515625,5.00473499298096,8.77675819396973,4.85638809204102
2024-05-31,73.1079940795898,88.7947158813477,26.938497543335,23.349723815918,39.5506324768066,34.142505645752,106.440002441406,42.2803077697754,15.3292016983032,49.3932571411133,18.3599376678467,5.07287168502808,5.06913805007935,8.88387966156006,4.89913940429688
2024-06-30,73.4584197998047,89.221565246582,26.858772277832,23.4785404205322,39.7825393676758,34.2861480712891,109.569999694824,42.4268379211426,15.5297956466675,49.872184753418,18.3323707580566,5.12810945510864,5.12433481216431,8.94584941864014,4.93247652053833
2024-07-31,75.1863479614258,91.2242126464844,27.5658092498779,23.9383869171143,40.5174102783203,35.0731620788574,109.769996643066,43.2184906005859,15.7701282501221,50.9556465148926,18.673469543457,5.21233367919922,5.20849704742432,9.17552661895752,5.00433206558228
2024-08-31,76.3497772216797,92.6646423339844,27.9658679962158,24.2602062225342,41.0657768249512,35.6167755126953,109.519996643066,43.9709892272949,16.0973949432373,50.9177093505859,18.9822158813477,5.28729629516602,5.28437089920044,9.32365703582764,5.0669093132019
2024-09-30,77.6455001831055,94.1052322387695,28.3612480163574,24.6673355102539,41.6519012451172,36.1711120605469,109.690002441406,44.6268005371094,16.2922210693359,51.7961120605469,19.3643398284912,5.35299301147461,5.35003280639648,9.50973224639893,5.10943031311035
2024-10-31,76.8973159790039,93.1744613647461,27.9774932861328,24.5593814849854,41.4579734802246,35.8649139404297,112.910003662109,43.9614868164062,16.1694374084473,51.1400947570801,19.1615657806396,5.31235408782959,5.31039237976074,9.41329574584961,5.09483575820923
2024-11-30,78.1619262695312,94.7223510742188,28.5104789733887,24.9143333435059,42.0257530212402,36.4584655761719,117,44.2872543334961,16.5801620483398,51.931095123291,19.360876083374,5.36908006668091,5.36709785461426,9.51693534851074,5.13878011703491
2024-12-31,77.5619201660156,93.9175338745117,28.1779670715332,24.7933654785156,41.859130859375,36.1564064025879,118.769996643066,43.8487739562988,16.3091316223145,51.2475166320801,19.2542877197266,5.31029415130615,5.30833435058594,9.39847183227539,5.1151270866394
