block,date,block_ndc_usd_bil,ndc_qoq
Asia Pacific,1990 Q1,4776.42973822969,NA
Central and E. Europe,1990 Q1,70.86882062504701,NA
Emerging Asia,1990 Q1,421.5658745334588,NA
Latin America,1990 Q1,193.38389299197829,NA
ME/Africa,1990 Q1,52.47550219713127,NA
North America,1990 Q1,3615.3012560507163,NA
W. Europe,1990 Q1,4555.742078377772,NA
Asia Pacific,1990 Q2,5065.830820126111,0.060589414637486794
Central and E. Europe,1990 Q2,74.44608446262652,0.05047725933674152
Emerging Asia,1990 Q2,449.1526707268145,0.06543887411163363
Latin America,1990 Q2,194.74423122162227,0.007034392619764018
ME/Africa,1990 Q2,54.785686536796916,0.044024053947823605
North America,1990 Q2,3618.2390639233995,8.126038923494949e-4
W. Europe,1990 Q2,4944.474214157905,0.08532795076901167
Asia Pacific,1990 Q3,5783.294733741797,0.14162808413681405
Central and E. Europe,1990 Q3,82.44174060005298,0.10740197009878272
Emerging Asia,1990 Q3,483.3785391844928,0.07620096837517254
Latin America,1990 Q3,201.31379730301242,0.03373432958799105
ME/Africa,1990 Q3,59.18321730435974,0.08026787735167296
North America,1990 Q3,3614.919300311742,-9.175080897108057e-4
W. Europe,1990 Q3,5363.600322952761,0.0847665678172087
Asia Pacific,1990 Q4,6011.17468164782,0.03940313582437538
Central and E. Europe,1990 Q4,80.46586591949898,-0.02396692095742492
Emerging Asia,1990 Q4,486.0030095522096,0.005429430880701691
Latin America,1990 Q4,193.44192143571075,-0.03910251543987875
ME/Africa,1990 Q4,64.2328456064375,0.08532196342265719
North America,1990 Q4,3591.1229943848,-0.006582804192859726
W. Europe,1990 Q4,5691.821806344725,0.061194247078289354
Asia Pacific,1991 Q1,5779.862634177255,-0.03848034031963221
Central and E. Europe,1991 Q1,73.87575690445973,-0.08189943573877945
Emerging Asia,1991 Q1,496.04856471208984,0.02066973858687815
Latin America,1991 Q1,185.95958307446597,-0.03868002502100609
ME/Africa,1991 Q1,64.50783532806042,0.004281138707567633
North America,1991 Q1,3548.7101580720396,-0.011810466079574256
W. Europe,1991 Q1,5109.876623430406,-0.10224234045163172
Asia Pacific,1991 Q2,6059.2088968554,0.04833095185105707
Central and E. Europe,1991 Q2,58.466508216730205,-0.2085832935377926
Emerging Asia,1991 Q2,510.1496557535054,0.028426835686138796
Latin America,1991 Q2,201.2581082220756,0.08226801165435749
ME/Africa,1991 Q2,64.27875272546137,-0.003551236860360185
North America,1991 Q2,3529.4183191731627,-0.005436296017299336
W. Europe,1991 Q2,4918.816984966704,-0.03739026449046401
Asia Pacific,1991 Q3,6289.972964641745,0.03808485096232728
Central and E. Europe,1991 Q3,58.564812719637345,0.001681381459325948
Emerging Asia,1991 Q3,537.1118303405253,0.0528515001097003
Latin America,1991 Q3,198.88774644013043,-0.0117777206736418
ME/Africa,1991 Q3,11.237063518595907,-0.8251823029829138
North America,1991 Q3,3474.5832755919378,-0.01553656682840332
W. Europe,1991 Q3,5402.581498568314,0.09834976887331459
Asia Pacific,1991 Q4,6793.009201303555,0.07997430823463958
Central and E. Europe,1991 Q4,58.130211470319736,-0.0074208595423695956
Emerging Asia,1991 Q4,571.0498583933742,0.0631861488348382
Latin America,1991 Q4,212.25211092238484,0.06719551466322926
ME/Africa,1991 Q4,13.483013140604477,0.19986979857253728
North America,1991 Q4,3450.251678926871,-0.007002738094087357
W. Europe,1991 Q4,5965.33832062757,0.10416442995045738
Asia Pacific,1992 Q1,6431.225685236229,-0.05325821080853255
Central and E. Europe,1992 Q1,51.24304548208751,-0.11847825449161997
Emerging Asia,1992 Q1,603.6419681583393,0.05707401776906429
Latin America,1992 Q1,250.26780546508132,0.17910632020332584
ME/Africa,1992 Q1,80.3224409498662,4.957306435308062
North America,1992 Q1,3402.403538513286,-0.013868014529440753
W. Europe,1992 Q1,5535.976738285011,-0.07197606560852843
Asia Pacific,1992 Q2,6848.52441572782,0.064886345296443
Central and E. Europe,1992 Q2,48.77114962152346,-0.04823866023786816
Emerging Asia,1992 Q2,636.8587125930471,0.05502722836857976
Latin America,1992 Q2,293.43217813310616,0.17247273410901176
ME/Africa,1992 Q2,84.33943737940551,0.050010885899826496
North America,1992 Q2,3363.7444916173154,-0.011362275655539378
W. Europe,1992 Q2,6067.2599582262355,0.09596919298216022
Asia Pacific,1992 Q3,7270.483451979649,0.06161313162333015
Central and E. Europe,1992 Q3,47.77486200745821,-0.020427806639718327
Emerging Asia,1992 Q3,662.613580564375,0.04044047362791625
Latin America,1992 Q3,305.6195782534415,0.04153395921972436
ME/Africa,1992 Q3,86.74388298777399,0.028509149255430133
North America,1992 Q3,3343.128493018777,-0.00612888364437747
W. Europe,1992 Q3,6338.26032108587,0.04466602135486242
Asia Pacific,1992 Q4,7080.295331341976,-0.02615893728303409
Central and E. Europe,1992 Q4,50.38636500795556,0.05466270106839177
Emerging Asia,1992 Q4,671.5258662906984,0.01345020082252546
Latin America,1992 Q4,335.9686179160401,0.09930332289586175
ME/Africa,1992 Q4,83.35364018914761,-0.03908336451925043
North America,1992 Q4,3324.584035722716,-0.005547036954991702
W. Europe,1992 Q4,5493.404660693238,-0.13329456626797098
Asia Pacific,1993 Q1,7574.764384455245,0.06983734858127022
Central and E. Europe,1993 Q1,80.24889608886743,0.5926708758648662
Emerging Asia,1993 Q1,758.9289929785009,0.13015600898680235
Latin America,1993 Q1,357.8299985979031,0.06506971043148524
ME/Africa,1993 Q1,84.910657484781,0.018679655646714144
North America,1993 Q1,3309.4110210568133,-0.004563883632619503
W. Europe,1993 Q1,5381.647696228056,-0.020343843457379496
Asia Pacific,1993 Q2,8222.765528114202,0.08554736632980542
Central and E. Europe,1993 Q2,83.61737081382054,0.041975340336431355
Emerging Asia,1993 Q2,797.4125889289546,0.05070776885123407
Latin America,1993 Q2,374.25503842891476,0.045901796650281934
ME/Africa,1993 Q2,83.89426758927522,-0.011970109826177633
North America,1993 Q2,3321.6400936037444,0.0036952413795448003
W. Europe,1993 Q2,5243.225337801942,-0.025721185450904294
Asia Pacific,1993 Q3,8449.49948247418,0.02757392918292023
Central and E. Europe,1993 Q3,82.34118257723092,-0.015262238266629202
Emerging Asia,1993 Q3,829.2907121120895,0.039976949982633236
Latin America,1993 Q3,380.337195381043,0.016251369594543208
ME/Africa,1993 Q3,84.87735673830329,0.011718192163510333
North America,1993 Q3,3319.3753823088455,-6.818051417610826e-4
W. Europe,1993 Q3,5305.785093039992,0.011931540456026957
Asia Pacific,1993 Q4,8019.372013019972,-0.05090567439484106
Central and E. Europe,1993 Q4,75.02796774776617,-0.0888160043439431
Emerging Asia,1993 Q4,916.8854517049866,0.10562609506358189
Latin America,1993 Q4,424.78543271712743,0.11686534442563201
ME/Africa,1993 Q4,91.69536919137477,0.08032781315390158
North America,1993 Q4,3369.8728417946586,0.015212940288389154
W. Europe,1993 Q4,5129.5585322716315,-0.033214040463027894
Asia Pacific,1994 Q1,8610.252965013251,0.07368169864597207
Central and E. Europe,1994 Q1,68.7415845610946,-0.08378719796603762
Emerging Asia,1994 Q1,743.5093002201991,-0.18909248823000446
Latin America,1994 Q1,433.0794901331389,0.01952528683236321
ME/Africa,1994 Q1,94.2773326594478,0.02815805738983701
North America,1994 Q1,3365.12145645103,-0.001409959831332408
W. Europe,1994 Q1,5242.256427389898,0.021970291285156263
Asia Pacific,1994 Q2,9024.226335170702,0.04807911821401567
Central and E. Europe,1994 Q2,65.37648211553301,-0.04895293681469959
Emerging Asia,1994 Q2,790.8174401226867,0.06362817504566087
Latin America,1994 Q2,457.75649873853394,0.05698032155207522
ME/Africa,1994 Q2,94.46711301359423,0.0020130008857162096
North America,1994 Q2,3439.3983731019525,0.022072581216506126
W. Europe,1994 Q2,5468.632682256035,0.04318298007769328
Asia Pacific,1994 Q3,9238.827408485819,0.02378055085772135
Central and E. Europe,1994 Q3,65.90299454789377,0.008053544873067864
Emerging Asia,1994 Q3,848.0295032514006,0.07234547472781849
Latin America,1994 Q3,559.8349252617616,0.22299721971076547
ME/Africa,1994 Q3,103.04026329665002,0.09075274992072724
North America,1994 Q3,3524.4028395980645,0.024714923156589075
W. Europe,1994 Q3,5652.5213672815125,0.033626080907232625
Asia Pacific,1994 Q4,9307.394324218887,0.007421603705908719
Central and E. Europe,1994 Q4,75.26461909944051,0.1420515807478726
Emerging Asia,1994 Q4,908.297213679678,0.07106794067565692
Latin America,1994 Q4,536.941802100249,-0.04089263125341536
ME/Africa,1994 Q4,111.56243576881212,0.08270720783803709
North America,1994 Q4,3589.289639035526,0.018410721586202383
W. Europe,1994 Q4,5690.449416581002,0.006709934706134568
Asia Pacific,1995 Q1,10359.708131996458,0.11306212792976145
Central and E. Europe,1995 Q1,78.81145282143575,0.04712484782935156
Emerging Asia,1995 Q1,953.9095946335547,0.05021746215546852
Latin America,1995 Q1,541.836903283022,0.009116632684633252
ME/Africa,1995 Q1,118.64506373179492,0.06348577739607575
North America,1995 Q1,3654.750171526586,0.01823774035372927
W. Europe,1995 Q1,6132.18354006561,0.07762728233686955
Asia Pacific,1995 Q2,10893.577143793957,0.0515332097193566
Central and E. Europe,1995 Q2,82.13909846422915,0.042222868931662605
Emerging Asia,1995 Q2,1013.5849825618145,0.06255874588533117
Latin America,1995 Q2,534.4454645083846,-0.013641445848099787
ME/Africa,1995 Q2,123.26851554001573,0.03896876669620597
North America,1995 Q2,3751.4832786885245,0.026467775531024307
W. Europe,1995 Q2,6270.135296123514,0.022496351447502283
Asia Pacific,1995 Q3,9494.687389284929,-0.12841417801001864
Central and E. Europe,1995 Q3,85.89165306174465,0.04568536382402222
Emerging Asia,1995 Q3,1060.712320033097,0.046495694275352495
Latin America,1995 Q3,537.6079461953018,0.005917314107672711
ME/Africa,1995 Q3,127.74768302973791,0.03633667096662774
North America,1995 Q3,3825.395548185138,0.019702145526409698
W. Europe,1995 Q3,6225.023083661393,-0.007194774966022166
Asia Pacific,1995 Q4,9208.935044557158,-0.03009602454634286
Central and E. Europe,1995 Q4,92.96204965146714,0.08231762153465394
Emerging Asia,1995 Q4,1133.5296534147271,0.06864946508715764
Latin America,1995 Q4,521.8354034468292,-0.02933837354915647
ME/Africa,1995 Q4,132.16781923823186,0.03460051958410082
North America,1995 Q4,3858.6958474740713,0.008705060396886788
W. Europe,1995 Q4,6387.310195691219,0.02607012212625781
Asia Pacific,1996 Q1,9020.671178350207,-0.020443608875080788
Central and E. Europe,1996 Q1,94.91806567706955,0.021041016553915215
Emerging Asia,1996 Q1,1181.128472837783,0.04199168436367384
Latin America,1996 Q1,573.4355239269888,0.09888198489280398
ME/Africa,1996 Q1,132.73053280156205,0.004257568646993448
North America,1996 Q1,3897.105012876168,0.009953924051111729
W. Europe,1996 Q1,6248.071630060809,-0.021799249036681734
Asia Pacific,1996 Q2,8883.78705311987,-0.015174494505338143
Central and E. Europe,1996 Q2,94.47901647868143,-0.0046255599000706304
Emerging Asia,1996 Q2,1258.39805674216,0.06542013479594555
Latin America,1996 Q2,599.7191055661252,0.04583528669298631
ME/Africa,1996 Q2,128.64930367467161,-0.030748231328145526
North America,1996 Q2,3964.3883471438,0.017264952842000802
W. Europe,1996 Q2,6224.329829596366,-0.0037998604801866565
Asia Pacific,1996 Q3,8767.750541004983,-0.013061604405987581
Central and E. Europe,1996 Q3,99.9166325996853,0.05755369100641339
Emerging Asia,1996 Q3,1301.7152742650014,0.034422508276104935
Latin America,1996 Q3,600.4275947586125,0.0011813683871526592
ME/Africa,1996 Q3,129.47076662141976,0.006385288713458337
North America,1996 Q3,4049.6607849328143,0.021509607617137272
W. Europe,1996 Q3,6301.533833952679,0.012403585039663545
Asia Pacific,1996 Q4,8529.633727711316,-0.027158255949464305
Central and E. Europe,1996 Q4,103.66730289252567,0.03753799738095043
Emerging Asia,1996 Q4,1390.9498934382832,0.06855156495237957
Latin America,1996 Q4,577.4106342232711,-0.038334281662378955
ME/Africa,1996 Q4,132.4377225909216,0.022916029980554642
North America,1996 Q4,4105.022216547497,0.013670634296250261
W. Europe,1996 Q4,6482.923896038439,0.028785065170709778
Asia Pacific,1997 Q1,7880.488196537487,-0.07610473695545295
Central and E. Europe,1997 Q1,106.60282382894886,0.028316748429989547
Emerging Asia,1997 Q1,1458.5866669416541,0.04862631919556781
Latin America,1997 Q1,579.1039181072738,0.002932547105372274
ME/Africa,1997 Q1,141.54542049351028,0.06876966565425513
North America,1997 Q1,4167.455897139555,0.015209096881470208
W. Europe,1997 Q1,6120.5240680147635,-0.05590067596584458
Asia Pacific,1997 Q2,8545.74890070468,0.0844187171626618
Central and E. Europe,1997 Q2,111.03409917149472,0.0415680859416645
Emerging Asia,1997 Q2,1509.1807055294396,0.034687029392549196
Latin America,1997 Q2,611.2603123786594,0.055527847880022296
ME/Africa,1997 Q2,141.62564584901378,5.6678171023683e-4
North America,1997 Q2,4272.108279608838,0.025111815230273393
W. Europe,1997 Q2,6156.404123844393,0.0058622522239779595
Asia Pacific,1997 Q3,8074.393169217804,-0.05515674950945593
Central and E. Europe,1997 Q3,116.32377712413052,0.047640121297023885
Emerging Asia,1997 Q3,1418.1615726741381,-0.0603102945338615
Latin America,1997 Q3,629.729156848204,0.030214368732160768
ME/Africa,1997 Q3,145.4133014947211,0.026744136791053474
North America,1997 Q3,4332.661904279198,0.014174178346412436
W. Europe,1997 Q3,6119.866601609866,-0.005934880410630283
Asia Pacific,1997 Q4,7883.595173922421,-0.023630010490790387
Central and E. Europe,1997 Q4,112.42271910906393,-0.03353620481996311
Emerging Asia,1997 Q4,1367.9452651632844,-0.03540944027707926
Latin America,1997 Q4,523.7451744298523,-0.16830089772054024
ME/Africa,1997 Q4,147.43522105057178,0.013904639637963845
North America,1997 Q4,4393.256850751485,0.013985616189539307
W. Europe,1997 Q4,6297.403939406881,0.02901000125563402
Asia Pacific,1998 Q1,7649.132300084792,-0.02974060294384362
Central and E. Europe,1998 Q1,119.05731837250549,0.059014755345004444
Emerging Asia,1998 Q1,1394.9985393657996,0.01977657651330511
Latin America,1998 Q1,541.81669309015615,0.0345044108138588
ME/Africa,1998 Q1,147.9863578309942,0.0037381622687930882
North America,1998 Q1,4449.02085082406,0.012693088969527588
W. Europe,1998 Q1,5927.510538069503,-0.0587374424280962
Asia Pacific,1998 Q2,7307.327441688821,-0.04468544208500391
Central and E. Europe,1998 Q2,117.3558588004043,-0.014291096048188123
Emerging Asia,1998 Q2,1374.6076645132512,-0.014617129894500591
Latin America,1998 Q2,558.8003306264235,0.031345725875303154
ME/Africa,1998 Q2,141.7634869586133,-0.042050300876298574
North America,1998 Q2,4516.058785483945,0.015068019887447326
W. Europe,1998 Q2,6161.534932790677,0.03948105924369938
Asia Pacific,1998 Q3,7618.158234846458,0.04253686394075151
Central and E. Europe,1998 Q3,117.38366155320259,2.36909797963758e-4
Emerging Asia,1998 Q3,1422.3804448756675,0.03475375672325587
Latin America,1998 Q3,520.8927139868691,-0.06783749858748178
ME/Africa,1998 Q3,141.20735928201185,-0.00392292605474498
North America,1998 Q3,4571.58005050505,0.01229418562919693
W. Europe,1998 Q3,6480.7268402373975,0.05180395971595231
Asia Pacific,1998 Q4,8906.153428484788,0.16906910488507187
Central and E. Europe,1998 Q4,117.20746489520315,-0.001501032219203502
Emerging Asia,1998 Q4,1493.3921176359618,0.04992452829067218
Latin America,1998 Q4,385.98385149195326,-0.25899548769330016
ME/Africa,1998 Q4,145.5231809767772,0.030563716485527026
North America,1998 Q4,4682.733126589708,0.0243139297259769
W. Europe,1998 Q4,6641.983671263233,0.024882522439401145
Asia Pacific,1999 Q1,8436.299034235873,-0.0527561531498173
Central and E. Europe,1999 Q1,103.0983239079796,-0.12037749472560233
Emerging Asia,1999 Q1,1465.6911715621254,-0.018549010502135865
Latin America,1999 Q1,352.7026754258533,-0.0862242706202796
ME/Africa,1999 Q1,145.4514175475618,-4.931408778569013e-4
North America,1999 Q1,4717.888430657741,0.007507432757252852
W. Europe,1999 Q1,6823.244253246697,0.02729012761167926
Asia Pacific,1999 Q2,8281.013562151282,-0.018406824065199445
Central and E. Europe,1999 Q2,100.3204970020484,-0.026943472993901985
Emerging Asia,1999 Q2,1481.1791636171336,0.010567022818661842
Latin America,1999 Q2,306.9196316110047,-0.12980634116134815
ME/Africa,1999 Q2,152.75938414034027,0.050243350776480566
North America,1999 Q2,4789.685445431761,0.015218039983198706
W. Europe,1999 Q2,7022.8015755653705,0.029246691883222375
Asia Pacific,1999 Q3,9235.405754713136,0.11525064962143561
Central and E. Europe,1999 Q3,105.25637594373192,0.04920110136199529
Emerging Asia,1999 Q3,1465.0766862059127,-0.0108713907181206
Latin America,1999 Q3,294.5240564945074,-0.040387038950338794
ME/Africa,1999 Q3,155.4982221481763,0.01792909825637845
North America,1999 Q3,4926.808908273136,0.02862890776515581
W. Europe,1999 Q3,7376.4077585503865,0.050351156754211646
Asia Pacific,1999 Q4,9757.462870048503,0.05652779414363507
Central and E. Europe,1999 Q4,91.59567464501991,-0.12978502419667926
Emerging Asia,1999 Q4,1494.5619386634808,0.020125398714742726
Latin America,1999 Q4,264.4166305206882,-0.1022239960027872
ME/Africa,1999 Q4,160.701967698526,0.0334649842195045
North America,1999 Q4,5102.359067414952,0.03563161519153524
W. Europe,1999 Q4,7554.388982243488,0.024128441582800697
Asia Pacific,2000 Q1,9220.189130921486,-0.055062852534774276
Central and E. Europe,2000 Q1,101.17356620548821,0.10456707260018039
Emerging Asia,2000 Q1,1510.037418347078,0.010354525485532173
Latin America,2000 Q1,265.6467167029207,0.004652075702689995
ME/Africa,2000 Q1,166.29896546879496,0.034828433344194165
North America,2000 Q1,5238.51884779909,0.026685652378659608
W. Europe,2000 Q1,7845.665749571176,0.03855729007499242
Asia Pacific,2000 Q2,8988.236449807806,-0.025157041555230908
Central and E. Europe,2000 Q2,109.82230458779382,0.08548417048717671
Emerging Asia,2000 Q2,1489.2155583189342,-0.013788969581254418
Latin America,2000 Q2,260.4965831098637,-0.019387153197216067
ME/Africa,2000 Q2,166.40339101689932,6.279386513921015e-4
North America,2000 Q2,5384.51969201675,0.027870634517044968
W. Europe,2000 Q2,8042.335619999804,0.025067327197743294
Asia Pacific,2000 Q3,8783.718118673336,-0.022753999883797338
Central and E. Europe,2000 Q3,113.19063043024212,0.030670689848395938
Emerging Asia,2000 Q3,1509.9694352597198,0.013936113428880015
Latin America,2000 Q3,217.2970035876727,-0.16583549391114938
ME/Africa,2000 Q3,169.4592140704147,0.01836394700156707
North America,2000 Q3,5483.738613235783,0.01842669855328749
W. Europe,2000 Q3,8352.941610365044,0.038621366359396836
Asia Pacific,2000 Q4,8177.598900976924,-0.06900485756798835
Central and E. Europe,2000 Q4,111.75839896406714,-0.012653268744338808
Emerging Asia,2000 Q4,1572.5982319665577,0.04147686386517191
Latin America,2000 Q4,225.22547759319374,0.03648680780046809
ME/Africa,2000 Q4,172.05914072587262,0.01534249211363381
North America,2000 Q4,5566.598006002001,0.015110018658844426
W. Europe,2000 Q4,8666.471114250413,0.037535220346364584
Asia Pacific,2001 Q1,7463.853341421208,-0.0872805781010425
Central and E. Europe,2001 Q1,106.28024694350583,-0.04901781048530107
Emerging Asia,2001 Q1,1547.4622897856573,-0.015983702429493096
Latin America,2001 Q1,236.213474593616,0.048786652015758936
ME/Africa,2001 Q1,172.07120187456073,7.00988545985215e-5
North America,2001 Q1,5570.1793884412855,6.433700503292172e-4
W. Europe,2001 Q1,8766.794959394296,0.011576089485709984
Asia Pacific,2001 Q2,7409.3789582576355,-0.007298426251392542
Central and E. Europe,2001 Q2,108.3765399402896,0.019724201411557507
Emerging Asia,2001 Q2,1593.624833741864,0.029831126910757177
Latin America,2001 Q2,228.51118064743628,-0.03260734367262852
ME/Africa,2001 Q2,178.33011967065949,0.036373999413693126
North America,2001 Q2,5625.630488771467,0.009954993630052256
W. Europe,2001 Q2,8936.221768117703,0.019325969126476883
Asia Pacific,2001 Q3,7711.507032329652,0.04077643696916056
Central and E. Europe,2001 Q3,102.70084128743814,-0.052370177678476404
Emerging Asia,2001 Q3,1631.170687398478,0.02356003298998277
Latin America,2001 Q3,218.9947714515717,-0.04164526728583662
ME/Africa,2001 Q3,172.57485606844568,-0.03227308775905402
North America,2001 Q3,5652.154133671207,0.004714786183109609
W. Europe,2001 Q3,9337.821332720889,0.04494064438239409
Asia Pacific,2001 Q4,7101.249676621545,-0.0791359397261352
Central and E. Europe,2001 Q4,105.227637572932,0.024603462384712893
Emerging Asia,2001 Q4,1671.9572716272576,0.02500448576220382
Latin America,2001 Q4,227.38857842455354,0.0383288008080962
ME/Africa,2001 Q4,159.74717266973403,-0.0743311261614149
North America,2001 Q4,6107.564873179307,0.08057295125678032
W. Europe,2001 Q4,9758.378434060603,0.04503803257254768
Asia Pacific,2002 Q1,7139.750538667196,0.00542170234802497
Central and E. Europe,2002 Q1,132.13368429323478,0.25569372591544237
Emerging Asia,2002 Q1,1836.882951889989,0.09864228175054679
Latin America,2002 Q1,193.9870723165187,-0.1468917495304951
ME/Africa,2002 Q1,163.84699170543917,0.025664423145574045
North America,2002 Q1,6071.429289298709,-0.0059165288672223815
W. Europe,2002 Q1,10068.93257726203,0.03182435947733597
Asia Pacific,2002 Q2,7783.915090234001,0.09022227710592423
Central and E. Europe,2002 Q2,147.33985266905464,0.11508169515711009
Emerging Asia,2002 Q2,1890.3982037622686,0.02913372995117469
Latin America,2002 Q2,170.08432455847634,-0.12321825095149364
ME/Africa,2002 Q2,162.76483362375234,-0.006604686911996005
North America,2002 Q2,6118.962634876666,0.00782902069892133
W. Europe,2002 Q2,10673.724951393539,0.060065192560457614
Asia Pacific,2002 Q3,7567.102380184457,-0.027853940791513154
Central and E. Europe,2002 Q3,126.85133518894196,-0.1390561827568314
Emerging Asia,2002 Q3,1945.4492560936478,0.02912140533238805
Latin America,2002 Q3,178.41389404207615,0.04897317554232372
ME/Africa,2002 Q3,159.4498149123798,-0.020366922249529407
North America,2002 Q3,6243.919644027218,0.020421273442384758
W. Europe,2002 Q3,10674.546240661086,7.694495326493467e-5
Asia Pacific,2002 Q4,7732.758540772149,0.021891624067554183
Central and E. Europe,2002 Q4,135.18647283834886,0.06570792208841891
Emerging Asia,2002 Q4,2026.6176429985644,0.04172218147077156
Latin America,2002 Q4,188.4423131836344,0.056208734165026586
ME/Africa,2002 Q4,177.0196831851941,0.11019058430685069
North America,2002 Q4,6353.460038666329,0.017543530487919456
W. Europe,2002 Q4,11509.972816985397,0.07826342754898885
Asia Pacific,2003 Q1,7508.604991404062,-0.028987527308166006
Central and E. Europe,2003 Q1,142.8606374501693,0.05676725230487323
Emerging Asia,2003 Q1,2144.9475376500054,0.05838787353906638
Latin America,2003 Q1,157.04414507835514,-0.16661952177737382
ME/Africa,2003 Q1,194.32818794979858,0.09777728924357354
North America,2003 Q1,6510.582444474725,0.024730210759518423
W. Europe,2003 Q1,11946.750160881382,0.037947730271910673
Asia Pacific,2003 Q2,7472.927168818576,-0.004751591357692986
Central and E. Europe,2003 Q2,155.66623717363268,0.08963700535026708
Emerging Asia,2003 Q2,2276.34757362387,0.0612602563314093
Latin America,2003 Q2,163.2613035037213,0.039588603715625226
ME/Africa,2003 Q2,205.62245531507352,0.0581195527238314
North America,2003 Q2,6705.573021150278,0.029949789951747574
W. Europe,2003 Q2,12739.654489040178,0.06636987611535505
Asia Pacific,2003 Q3,7811.847898825184,0.045353142396567625
Central and E. Europe,2003 Q3,176.2181165066482,0.13202528503397692
Emerging Asia,2003 Q3,2390.23885141508,0.05003246389561622
Latin America,2003 Q3,143.31443271292062,-0.12217757890402992
ME/Africa,2003 Q3,215.98991367771754,0.050419874360307926
North America,2003 Q3,6783.4347803541,0.011611499711991158
W. Europe,2003 Q3,13136.16943053631,0.031124465882277352
Asia Pacific,2003 Q4,8050.396912793996,0.030536822664543717
Central and E. Europe,2003 Q4,196.10833044688255,0.11287269626153318
Emerging Asia,2003 Q4,2471.9906043265114,0.03420233624896207
Latin America,2003 Q4,148.48648224627644,0.036088825357290855
ME/Africa,2003 Q4,226.54350947481393,0.04886152143587408
North America,2003 Q4,6946.321432317778,0.024012415131553055
W. Europe,2003 Q4,14497.797973838082,0.10365491633630519
Asia Pacific,2004 Q1,8141.648617883266,0.011335056653448916
Central and E. Europe,2004 Q1,235.23790660810891,0.1995304129715434
Emerging Asia,2004 Q1,2560.6497650669044,0.03586549260552219
Latin America,2004 Q1,145.48209748478314,-0.020233389033422533
ME/Africa,2004 Q1,231.46906747064156,0.02174221635060891
North America,2004 Q1,7025.150494928697,0.011348317721688872
W. Europe,2004 Q1,14423.424316338282,-0.005129996819793647
Asia Pacific,2004 Q2,7565.231886976438,-0.07079852717307389
Central and E. Europe,2004 Q2,267.2418668452511,0.1360493327738148
Emerging Asia,2004 Q2,2577.654950720151,0.006640965072707727
Latin America,2004 Q2,159.78898916906618,0.0983412525089522
ME/Africa,2004 Q2,234.91842086122296,0.014902005819930508
North America,2004 Q2,7207.149694107062,0.025906804318248433
W. Europe,2004 Q2,14593.675602469582,0.011803804866119538
Asia Pacific,2004 Q3,7528.981112102372,-0.004791759911083604
Central and E. Europe,2004 Q3,291.7350625283304,0.09165179083733288
Emerging Asia,2004 Q3,2626.805374348638,0.019067883238117256
Latin America,2004 Q3,165.22800642180567,0.03403874873371082
ME/Africa,2004 Q3,240.2309416348602,0.02261432183206935
North America,2004 Q3,7423.792800412176,0.03005947087268801
W. Europe,2004 Q3,14953.39203039858,0.024648788812883016
Asia Pacific,2004 Q4,8086.067567156246,0.07399227687772947
Central and E. Europe,2004 Q4,355.7509894369666,0.21943172121252874
Emerging Asia,2004 Q4,2652.8726684691183,0.009923572707378092
Latin America,2004 Q4,183.5832920970738,0.11109064421203185
ME/Africa,2004 Q4,274.67077689308684,0.14336136312770886
North America,2004 Q4,7734.819739600665,0.04189596174764221
W. Europe,2004 Q4,16799.738711537488,0.12347343515006437
Asia Pacific,2005 Q1,7921.86327837793,-0.02030706365171564
Central and E. Europe,2005 Q1,361.9733469396632,0.017490766540226632
Emerging Asia,2005 Q1,2799.721135917425,0.05535451029884819
Latin America,2005 Q1,189.85485567308433,0.0341619518005718
ME/Africa,2005 Q1,274.95215640310414,0.0010244246337383078
North America,2005 Q1,7862.453133267196,0.016501146499003028
W. Europe,2005 Q1,16295.32730064422,-0.030024955718320534
Asia Pacific,2005 Q2,7616.954724779502,-0.038489499614396405
Central and E. Europe,2005 Q2,388.26802269378436,0.07264257431225785
Emerging Asia,2005 Q2,2816.8302821462116,0.006111017990075851
Latin America,2005 Q2,206.24180286641564,0.08631302652352701
ME/Africa,2005 Q2,266.6972524645017,-0.030023055816663757
North America,2005 Q2,8143.13855067733,0.035699470973316716
W. Europe,2005 Q2,15825.784030346796,-0.02881459584299728
Asia Pacific,2005 Q3,7596.5471205139775,-0.0026792340250013646
Central and E. Europe,2005 Q3,422.0955372763816,0.08712413231433169
Emerging Asia,2005 Q3,2934.0994618386317,0.04163160998222071
Latin America,2005 Q3,213.2453048228377,0.0339577227268435
ME/Africa,2005 Q3,283.7507279212186,0.06394319888611077
North America,2005 Q3,8447.02259052206,0.037317802951965406
W. Europe,2005 Q3,16069.730223612285,0.015414477589085651
Asia Pacific,2005 Q4,7500.730072228214,-0.012613236877977774
Central and E. Europe,2005 Q4,455.5169020520076,0.07917962125655498
Emerging Asia,2005 Q4,2975.258300572968,0.014027758523408984
Latin America,2005 Q4,234.85218399780314,0.10132405584693283
ME/Africa,2005 Q4,295.67626083161076,0.042028201998844716
North America,2005 Q4,8606.17559071367,0.018841313431573914
W. Europe,2005 Q4,16073.52188864163,2.3595075813864774e-4
Asia Pacific,2006 Q1,7556.914604060848,0.007490541759482827
Central and E. Europe,2006 Q1,529.5749629827969,0.16258027001231645
Emerging Asia,2006 Q1,3147.6947886720313,0.057956812712985695
Latin America,2006 Q1,251.09354516904423,0.06915567441090098
ME/Africa,2006 Q1,310.5644769531194,0.050353099297300696
North America,2006 Q1,8788.702990582191,0.02120888633337592
W. Europe,2006 Q1,17091.433563802726,0.063328477866472
Asia Pacific,2006 Q2,7624.247160216774,0.008910059155590178
Central and E. Europe,2006 Q2,610.2618841640453,0.15236166137232865
Emerging Asia,2006 Q2,3288.215440376667,0.0446424005943471
Latin America,2006 Q2,275.9944788020661,0.09916994726510309
ME/Africa,2006 Q2,299.0728728372718,-0.0370023134280818
North America,2006 Q2,9098.364942662605,0.035234089991690754
W. Europe,2006 Q2,18551.55034261156,0.0854297431141855
Asia Pacific,2006 Q3,7605.156083833662,-0.0025039949495249125
Central and E. Europe,2006 Q3,675.6905382925975,0.10721405977726794
Emerging Asia,2006 Q3,3378.0052007334084,0.027306532064229838
Latin America,2006 Q3,299.5643363194918,0.08539974284894747
ME/Africa,2006 Q3,302.7965487464039,0.012450731067000564
North America,2006 Q3,9303.967850943902,0.02259778647888866
W. Europe,2006 Q3,19045.081607706274,0.02660323563153133
Asia Pacific,2006 Q4,7716.089472913205,0.014586602543944505
Central and E. Europe,2006 Q4,765.3266505460786,0.132658528088883
Emerging Asia,2006 Q4,3508.290565576768,0.038568728317846634
Latin America,2006 Q4,347.03893131622885,0.15847879483926408
ME/Africa,2006 Q4,338.5885390608953,0.11820474989781893
North America,2006 Q4,9476.235122704651,0.018515462920830394
W. Europe,2006 Q4,20729.467864241295,0.08844206032981572
Asia Pacific,2007 Q1,7937.0261634129665,0.028633246319310413
Central and E. Europe,2007 Q1,839.826833563391,0.09734429470626016
Emerging Asia,2007 Q1,3745.06685415739,0.06749050118706323
Latin America,2007 Q1,396.2234566983142,0.14172624724131433
ME/Africa,2007 Q1,337.3748861644075,-0.00358444765984689
North America,2007 Q1,9417.01515849645,-0.006249313513371213
W. Europe,2007 Q1,21754.346409022408,0.04944065865525893
Asia Pacific,2007 Q2,7799.71259611631,-0.01730037982356991
Central and E. Europe,2007 Q2,958.3468295660674,0.14112432618971615
Emerging Asia,2007 Q2,3996.929921678837,0.06725195499296754
Latin America,2007 Q2,424.0794758452732,0.07030381133686547
ME/Africa,2007 Q2,355.82433487446406,0.05468530547666761
North America,2007 Q2,9786.454958700957,0.03923109329086949
W. Europe,2007 Q2,22976.596780693555,0.05618419182496015
Asia Pacific,2007 Q3,8313.102448500049,0.06582163715101119
Central and E. Europe,2007 Q3,1112.5782576405095,0.16093487588859334
Emerging Asia,2007 Q3,4192.467929528835,0.048922050594238486
Latin America,2007 Q3,529.1618502608794,0.24778934233060101
ME/Africa,2007 Q3,383.7040526918566,0.07835247644663923
North America,2007 Q3,10201.704766787287,0.042431075383138506
W. Europe,2007 Q3,24707.425927661774,0.07533009189692419
Asia Pacific,2007 Q4,8522.312871444421,0.025166347250071608
Central and E. Europe,2007 Q4,1242.9613022523674,0.11718999874073277
Emerging Asia,2007 Q4,4373.069812040208,0.0430777016180226
Latin America,2007 Q4,596.3060816314047,0.1268878913652276
ME/Africa,2007 Q4,407.8440438600653,0.06291304717491464
North America,2007 Q4,10465.074800766679,0.02581627678903442
W. Europe,2007 Q4,26136.568439109447,0.057842630617689794
Asia Pacific,2008 Q1,9140.701848487375,0.07256116812080204
Central and E. Europe,2008 Q1,1437.80726332058,0.1567594749049166
Emerging Asia,2008 Q1,4762.79620874105,0.08911963756622931
Latin America,2008 Q1,710.3719692234783,0.19128747987947126
ME/Africa,2008 Q1,393.95754610755125,-0.03404854860962159
North America,2008 Q1,10677.965150511447,0.020342936271145584
W. Europe,2008 Q1,28675.34387593772,0.09713499470073428
Asia Pacific,2008 Q2,8849.025338913994,-0.0319096404639484
Central and E. Europe,2008 Q2,1617.7902567642602,0.12517880388781322
Emerging Asia,2008 Q2,5025.278310618272,0.055110924417781204
Latin America,2008 Q2,796.5526854087716,0.121317732003839
ME/Africa,2008 Q2,424.32538783914003,0.07708404631827581
North America,2008 Q2,10663.324383642248,-0.0013711195590948577
W. Europe,2008 Q2,29209.845405821376,0.018639760073885903
Asia Pacific,2008 Q3,8556.484980396044,-0.03305904857470465
Central and E. Europe,2008 Q3,1615.8889560064742,-0.0011752455238472903
Emerging Asia,2008 Q3,5203.9893762256725,0.03556242153390565
Latin America,2008 Q3,789.6683852830836,-0.008642617433591515
ME/Africa,2008 Q3,413.3675779922917,-0.025824073130883307
North America,2008 Q3,10634.47290640857,-0.0027056737838658806
W. Europe,2008 Q3,26966.63600092781,-0.07679634635952248
Asia Pacific,2008 Q4,8958.400241961648,0.04697200573441562
Central and E. Europe,2008 Q4,1434.4533138892,-0.11228224652619467
Emerging Asia,2008 Q4,5248.402227574793,0.008534385475885031
Latin America,2008 Q4,681.8163058896951,-0.1365789506119398
ME/Africa,2008 Q4,374.23684496175895,-0.09466328544824198
North America,2008 Q4,10596.668679802957,-0.003554875445009653
W. Europe,2008 Q4,26081.056359995822,-0.03283982625424686
Asia Pacific,2009 Q1,8158.434775688707,-0.08929780370002427
Central and E. Europe,2009 Q1,1284.5757007779507,-0.10448413458984562
Emerging Asia,2009 Q1,5888.864219967221,0.12202989874279813
Latin America,2009 Q1,688.3985633724182,0.009654004202985345
ME/Africa,2009 Q1,357.58347628632913,-0.044499543269534314
North America,2009 Q1,9379.364000000001,-0.11487616689602786
W. Europe,2009 Q1,24946.744044507013,-0.043491808760808603
Asia Pacific,2009 Q2,8431.596110470779,0.033482076193838584
Central and E. Europe,2009 Q2,1385.3653474431885,0.07846143018601293
Emerging Asia,2009 Q2,6364.845700749057,0.08082738249727983
Latin America,2009 Q2,759.7157127637706,0.10359863193492824
ME/Africa,2009 Q2,412.0582867904875,0.1523415205587928
North America,2009 Q2,9290.7,-0.009453092981571154
W. Europe,2009 Q2,26549.550563340144,0.06424912669860228
Asia Pacific,2009 Q3,8952.060435921514,0.06172785302232353
Central and E. Europe,2009 Q3,1290.0591394881023,-0.06879499918991194
Emerging Asia,2009 Q3,6612.478095279244,0.03890626830137367
Latin America,2009 Q3,849.7060774747658,0.1184526832854611
ME/Africa,2009 Q3,423.9572371598374,0.028876862208088383
North America,2009 Q3,9140.335,-0.016184464033926593
W. Europe,2009 Q3,27066.144766609876,0.01945773816537022
Asia Pacific,2009 Q4,8758.613780633163,-0.021609176644084904
Central and E. Europe,2009 Q4,1238.7729874083425,-0.03975488449321041
Emerging Asia,2009 Q4,6837.770426489107,0.03407078677065156
Latin America,2009 Q4,929.1856774685594,0.09353775629097338
ME/Africa,2009 Q4,421.8204961475543,-0.005039991831717439
North America,2009 Q4,9004.470000000001,-0.01486433484111882
W. Europe,2009 Q4,26726.82811988949,-0.01253657104276562
Asia Pacific,2010 Q1,8583.684435676487,-0.01997226380086259
Central and E. Europe,2010 Q1,1247.009069623447,0.0066485807317573364
Emerging Asia,2010 Q1,7333.920451440461,0.07256020515536732
Latin America,2010 Q1,1011.2817965733511,0.0883527599440097
ME/Africa,2010 Q1,433.2233154157702,0.02703239736417906
North America,2010 Q1,9290.050000000001,0.03171535914940016
W. Europe,2010 Q1,25493.654876084052,-0.04613990250821198
Asia Pacific,2010 Q2,8586.24612532581,2.984370719263385e-4
Central and E. Europe,2010 Q2,1237.595146401274,-0.007549201887533719
Emerging Asia,2010 Q2,7743.2187579024985,0.055808937276057735
Latin America,2010 Q2,1078.7654712694516,0.06673083103519084
ME/Africa,2010 Q2,427.5382761752692,-0.013122653001824247
North America,2010 Q2,9175.889,-0.012288523743144708
W. Europe,2010 Q2,24242.39313354449,-0.04908130076372019
Asia Pacific,2010 Q3,9296.203334052523,0.08268540155547588
Central and E. Europe,2010 Q3,1400.1797216059917,0.13137137429593793
Emerging Asia,2010 Q3,8146.138393735871,0.05203516114305384
Latin America,2010 Q3,1283.1523525303842,0.18946368483635045
ME/Africa,2010 Q3,470.1105848892795,0.0995754323913629
North America,2010 Q3,9170.306,-6.084424081415074e-4
W. Europe,2010 Q3,26843.751389633053,0.10730616576335583
Asia Pacific,2010 Q4,9360.663559513969,0.006934037815774063
Central and E. Europe,2010 Q4,1425.8322094416735,0.01832085370173675
Emerging Asia,2010 Q4,8534.240505091922,0.047642464760295544
Latin America,2010 Q4,1375.1930440183307,0.07173013501198189
ME/Africa,2010 Q4,497.57802274770756,0.05842760988863338
North America,2010 Q4,9134.059000000001,-0.003952648908335132
W. Europe,2010 Q4,27215.609335393,0.013852681779177756
Asia Pacific,2011 Q1,9258.6766847433355,-0.010895261230383202
Central and E. Europe,2011 Q1,1568.73342789538,0.10022302589844245
Emerging Asia,2011 Q1,9058.354138773439,0.06141303767673367
Latin America,2011 Q1,1541.0205067379172,0.12058486147881942
ME/Africa,2011 Q1,496.6161835984336,-0.001933041865399332
North America,2011 Q1,9057.545,-0.008376779698926917
W. Europe,2011 Q1,28578.326173769387,0.05007114930196388
Asia Pacific,2011 Q2,9554.710506472846,0.03197366446733385
Central and E. Europe,2011 Q2,1700.40228622789,0.08393322663440506
Emerging Asia,2011 Q2,9570.857186943012,0.05657794344514011
Latin America,2011 Q2,1635.949985390025,0.06160169721106268
ME/Africa,2011 Q2,507.49608560143866,0.021908069777690997
North America,2011 Q2,9082.887999999999,0.0027979987954791508
W. Europe,2011 Q2,29140.289902610548,0.019663983307635302
Asia Pacific,2011 Q3,9491.466479847979,-0.006619146292503819
Central and E. Europe,2011 Q3,1630.8046992675174,-0.04093007138608673
Emerging Asia,2011 Q3,9944.120831374914,0.03900002237428901
Latin America,2011 Q3,1525.766146649718,-0.06735159370659993
ME/Africa,2011 Q3,451.3170264139284,-0.11069850740017417
North America,2011 Q3,9087.864,5.478433731651577e-4
W. Europe,2011 Q3,28572.479277253136,-0.019485414429818104
Asia Pacific,2011 Q4,9341.632793986933,-0.015786147080555812
Central and E. Europe,2011 Q4,1614.5461462781427,-0.00996965056372312
Emerging Asia,2011 Q4,10462.011506460756,0.052080086703274464
Latin America,2011 Q4,1594.470211069818,0.04502922323382297
ME/Africa,2011 Q4,450.6188406546544,-0.0015469962762575395
North America,2011 Q4,9488.062,0.04403653047624845
W. Europe,2011 Q4,27302.665241364797,-0.04444185691996472
Asia Pacific,2012 Q1,9075.483388952243,-0.028490672980210352
Central and E. Europe,2012 Q1,1752.116086221109,0.08520657044092106
Emerging Asia,2012 Q1,11074.538334926166,0.05854771122046154
Latin America,2012 Q1,1729.9951516141057,0.08499684697988585
ME/Africa,2012 Q1,482.46404578328696,0.07066993710775216
North America,2012 Q1,9465.217,-0.0024077625125130675
W. Europe,2012 Q1,27927.175368640317,0.022873595737069596
Asia Pacific,2012 Q2,9280.152214456775,0.022551837376913575
Central and E. Europe,2012 Q2,1704.9185418765817,-0.02693745278391979
Emerging Asia,2012 Q2,11457.2051162414,0.0345537456950602
Latin America,2012 Q2,1616.299500437898,-0.06572021376483539
ME/Africa,2012 Q2,459.7842212421419,-0.04700832059790916
North America,2012 Q2,9550.012999999999,0.008958695822821383
W. Europe,2012 Q2,26624.277476026142,-0.046653407493448484
Asia Pacific,2012 Q3,9733.836702031023,0.04888761273414155
Central and E. Europe,2012 Q3,1879.7831720514691,0.10256480053435069
Emerging Asia,2012 Q3,11814.855716191785,0.03121621689773102
Latin America,2012 Q3,1789.9571970404077,0.10744153330212702
ME/Africa,2012 Q3,463.1350450791193,0.007287818246404676
North America,2012 Q3,9710.929,0.016849819995009563
W. Europe,2012 Q3,27359.19867453353,0.02760342319783704
Asia Pacific,2012 Q4,9378.107174660714,-0.036545664187697335
Central and E. Europe,2012 Q4,1947.566859675512,0.03605931185673317
Emerging Asia,2012 Q4,12334.753693393675,0.04400375169113491
Latin America,2012 Q4,1855.54509542187,0.03664216020914246
ME/Africa,2012 Q4,474.10363121423376,0.023683343015514335
North America,2012 Q4,9842.453000000001,0.013543915314384591
W. Europe,2012 Q4,27277.07006552775,-0.0030018645641923802
Asia Pacific,2013 Q1,9257.696515599586,-0.012839548196513784
Central and E. Europe,2013 Q1,1955.4642820744994,0.004055019913566937
Emerging Asia,2013 Q1,13089.53559018991,0.061191485096332654
Latin America,2013 Q1,1974.1612145963625,0.06392521500401704
ME/Africa,2013 Q1,466.63640162272,-0.015750205440083542
North America,2013 Q1,9735.286,-0.010888240970010399
W. Europe,2013 Q1,26217.198189005776,-0.038855781576827786
Asia Pacific,2013 Q2,8938.87766997867,-0.03443824768760706
Central and E. Europe,2013 Q2,1999.343702355076,0.022439387250799747
Emerging Asia,2013 Q2,13694.854349043044,0.0462444793921335
Latin America,2013 Q2,1883.7078404986187,-0.04581863600042302
ME/Africa,2013 Q2,451.14159901093717,-0.03320530193936844
North America,2013 Q2,9787.128999999999,0.0053252672802832635
W. Europe,2013 Q2,26122.98929276648,-0.003593400620467646
Asia Pacific,2013 Q3,9236.978336506472,0.033348780186239324
Central and E. Europe,2013 Q3,2122.558109269505,0.06162742642462726
Emerging Asia,2013 Q3,14209.014306905658,0.03754402527826395
Latin America,2013 Q3,1978.0926243478016,0.05010585071631879
ME/Africa,2013 Q3,459.68883389539127,0.018945791971284986
North America,2013 Q3,9910.266,0.012581524163010505
W. Europe,2013 Q3,26607.492696870686,0.018547012314489075
Asia Pacific,2013 Q4,9028.35727356987,-0.0225854229961856
Central and E. Europe,2013 Q4,2089.4421714362106,-0.01560189927836253
Emerging Asia,2013 Q4,14651.998540774932,0.031176281781487125
Latin America,2013 Q4,1946.0117319443639,-0.016218094142085526
ME/Africa,2013 Q4,462.70759938086087,0.0065669758821171875
North America,2013 Q4,9974.936,0.006525556428051527
W. Europe,2013 Q4,26598.776079062667,-3.2760012028654195e-4
Asia Pacific,2014 Q1,9301.931973524908,0.030301713995736
Central and E. Europe,2014 Q1,2057.2567866311597,-0.015403816982849428
Emerging Asia,2014 Q1,15340.653713543556,0.0470007672231314
Latin America,2014 Q1,2081.936984848901,0.06984811585320028
ME/Africa,2014 Q1,467.57828262386556,0.01052648205804707
North America,2014 Q1,9954.044,-0.002094449528297737
W. Europe,2014 Q1,26422.290603325786,-0.006635097615480201
Asia Pacific,2014 Q2,9660.821164699424,0.03858222057482075
Central and E. Europe,2014 Q2,2232.5793584353864,0.08522153041056413
Emerging Asia,2014 Q2,16067.822805525797,0.04740144100510246
Latin America,2014 Q2,2169.4549156076328,0.042036781802540224
ME/Africa,2014 Q2,475.72499446344517,0.017423204075825538
North America,2014 Q2,10194.029,0.02410929668384032
W. Europe,2014 Q2,26369.63055641473,-0.0019930159614710563
Asia Pacific,2014 Q3,9264.463146543963,-0.0410273631400766
Central and E. Europe,2014 Q3,2041.0121985232695,-0.08580530819131515
Emerging Asia,2014 Q3,16267.081187905833,0.012401081639480838
Latin America,2014 Q3,2053.945054395543,-0.05324372513163611
ME/Africa,2014 Q3,453.8947237720819,-0.045888424920756954
North America,2014 Q3,10242.666,0.00477112631325638
W. Europe,2014 Q3,24655.31935758835,-0.0650108159520405
Asia Pacific,2014 Q4,8890.785118739945,-0.040334558181432945
Central and E. Europe,2014 Q4,1826.4892410633574,-0.10510616135225725
Emerging Asia,2014 Q4,16892.884404818033,0.03847052889718583
Latin America,2014 Q4,1970.5945515538758,-0.040580687717664654
ME/Africa,2014 Q4,441.9772525839456,-0.026256024941414657
North America,2014 Q4,10364.91,0.011934783385497472
W. Europe,2014 Q4,23974.655546468057,-0.027607178850465708
Asia Pacific,2015 Q1,8979.170674695672,0.009941254318409865
Central and E. Europe,2015 Q1,1734.3075829475688,-0.050469313502291224
Emerging Asia,2015 Q1,17758.005883593658,0.05121218248133408
Latin America,2015 Q1,1758.0763758647813,-0.10784469870857871
ME/Africa,2015 Q1,434.8210737278954,-0.01619128318078089
North America,2015 Q1,10303.128999999999,-0.005960592036013956
W. Europe,2015 Q1,22283.9381867747,-0.07052102819230843
Asia Pacific,2015 Q2,8921.50664771202,-0.006421976936706986
Central and E. Europe,2015 Q2,1791.7936415859217,0.03314640332751795
Emerging Asia,2015 Q2,18653.887167999907,0.05044943054298345
Latin America,2015 Q2,1777.9747676339805,0.011318274929558392
ME/Africa,2015 Q2,448.01556662537007,0.03034464908600909
North America,2015 Q2,10550.331,0.023992905456196922
W. Europe,2015 Q2,22460.0781812803,0.007904347652971655
Asia Pacific,2015 Q3,8943.976207087893,0.002518583493028803
Central and E. Europe,2015 Q3,1684.3975083343219,-0.059937780087523485
Emerging Asia,2015 Q3,18318.014215264622,-0.01800552076413664
Latin America,2015 Q3,1479.828180416443,-0.16768887424330137
ME/Africa,2015 Q3,417.155514295515,-0.06888165195308982
North America,2015 Q3,10591.569,0.003908692532964109
W. Europe,2015 Q3,22272.788507517966,-0.00833878102518959
Asia Pacific,2015 Q4,9341.396631548074,0.04443442326526248
Central and E. Europe,2015 Q4,1610.3378703587564,-0.04396802869223071
Emerging Asia,2015 Q4,18597.287499837275,0.015245827483850949
Latin America,2015 Q4,1548.5104325735997,0.04641231533908785
ME/Africa,2015 Q4,402.44990914462346,-0.03525209339669433
North America,2015 Q4,10767.671999999999,0.016626715078757348
W. Europe,2015 Q4,21507.954753935952,-0.03433938024077454
Asia Pacific,2016 Q1,9979.92742417963,0.06835495995053775
Central and E. Europe,2016 Q1,1695.1948738005972,0.05269515485153198
Emerging Asia,2016 Q1,19951.48569149223,0.07281697353266203
Latin America,2016 Q1,1609.4950120748736,0.03938273725409691
ME/Africa,2016 Q1,426.12067556329634,0.058816677258005434
North America,2016 Q1,11001.202000000001,0.02168806776432297
W. Europe,2016 Q1,22622.653186374024,0.051827263223811704
Asia Pacific,2016 Q2,10402.329331564863,0.042325148213185004
Central and E. Europe,2016 Q2,1726.3092453188567,0.018354451160238483
Emerging Asia,2016 Q2,19768.565684865353,-0.009168239872225703
Latin America,2016 Q2,1694.761900772573,0.05297741717619742
ME/Africa,2016 Q2,419.8167238908033,-0.014793817887760907
North America,2016 Q2,11202.776,0.01832290689690086
W. Europe,2016 Q2,22200.537857472973,-0.018658966542231092
Asia Pacific,2016 Q3,11021.784826411738,0.059549690756972806
Central and E. Europe,2016 Q3,1772.3303656013418,0.026658676831673223
Emerging Asia,2016 Q3,19929.147237789235,0.008123075567734395
Latin America,2016 Q3,1662.7357201749737,-0.018897156339778398
ME/Africa,2016 Q3,442.1286810742579,0.05314689938187889
North America,2016 Q3,11265.742,0.0056205711869987685
W. Europe,2016 Q3,22096.33715151746,-0.00469361177753802
Asia Pacific,2016 Q4,10156.338982059295,-0.07852138814020004
Central and E. Europe,2016 Q4,1703.0780801205315,-0.03907414036621404
Emerging Asia,2016 Q4,19577.08358952486,-0.01766576582849466
Latin America,2016 Q4,1597.0359728730243,-0.03951304257482102
ME/Africa,2016 Q4,441.5102743311883,-0.001398703068905216
North America,2016 Q4,11353.386999999999,0.007779780506246059
W. Europe,2016 Q4,20689.403361235476,-0.06367271555617815
Asia Pacific,2017 Q1,10889.407805928515,0.07217845181852955
Central and E. Europe,2017 Q1,1830.083934547516,0.07457429926994075
Emerging Asia,2017 Q1,20408.166385182845,0.04245181831387157
Latin America,2017 Q1,1593.5604481434534,-0.0021762344672290324
ME/Africa,2017 Q1,466.53500123681414,0.05667982912409886
North America,2017 Q1,11391.605000000001,0.0033662201420601168
W. Europe,2017 Q1,21089.68470182756,0.019347166933874282
Asia Pacific,2017 Q2,10953.753344667928,0.005909002572608291
Central and E. Europe,2017 Q2,1908.181043904432,0.04267405875907282
Emerging Asia,2017 Q2,21142.65567562243,0.03598996972961044
Latin America,2017 Q2,1498.476519317554,-0.059667600897521655
ME/Africa,2017 Q2,487.8985982638536,0.04579205626673932
North America,2017 Q2,11625.242,0.020509577008682944
W. Europe,2017 Q2,21161.82560331642,0.0034206723575440634
Asia Pacific,2017 Q3,11208.270772993643,0.02323563625335856
Central and E. Europe,2017 Q3,1993.5838947220404,0.04475615722649717
Emerging Asia,2017 Q3,21699.717297908646,0.026347760226191008
Latin America,2017 Q3,1554.0039854061654,0.03705594673842483
ME/Africa,2017 Q3,480.53862470754115,-0.015085047553943243
North America,2017 Q3,11818.959,0.016663481069899566
W. Europe,2017 Q3,21695.600013671647,0.025223457576910358
Asia Pacific,2017 Q4,11554.538716293448,0.03089396663525812
Central and E. Europe,2017 Q4,2008.038133383154,0.007250378927809775
Emerging Asia,2017 Q4,22396.051065722262,0.03208953177840379
Latin America,2017 Q4,1486.9581008134273,-0.04314395923200576
ME/Africa,2017 Q4,516.3599082084345,0.07454402551448269
North America,2017 Q4,11997.337,0.015092530568893592
W. Europe,2017 Q4,21973.25290175615,0.012797658875971951
Asia Pacific,2018 Q1,12029.907699008565,0.04114132068680365
Central and E. Europe,2018 Q1,2076.7741426057164,0.03423043022930816
Emerging Asia,2018 Q1,23932.59721598947,0.06860790528464777
Latin America,2018 Q1,1474.2507663050908,-0.008545859161320779
ME/Africa,2018 Q1,532.075587761891,0.03043551465485339
North America,2018 Q1,11986.233999999999,-9.254553739718174e-4
W. Europe,2018 Q1,22676.930450592536,0.03202427751514869
Asia Pacific,2018 Q2,11696.27004857304,-0.027734015819840474
Central and E. Europe,2018 Q2,1960.9835040680873,-0.05575504632985617
Emerging Asia,2018 Q2,22947.578960313556,-0.041158017526732094
Latin America,2018 Q2,1324.2467655150217,-0.10174931173074686
ME/Africa,2018 Q2,488.1551169111942,-0.08254554777722978
North America,2018 Q2,12123.816,0.011478334229083398
W. Europe,2018 Q2,21653.498809517034,-0.045130959999427955
Asia Pacific,2018 Q3,11699.646893616584,2.887112754339505e-4
Central and E. Europe,2018 Q3,1908.1891107147871,-0.026922405641749414
Emerging Asia,2018 Q3,22382.870550985597,-0.024608626918969922
Latin America,2018 Q3,1314.0237060074605,-0.0077199052123682055
ME/Africa,2018 Q3,493.581469730799,0.011116042076830146
North America,2018 Q3,12266.909000000001,0.011802637057507281
W. Europe,2018 Q3,21487.212044114924,-0.007679440946930183
Asia Pacific,2018 Q4,11892.298150665929,0.01646641636291246
Central and E. Europe,2018 Q4,1876.3909908099326,-0.01666402964271363
Emerging Asia,2018 Q4,22810.79736381709,0.019118495630697785
Latin America,2018 Q4,1323.481679546997,0.007197719109858003
ME/Africa,2018 Q4,487.3423175545365,-0.012640572142356366
North America,2018 Q4,12432.207999999999,0.013475195748170687
W. Europe,2018 Q4,21288.36116563369,-0.009254382470512024
Asia Pacific,2019 Q1,12057.740357099285,0.013911710279824296
Central and E. Europe,2019 Q1,1974.1559630177824,0.05210266553542242
Emerging Asia,2019 Q1,24046.58638128055,0.054175616825376416
Latin America,2019 Q1,1351.5977691102303,0.02124403382210538
ME/Africa,2019 Q1,502.4514739935381,0.03100316942476633
North America,2019 Q1,12492.63,0.0048601181704810426
W. Europe,2019 Q1,21442.13458063072,0.007223356171036421
Asia Pacific,2019 Q2,12347.31495296285,0.024015660255370497
Central and E. Europe,2019 Q2,2056.4641464375986,0.04169284745567747
Emerging Asia,2019 Q2,23914.84716199373,-0.005478499825213312
Latin America,2019 Q2,1378.7357791181464,0.02007846611479791
ME/Africa,2019 Q2,519.8263422525965,0.03458019163713688
North America,2019 Q2,12707.302,0.01718389162250067
W. Europe,2019 Q2,22017.563884484123,0.026836381503416273
Asia Pacific,2019 Q3,12940.73639666125,0.04806076834996453
Central and E. Europe,2019 Q3,2074.369723707001,0.008706972742714703
Emerging Asia,2019 Q3,23447.1867219429,-0.019555234322971127
Latin America,2019 Q3,1277.5661993842514,-0.07337851187020339
ME/Africa,2019 Q3,511.59064009390676,-0.01584317971075011
North America,2019 Q3,12776.525,0.005447497824479175
W. Europe,2019 Q3,21664.73341581042,-0.016024954918938294
Asia Pacific,2019 Q4,13351.779126176438,0.03176347287479242
Central and E. Europe,2019 Q4,2090.079591157612,0.007573320836237851
Emerging Asia,2019 Q4,24347.7647196317,0.03840878687787308
Latin America,2019 Q4,1306.05848816625,0.02230200579487085
ME/Africa,2019 Q4,539.87615643136,0.055289354653285105
North America,2019 Q4,12935.342,0.01243037523896362
W. Europe,2019 Q4,22146.963876647096,0.022258776583179873
Asia Pacific,2020 Q1,13190.658004526462,-0.01206738968098231
Central and E. Europe,2020 Q1,1914.7356580173548,-0.08389342390695331
Emerging Asia,2020 Q1,25101.595997619184,0.030961005524242857
Latin America,2020 Q1,1127.87805618063,-0.13642607402352358
ME/Africa,2020 Q1,486.33581669945465,-0.09917152127223539
North America,2020 Q1,13308.886,0.028877783053590678
W. Europe,2020 Q1,22360.766947330896,0.009653832095208648
Asia Pacific,2020 Q2,14004.540186865983,0.06170140883496722
Central and E. Europe,2020 Q2,2025.4698405115541,0.05783262145379431
Emerging Asia,2020 Q2,25735.575401857088,0.02525653764398217
Latin America,2020 Q2,1092.0958845351174,-0.031725213066635005
ME/Africa,2020 Q2,492.70746102943326,0.013101326513889289
North America,2020 Q2,13432.882000000001,0.009316782787079259
W. Europe,2020 Q2,22720.259167205695,0.01607691814514034
Asia Pacific,2020 Q3,14281.758845282138,0.019794913272207504
Central and E. Europe,2020 Q3,1944.6180503998382,-0.03991754826193605
Emerging Asia,2020 Q3,26952.37458990323,0.04728082310366122
Latin America,2020 Q3,1097.997442924682,0.005403883004354348
ME/Africa,2020 Q3,501.01569885080494,0.016862415283935395
North America,2020 Q3,13302.493,-0.009706703297177821
W. Europe,2020 Q3,23661.089047066496,0.041409293482830956
Asia Pacific,2020 Q4,15292.77280233597,0.07079057754765361
Central and E. Europe,2020 Q4,2019.7476024587288,0.038634605928626
Emerging Asia,2020 Q4,28339.941626619726,0.05148218135986804
Latin America,2020 Q4,1133.5856915548245,0.032411959480841634
ME/Africa,2020 Q4,570.3388287299646,0.1383651850394474
North America,2020 Q4,13310.697,6.167265038214964e-4
W. Europe,2020 Q4,24898.076288606182,0.052279387439820635
Asia Pacific,2021 Q1,14832.33287077782,-0.03010833532345547
Central and E. Europe,2021 Q1,2007.6725840709137,-0.00597847888177494
Emerging Asia,2021 Q1,29380.329861135804,0.03671102249338576
Latin America,2021 Q1,1079.5534105049348,-0.04766492859995353
ME/Africa,2021 Q1,561.1325544429257,-0.016141763147249688
North America,2021 Q1,13323.107,9.323328447787826e-4
W. Europe,2021 Q1,23890.982999740925,-0.04044863856916214
Asia Pacific,2021 Q2,15000.399012073518,0.011331065905810123
Central and E. Europe,2021 Q2,2139.8296921643273,0.06582602618672095
Emerging Asia,2021 Q2,30280.018576891827,0.030622144816220276
Latin America,2021 Q2,1194.47553082268,0.10645339007728483
ME/Africa,2021 Q2,588.1796623217941,0.048200924478031704
North America,2021 Q2,13409.204000000002,0.0064622313699049805
W. Europe,2021 Q2,24331.405815160706,0.018434687908176706
Asia Pacific,2021 Q3,14607.97237078594,-0.0261610801800487
Central and E. Europe,2021 Q3,2219.102067909282,0.03704611448062245
Emerging Asia,2021 Q3,30074.36395028946,-0.006791760252066514
Latin America,2021 Q3,1209.4606702477613,0.01254537161992797
ME/Africa,2021 Q3,589.2231841054195,0.0017741548211751557
North America,2021 Q3,13450.524,0.003081465536656669
W. Europe,2021 Q3,23890.578604915878,-0.01811762187494126
Asia Pacific,2021 Q4,14762.87732506826,0.01060413795634707
Central and E. Europe,2021 Q4,2106.196261913836,-0.05087905041782037
Emerging Asia,2021 Q4,30767.6035888908,0.023050849545719787
Latin America,2021 Q4,1246.4939261783998,0.030619644641319388
ME/Africa,2021 Q4,621.5376382788531,0.05484246894068612
North America,2021 Q4,13869.927,0.031181164391811178
W. Europe,2021 Q4,23645.461860147854,-0.010259975232143836
Asia Pacific,2022 Q1,14417.505052831248,-0.023394644867132386
Central and E. Europe,2022 Q1,1881.9409825927148,-0.10647406577264906
Emerging Asia,2022 Q1,32134.03461620586,0.044411357009566776
Latin America,2022 Q1,1463.15608511313,0.17381726006398646
ME/Africa,2022 Q1,654.608728077877,0.053208507035235275
North America,2022 Q1,14184.798999999999,0.02270177773826787
W. Europe,2022 Q1,24092.39287496012,0.018901344260292108
Asia Pacific,2022 Q2,13361.877329673416,-0.07321847429840378
Central and E. Europe,2022 Q2,2411.643345689827,0.2814659800688071
Emerging Asia,2022 Q2,30832.978486717762,-0.040488415010045076
Latin America,2022 Q2,1377.5248694811594,-0.05852500393035631
ME/Africa,2022 Q2,620.2975564885407,-0.05241477865729638
North America,2022 Q2,14678.75,0.03482255899431497
W. Europe,2022 Q2,23434.3504199142,-0.027313287578414003
Asia Pacific,2022 Q3,12890.69681727368,-0.0352630473079828
Central and E. Europe,2022 Q3,2287.2808767335146,-0.05156752103439233
Emerging Asia,2022 Q3,29710.452354125835,-0.03640667193652691
Latin America,2022 Q3,1429.1183441346984,0.03745375186799471
ME/Africa,2022 Q3,609.3450759593653,-0.01765681714301215
North America,2022 Q3,14908.806999999999,0.015672792301796745
W. Europe,2022 Q3,22759.364611632627,-0.02880326512946485
Asia Pacific,2022 Q4,14179.422154611486,0.09997328737193634
Central and E. Europe,2022 Q4,2149.9192929935575,-0.06005453249629944
Emerging Asia,2022 Q4,30334.859462608678,0.02101641203709681
Latin America,2022 Q4,1500.2220989545435,0.04975358066857427
ME/Africa,2022 Q4,622.6811343884718,0.021885888563405453
North America,2022 Q4,15299.807,0.02622610917157897
W. Europe,2022 Q4,24509.454100080646,0.07689535794657121
Asia Pacific,2023 Q1,13992.173586494528,-0.013205655778861236
Central and E. Europe,2023 Q1,2190.731432306675,0.018983102968618937
Emerging Asia,2023 Q1,32362.01231811813,0.06682585287755027
Latin America,2023 Q1,1607.6596097988258,0.07161440357341231
ME/Africa,2023 Q1,612.8527508736731,-0.015783975090960523
North America,2023 Q1,15378.309000000001,0.005130914396501929
W. Europe,2023 Q1,24754.382281251477,0.00999321242205986
Asia Pacific,2023 Q2,13614.483713211648,-0.026992937941209605
Central and E. Europe,2023 Q2,2101.9187807524418,-0.04054018226265188
Emerging Asia,2023 Q2,31316.641962580776,-0.032302390384793656
Latin America,2023 Q2,1657.2296235333458,0.030833650004258528
ME/Africa,2023 Q2,595.1242812649177,-0.028927780096413058
North America,2023 Q2,15545.467,0.010869725663595453
W. Europe,2023 Q2,25046.83091103897,0.011814014442565579
Asia Pacific,2023 Q3,13378.159524490435,-0.01735829236711206
Central and E. Europe,2023 Q3,2029.7433193108952,-0.03433789264479059
Emerging Asia,2023 Q3,31200.316740862178,-0.0037144857950476284
Latin America,2023 Q3,1646.1070883141954,-0.006711523292370458
ME/Africa,2023 Q3,590.9589177630905,-0.0069991489726715095
North America,2023 Q3,15580.993,0.0022852964147039856
W. Europe,2023 Q3,24643.38275320967,-0.016107752683853005
Asia Pacific,2023 Q4,14154.89253019272,0.05805978051617444
Central and E. Europe,2023 Q4,2178.9111357399483,0.07349097544003547
Emerging Asia,2023 Q4,31961.241064279577,0.024388352520179346
Latin America,2023 Q4,1670.7714802111002,0.014983467401360917
ME/Africa,2023 Q4,612.10466088988,0.035782086522749834
North America,2023 Q4,15727.141,0.009379889972352728
W. Europe,2023 Q4,24988.35185898841,0.01399844774694392
Asia Pacific,2024 Q1,13485.330411769757,-0.04730252221942133
Central and E. Europe,2024 Q1,2170.187707403866,-0.004003572331608529
Emerging Asia,2024 Q1,32840.916973686,0.027523208740150018
Latin America,2024 Q1,1652.8416441287347,-0.01073147123632967
ME/Africa,2024 Q1,603.0395251166461,-0.01480978066733718
North America,2024 Q1,15681.937999999998,-0.0028742032642805615
W. Europe,2024 Q1,24674.87554212128,-0.012544897664164001
Asia Pacific,2024 Q2,13097.862676031264,-0.02873253557067601
Central and E. Europe,2024 Q2,2370.5787746507594,0.09233812658842089
Emerging Asia,2024 Q2,32709.249143274996,-0.004009261693773691
Latin America,2024 Q2,1553.2607807184072,-0.06024827832966406
ME/Africa,2024 Q2,607.1133654659342,0.006755511338166542
North America,2024 Q2,15763.46,0.005198464628542787
W. Europe,2024 Q2,24540.28039318725,-0.005454744795136635
Asia Pacific,2024 Q3,14280.971665374896,0.09032840079387072
Central and E. Europe,2024 Q3,2391.6200990123293,0.008876028329693364
Emerging Asia,2024 Q3,34100.85698714999,0.04254478107337145
Latin America,2024 Q3,1655.5285310349293,0.06584068276623944
ME/Africa,2024 Q3,642.1193049272548,0.05765964225553666
North America,2024 Q3,15848.99,0.005425839251027353
W. Europe,2024 Q3,25536.140069501023,0.040580615231692097
Asia Pacific,2024 Q4,13092.614108741673,-0.0832126541861623
Central and E. Europe,2024 Q4,2263.277043044992,-0.05366364667211965
Emerging Asia,2024 Q4,32594.949197209815,-0.044160408945371654
Latin America,2024 Q4,1596.8079438041982,-0.035469390064828854
ME/Africa,2024 Q4,636.9286932826304,-0.008083562672535405
North America,2024 Q4,15415.170999999998,-0.027372028122927827
W. Europe,2024 Q4,24143.783897505058,-0.05452492695475619
