block,date,med_leverage,lev_qoq
Asia Pacific,1990 Q1,1.1943340880146431,NA
Central and E. Europe,1990 Q1,1.1132876325380767,NA
Emerging Asia,1990 Q1,1.149378620506582,NA
Latin America,1990 Q1,1.4669665170552937,NA
ME/Africa,1990 Q1,0.9507266604975884,NA
North America,1990 Q1,1.2614627806394982,NA
W. Europe,1990 Q1,1.114609661379886,NA
Asia Pacific,1990 Q2,1.1393647371728746,-0.046025104192701116
Central and E. Europe,1990 Q2,1.1138546452440812,5.09313756330787e-4
Emerging Asia,1990 Q2,1.1882093695042624,0.033784123268767674
Latin America,1990 Q2,1.4670206900533516,3.692858523218767e-5
ME/Africa,1990 Q2,0.9558382066693616,0.005376462430429774
North America,1990 Q2,1.256634000433118,-0.003827921267666956
W. Europe,1990 Q2,1.1649801216044575,0.04519112113402368
Asia Pacific,1990 Q3,1.1389696539236978,-3.4675748361068237e-4
Central and E. Europe,1990 Q3,1.1135723316762622,-2.534563814267088e-4
Emerging Asia,1990 Q3,1.230323565372352,0.035443413382323596
Latin America,1990 Q3,1.4192995466193716,-0.032529291343699085
ME/Africa,1990 Q3,0.9653852839990146,0.009988172959647601
North America,1990 Q3,1.2533358936017387,-0.0026245564183704495
W. Europe,1990 Q3,1.1595731716804425,-0.00464123792650506
Asia Pacific,1990 Q4,1.1321810256743556,-0.005960324075321544
Central and E. Europe,1990 Q4,1.102433420384977,-0.010002862835607473
Emerging Asia,1990 Q4,1.264638833299674,0.02789125470171472
Latin America,1990 Q4,1.374337889395118,-0.03167876529753555
ME/Africa,1990 Q4,0.9874882844569904,0.02289552246582449
North America,1990 Q4,1.217671182359913,-0.02845582850047912
W. Europe,1990 Q4,1.1352212047197603,-0.021000802325731205
Asia Pacific,1991 Q1,1.1737446701859875,0.03671112973022628
Central and E. Europe,1991 Q1,1.0845902352759462,-0.01618527230678468
Emerging Asia,1991 Q1,1.2646756735403335,2.9131037011742578e-5
Latin America,1991 Q1,1.2931719065286729,-0.059058244331871235
ME/Africa,1991 Q1,0.9828880069284612,-0.004658564158114387
North America,1991 Q1,1.1884238224601975,-0.024019095075431096
W. Europe,1991 Q1,1.1413334786998286,0.005384214067404747
Asia Pacific,1991 Q2,1.1728923859677118,-7.261240369599298e-4
Central and E. Europe,1991 Q2,1.0225637274873514,-0.05718888643028752
Emerging Asia,1991 Q2,1.3152702510912286,0.04000597039180853
Latin America,1991 Q2,1.2469491525423728,-0.03574370410688721
ME/Africa,1991 Q2,0.9558469638997592,-0.02751182519075157
North America,1991 Q2,1.1716074944772237,-0.014150110141819439
W. Europe,1991 Q2,1.1498004769711307,0.007418513895647294
Asia Pacific,1991 Q3,1.1600935499098186,-0.010912199798563282
Central and E. Europe,1991 Q3,1.010861164133153,-0.011444336464930038
Emerging Asia,1991 Q3,1.279004292572919,-0.027573009036143792
Latin America,1991 Q3,1.2157378024593417,-0.025030170652424077
ME/Africa,1991 Q3,0.9984214048239396,0.044541064136962794
North America,1991 Q3,1.1598675743402302,-0.010020352543265165
W. Europe,1991 Q3,1.1446853251633256,-0.004448729940763174
Asia Pacific,1991 Q4,1.1561684888297972,-0.0033834004855268773
Central and E. Europe,1991 Q4,1.0584222527091594,0.047050070042795156
Emerging Asia,1991 Q4,1.2872388376799575,0.006438246653944768
Latin America,1991 Q4,1.2413238856314943,0.021045724761041384
ME/Africa,1991 Q4,0.988797988895626,-0.009638631425385569
North America,1991 Q4,1.1379804251872487,-0.018870386272701545
W. Europe,1991 Q4,1.1138434376175854,-0.02694355109456792
Asia Pacific,1992 Q1,1.1576017159072438,0.0012396351321573018
Central and E. Europe,1992 Q1,0.969790036717096,-0.08373994005246821
Emerging Asia,1992 Q1,1.3133260686767456,0.020266037842523676
Latin America,1992 Q1,1.2032064047633415,-0.030707119478943556
ME/Africa,1992 Q1,1.093535530724338,0.10592410482720727
North America,1992 Q1,1.119547300720733,-0.016198103287657695
W. Europe,1992 Q1,1.1164181550150147,0.0023115613114679245
Asia Pacific,1992 Q2,1.1558376471240792,-0.0015238995925140886
Central and E. Europe,1992 Q2,0.8941485770816905,-0.07799776938466463
Emerging Asia,1992 Q2,1.2671808824391313,-0.03513612296153412
Latin America,1992 Q2,1.2521889400921655,0.040710002153336644
ME/Africa,1992 Q2,1.0978879167199405,0.003980104782438598
North America,1992 Q2,1.1148491865184806,-0.0041964410072070635
W. Europe,1992 Q2,1.1293882789753673,0.011617621857983984
Asia Pacific,1992 Q3,1.168622646765083,0.011061241752087891
Central and E. Europe,1992 Q3,0.8257277905013899,-0.07652060108803327
Emerging Asia,1992 Q3,1.2333476331275577,-0.02669962100947243
Latin America,1992 Q3,1.27519155576596,0.018369924008513783
ME/Africa,1992 Q3,1.0912121587691184,-0.006080545973004781
North America,1992 Q3,1.105136584088409,-0.008712032575816542
W. Europe,1992 Q3,1.1555875371723563,0.023197742251015896
Asia Pacific,1992 Q4,1.1719404277168914,0.0028390524186676647
Central and E. Europe,1992 Q4,0.8429120190107063,0.020811009035897943
Emerging Asia,1992 Q4,1.2043160883458115,-0.023538817444459847
Latin America,1992 Q4,1.2879889123462958,0.010035634664039783
ME/Africa,1992 Q4,1.0925455978068068,0.0012219796370236402
North America,1992 Q4,1.0886716734247426,-0.014898530100917684
W. Europe,1992 Q4,1.1160055409706169,-0.034252702567729165
Asia Pacific,1993 Q1,1.1835446078972791,0.009901680926729606
Central and E. Europe,1993 Q1,0.9330620329002672,0.10695068032766519
Emerging Asia,1993 Q1,1.1847379332921106,-0.01625665823379674
Latin America,1993 Q1,1.2708348635983018,-0.013318475480308956
ME/Africa,1993 Q1,1.121381167444481,0.026393012516419567
North America,1993 Q1,1.0731141187951545,-0.014290400870491271
W. Europe,1993 Q1,1.1048507479155665,-0.009995284651856506
Asia Pacific,1993 Q2,1.1872172626360715,0.0031030978589960956
Central and E. Europe,1993 Q2,1.0522738307169446,0.12776406456720513
Emerging Asia,1993 Q2,1.281727953140254,0.08186622300396063
Latin America,1993 Q2,1.2859742580154188,0.011912951753818346
ME/Africa,1993 Q2,1.138730888441678,0.015471742794410881
North America,1993 Q2,1.0808993138790717,0.007254769038597786
W. Europe,1993 Q2,1.1149792144662714,0.009167271298692103
Asia Pacific,1993 Q3,1.1796768939120683,-0.006351296398151018
Central and E. Europe,1993 Q3,0.9954411450151373,-0.054009407098041695
Emerging Asia,1993 Q3,1.23223204310968,-0.03861654878424714
Latin America,1993 Q3,1.2724797749764525,-0.01049358721984972
ME/Africa,1993 Q3,1.1373960981100302,-0.0011721736410210681
North America,1993 Q3,1.0840467085194951,0.002911829621880635
W. Europe,1993 Q3,1.1073941233902798,-0.00680289908330034
Asia Pacific,1993 Q4,1.1783470846575137,-0.001127265661824306
Central and E. Europe,1993 Q4,0.9520686828594848,-0.04357109646597235
Emerging Asia,1993 Q4,1.2464967808256235,0.011576340508030247
Latin America,1993 Q4,1.2747590548360166,0.001791211070216292
ME/Africa,1993 Q4,1.1642640097322174,0.023622299801127067
North America,1993 Q4,1.0922777948440698,0.007592925895062219
W. Europe,1993 Q4,1.0776457212087522,-0.02686342789182683
Asia Pacific,1994 Q1,1.190725687628345,0.010505056729044338
Central and E. Europe,1994 Q1,1.0142462397314391,0.06530784804853318
Emerging Asia,1994 Q1,1.260449528305455,0.01119356880375566
Latin America,1994 Q1,1.3122123044916316,0.029380650024433796
ME/Africa,1994 Q1,1.1466971075648238,-0.015088418108392787
North America,1994 Q1,1.0995910602095167,0.0066954262001552856
W. Europe,1994 Q1,1.0628010497496687,-0.01377509432546431
Asia Pacific,1994 Q2,1.2040961994588342,0.011228876616511174
Central and E. Europe,1994 Q2,0.9079982287075892,-0.10475563710444047
Emerging Asia,1994 Q2,1.2792684278588584,0.014930307902691897
Latin America,1994 Q2,1.3078823170795797,-0.003299761324619954
ME/Africa,1994 Q2,1.1401379957032018,-0.0057200038426460376
North America,1994 Q2,1.1096650664898775,0.009161593473160146
W. Europe,1994 Q2,1.065923146569002,0.002937611719586286
Asia Pacific,1994 Q3,1.1923717854018288,-0.009737107435664027
Central and E. Europe,1994 Q3,0.7848836926461199,-0.13558896060480852
Emerging Asia,1994 Q3,1.2772328845204746,-0.0015911776559598412
Latin America,1994 Q3,1.3190598648406195,0.00854629473544577
ME/Africa,1994 Q3,1.1605790973778998,0.017928620703575815
North America,1994 Q3,1.1168710657306886,0.006493850674785362
W. Europe,1994 Q3,1.0797264853614257,0.012949656677269772
Asia Pacific,1994 Q4,1.1888988898625432,-0.002912594529494994
Central and E. Europe,1994 Q4,0.7354033727230009,-0.06304159506270712
Emerging Asia,1994 Q4,1.284272900948742,0.005511928571202196
Latin America,1994 Q4,1.4322557210316018,0.08581555637329585
ME/Africa,1994 Q4,1.1403902281463507,-0.017395513392548412
North America,1994 Q4,1.1335086998889097,0.014896647132080831
W. Europe,1994 Q4,1.071373398000325,-0.007736299400217583
Asia Pacific,1995 Q1,1.1932357793358592,0.0036478202732761478
Central and E. Europe,1995 Q1,0.7579209579005055,0.030619366204601484
Emerging Asia,1995 Q1,1.279420816055009,-0.003778079324221917
Latin America,1995 Q1,1.399256946834902,-0.02303972238486285
ME/Africa,1995 Q1,1.1439284392428153,0.0031026318966409505
North America,1995 Q1,1.155493572529878,0.019395415882668576
W. Europe,1995 Q1,1.0905852351683096,0.017931971433902127
Asia Pacific,1995 Q2,1.2109435469833865,0.014840124604194482
Central and E. Europe,1995 Q2,0.7455721027055895,-0.016293064687277203
Emerging Asia,1995 Q2,1.2716374508040689,-0.006083506812824435
Latin America,1995 Q2,1.319494365268657,-0.05700352729830416
ME/Africa,1995 Q2,1.1350114252325183,-0.007795080272852806
North America,1995 Q2,1.1560596921094906,4.899374544966584e-4
W. Europe,1995 Q2,1.1000021148220558,0.0086347030475733
Asia Pacific,1995 Q3,1.2179057056403877,0.005749366825848146
Central and E. Europe,1995 Q3,0.6995331502668841,-0.0617498324731246
Emerging Asia,1995 Q3,1.2553544772083165,-0.012804729512689739
Latin America,1995 Q3,1.239554544540034,-0.06058367722725877
ME/Africa,1995 Q3,1.1406284476642157,0.004948868625306302
North America,1995 Q3,1.1498287960376592,-0.005389770194704768
W. Europe,1995 Q3,1.0999205437406785,-7.415538595623161e-5
Asia Pacific,1995 Q4,1.22718284499895,0.007617288691232682
Central and E. Europe,1995 Q4,0.6679840665865703,-0.045100198136824976
Emerging Asia,1995 Q4,1.2159673029975588,-0.03137534053198077
Latin America,1995 Q4,1.2442893785673388,0.003819786751749321
ME/Africa,1995 Q4,1.1352369981660904,-0.004726735957853667
North America,1995 Q4,1.158980678978884,0.007959344010832092
W. Europe,1995 Q4,1.1015506158906925,0.0014819908213281607
Asia Pacific,1996 Q1,1.223334316313518,-0.0031360678656123797
Central and E. Europe,1996 Q1,0.682262713457916,0.021375729730067183
Emerging Asia,1996 Q1,1.2046332861698308,-0.00932098815468796
Latin America,1996 Q1,1.163625384192557,-0.06482735910488713
ME/Africa,1996 Q1,1.141035033919685,0.005107335087705112
North America,1996 Q1,1.1600729612228848,9.424507792168413e-4
W. Europe,1996 Q1,1.1034239027571404,0.0017005908211791265
Asia Pacific,1996 Q2,1.2170007484800156,-0.005177299246037936
Central and E. Europe,1996 Q2,0.7244375623094443,0.061816142110087346
Emerging Asia,1996 Q2,1.2259820074178909,0.017722174451894057
Latin America,1996 Q2,1.1824573605565922,0.016183882390209847
ME/Africa,1996 Q2,1.1297744847989055,-0.009868714619653107
North America,1996 Q2,1.1673593401193307,0.006280966059897697
W. Europe,1996 Q2,1.1253738420952466,0.019892571914800428
Asia Pacific,1996 Q3,1.2327165855418527,0.01291358044065749
Central and E. Europe,1996 Q3,0.7484285855789521,0.033116757768642424
Emerging Asia,1996 Q3,1.252811883950995,0.021884396647559257
Latin America,1996 Q3,1.193441892712296,0.009289579922385771
ME/Africa,1996 Q3,1.1254935342178174,-0.0037892080576152898
North America,1996 Q3,1.172279983709907,0.00421519186206476
W. Europe,1996 Q3,1.1478607467916524,0.019981719723055846
Asia Pacific,1996 Q4,1.1993482276859997,-0.027068961549816084
Central and E. Europe,1996 Q4,0.7291613982757272,-0.02574352139198499
Emerging Asia,1996 Q4,1.3229600000301442,0.05599253724982489
Latin America,1996 Q4,1.1629610588212922,-0.025540274794385698
ME/Africa,1996 Q4,1.1209598997475998,-0.004028130177903044
North America,1996 Q4,1.1598387357358386,-0.010612863946286577
W. Europe,1996 Q4,1.1556524254095026,0.0067879998855511214
Asia Pacific,1997 Q1,1.2170238489099128,0.014737689034665102
Central and E. Europe,1997 Q1,0.7344748885715191,0.0072871250567527746
Emerging Asia,1997 Q1,1.3483403476987583,0.019184516287745534
Latin America,1997 Q1,1.1805542336650778,0.015127913966110906
ME/Africa,1997 Q1,1.118895435762667,-0.0018416929859824682
North America,1997 Q1,1.1688930965782305,0.007806568761171251
W. Europe,1997 Q1,1.1575224091725438,0.001618119533109974
Asia Pacific,1997 Q2,1.2212445346617913,0.0034680386548373576
Central and E. Europe,1997 Q2,0.7316126625258872,-0.0038969692363460817
Emerging Asia,1997 Q2,1.384281604185522,0.026655923000528325
Latin America,1997 Q2,1.187810011309879,0.006146077357475965
ME/Africa,1997 Q2,1.1133188616631144,-0.004983999327650701
North America,1997 Q2,1.1742485529245836,0.004581647681922707
W. Europe,1997 Q2,1.1932864179232996,0.030897033584275757
Asia Pacific,1997 Q3,1.2328337303169548,0.009489660200094896
Central and E. Europe,1997 Q3,0.7339479593404064,0.0031919852322628284
Emerging Asia,1997 Q3,1.4241809721372385,0.02882315840294103
Latin America,1997 Q3,1.1810957644595792,-0.005652626923808857
ME/Africa,1997 Q3,1.1012973271876456,-0.010797925813913367
North America,1997 Q3,1.1765682098934436,0.0019754394953970245
W. Europe,1997 Q3,1.2163826325413585,0.019355130730687176
Asia Pacific,1997 Q4,1.244948986612486,0.009827161601440482
Central and E. Europe,1997 Q4,0.7050030468675468,-0.039437281764325816
Emerging Asia,1997 Q4,1.404941938825926,-0.013508840300289093
Latin America,1997 Q4,1.1870833709978363,0.005069535187941954
ME/Africa,1997 Q4,1.1002635036396762,-9.387324589350543e-4
North America,1997 Q4,1.1647673572883264,-0.010029892449827438
W. Europe,1997 Q4,1.2280062007720614,0.00955584856256797
Asia Pacific,1998 Q1,1.2711568513492495,0.021051356335551663
Central and E. Europe,1998 Q1,0.7476070000864855,0.060430878147599065
Emerging Asia,1998 Q1,1.3938133354124942,-0.007921041507759297
Latin America,1998 Q1,1.227232835678785,0.0338219417960508
ME/Africa,1998 Q1,1.0948974843109784,-0.004877031102955676
North America,1998 Q1,1.1707531137615994,0.005139014615938686
W. Europe,1998 Q1,1.2137820976709075,-0.011583087359177013
Asia Pacific,1998 Q2,1.274597805627129,0.0027069470413718655
Central and E. Europe,1998 Q2,0.7435642684922636,-0.005407562521156373
Emerging Asia,1998 Q2,1.3805650023221423,-0.00950509853346404
Latin America,1998 Q2,1.2403725927684173,0.010706816756874682
ME/Africa,1998 Q2,1.0999403700046226,0.0046058062657963195
North America,1998 Q2,1.1844827832308005,0.011727211576732843
W. Europe,1998 Q2,1.2269865923410803,0.010878801636233115
Asia Pacific,1998 Q3,1.2816093044464978,0.0055009500160867475
Central and E. Europe,1998 Q3,0.7215694153555017,-0.029580298662496562
Emerging Asia,1998 Q3,1.35272296059723,-0.020167135685810744
Latin America,1998 Q3,1.2636265022834268,0.018747519616753694
ME/Africa,1998 Q3,1.0862039526631109,-0.012488329109562546
North America,1998 Q3,1.1996896210533463,0.01283837809872379
W. Europe,1998 Q3,1.2407245634033148,0.011196512780162093
Asia Pacific,1998 Q4,1.293814393111428,0.009523252228729184
Central and E. Europe,1998 Q4,0.7038112422112505,-0.02461048482148065
Emerging Asia,1998 Q4,1.3399707828075609,-0.009427043201838625
Latin America,1998 Q4,1.1663341937113754,-0.07699451411967073
ME/Africa,1998 Q4,1.102684238095024,0.015172367391508068
North America,1998 Q4,1.2045311016714182,0.004035610988966543
W. Europe,1998 Q4,1.2226452056702948,-0.014571612641752107
Asia Pacific,1999 Q1,1.30231181142661,0.006567725912174138
Central and E. Europe,1999 Q1,0.7091469903151522,0.007581220338478412
Emerging Asia,1999 Q1,1.2670671868260133,-0.054406854923207404
Latin America,1999 Q1,1.1303571304474729,-0.030846273270459856
ME/Africa,1999 Q1,1.1044085887798585,0.001563775580771365
North America,1999 Q1,1.205174263103749,5.339517023996709e-4
W. Europe,1999 Q1,1.2236122374097986,7.909340624892014e-4
Asia Pacific,1999 Q2,1.3058176889371689,0.0026920415524132046
Central and E. Europe,1999 Q2,0.7172294833889338,0.01139748625343473
Emerging Asia,1999 Q2,1.1837150395290783,-0.06578352605415583
Latin America,1999 Q2,1.1116564445226758,-0.01654405092078648
ME/Africa,1999 Q2,1.122231312343234,0.016137798767995593
North America,1999 Q2,1.1921897537372503,-0.01077396834965505
W. Europe,1999 Q2,1.22260726563287,-8.213155656697779e-4
Asia Pacific,1999 Q3,1.275369832999874,-0.023317080320819583
Central and E. Europe,1999 Q3,0.7267406719220153,0.01326101164740301
Emerging Asia,1999 Q3,1.1881614947661578,0.0037563561233864284
Latin America,1999 Q3,1.1086463752995,-0.0027077333451417385
ME/Africa,1999 Q3,1.1110178999565092,-0.009992068714702818
North America,1999 Q3,1.211536934325514,0.01622827282956818
W. Europe,1999 Q3,1.217393395657571,-0.0042645501313947065
Asia Pacific,1999 Q4,1.2623602791710462,-0.010200612788705543
Central and E. Europe,1999 Q4,0.7228273233725222,-0.005384793641923791
Emerging Asia,1999 Q4,1.1598851919059838,-0.023798366623334344
Latin America,1999 Q4,1.0318714391272232,-0.06925105956490052
ME/Africa,1999 Q4,1.093992156607035,-0.015324454583621638
North America,1999 Q4,1.2110075900509525,-4.369196345270776e-4
W. Europe,1999 Q4,1.2226456647651402,0.004314356498321681
Asia Pacific,2000 Q1,1.266074995388386,0.002942675144832041
Central and E. Europe,2000 Q1,0.7376679191127097,0.020531315378263804
Emerging Asia,2000 Q1,1.1519295086710604,-0.006859026471275342
Latin America,2000 Q1,0.996812569943086,-0.03397600500871578
ME/Africa,2000 Q1,1.149198221981407,0.050462944401348464
North America,2000 Q1,1.1993230799721846,-0.00964858533898727
W. Europe,2000 Q1,1.2335329980970258,0.008904733109225793
Asia Pacific,2000 Q2,1.2377683695829451,-0.022357779680150403
Central and E. Europe,2000 Q2,0.7698611070720042,0.04364184360629042
Emerging Asia,2000 Q2,1.146785485360589,-0.004465571262607715
Latin America,2000 Q2,0.9742667661386272,-0.022617896768442725
ME/Africa,2000 Q2,1.1507985020111051,0.0013925187135592765
North America,2000 Q2,1.2201460994546405,0.017362310315031104
W. Europe,2000 Q2,1.245949135276302,0.0100655087447441
Asia Pacific,2000 Q3,1.263577167203937,0.020851072183794894
Central and E. Europe,2000 Q3,0.7734353147264718,0.004642665568677984
Emerging Asia,2000 Q3,1.040498518595432,-0.0926825183279475
Latin America,2000 Q3,0.9964813969529052,0.022801384165368477
ME/Africa,2000 Q3,1.1632723040476796,0.010839258145344699
North America,2000 Q3,1.2066446136078806,-0.011065466547649172
W. Europe,2000 Q3,1.2862950893418237,0.03238170236907356
Asia Pacific,2000 Q4,1.268546190585078,0.003932504883842114
Central and E. Europe,2000 Q4,0.7453662513742016,-0.03629141677115799
Emerging Asia,2000 Q4,1.015637020463286,-0.02389383328071093
Latin America,2000 Q4,0.927006973486157,-0.06971973955478827
ME/Africa,2000 Q4,1.1596499762342458,-0.003113912194788515
North America,2000 Q4,1.2068996115914503,2.1132815801272464e-4
W. Europe,2000 Q4,1.3123897092964998,0.020286651306449688
Asia Pacific,2001 Q1,1.2665968057124903,-0.0015367078369361575
Central and E. Europe,2001 Q1,0.7255858394255559,-0.026537842184533367
Emerging Asia,2001 Q1,1.00638116958434,-0.009113345311816068
Latin America,2001 Q1,0.9180838601499608,-0.009625724068330843
ME/Africa,2001 Q1,1.1697209235394954,0.008684471617852463
North America,2001 Q1,1.192465160292629,-0.011959943611041135
W. Europe,2001 Q1,1.3082292509809172,-0.003170139392370541
Asia Pacific,2001 Q2,1.2511145369814227,-0.012223517903440895
Central and E. Europe,2001 Q2,0.7207583385660473,-0.0066532456908620086
Emerging Asia,2001 Q2,1.021955002931405,0.01547508421038657
Latin America,2001 Q2,0.9206751380051116,0.002822484924990931
ME/Africa,2001 Q2,1.1712057865404666,0.001269416466004536
North America,2001 Q2,1.1805265983755515,-0.010011665174475937
W. Europe,2001 Q2,1.3040687926653347,-0.0031802211366723787
Asia Pacific,2001 Q3,1.2503791319111883,-5.877999563562719e-4
Central and E. Europe,2001 Q3,0.7003999122241251,-0.02824584226444804
Emerging Asia,2001 Q3,1.1153054179065265,0.0913449366237773
Latin America,2001 Q3,0.9299921467542324,0.010119757083164593
ME/Africa,2001 Q3,1.175667765962518,0.0038097313668774557
North America,2001 Q3,1.1791924329147836,-0.001130144346263573
W. Europe,2001 Q3,1.308029821172684,0.0030374383081841483
Asia Pacific,2001 Q4,1.2337933143602142,-0.013264630804916688
Central and E. Europe,2001 Q4,0.6913936094352315,-0.012858800567655648
Emerging Asia,2001 Q4,1.0092915862137226,-0.09505363283520685
Latin America,2001 Q4,1.016157081700661,0.09265125006394204
ME/Africa,2001 Q4,1.2045622033459829,0.024577043123921172
North America,2001 Q4,1.157899770317378,-0.01805698714057513
W. Europe,2001 Q4,1.301966149431587,-0.004635728974176301
Asia Pacific,2002 Q1,1.1969769601332376,-0.029839968978975895
Central and E. Europe,2002 Q1,0.6809760008016433,-0.015067551234813847
Emerging Asia,2002 Q1,0.990842898849793,-0.018278847873029802
Latin America,2002 Q1,1.0455632859849753,0.028938640308542984
ME/Africa,2002 Q1,1.142461700725854,-0.051554417403790964
North America,2002 Q1,1.1397275359108598,-0.01569413421814314
W. Europe,2002 Q1,1.3186135779577763,0.012786375846604914
Asia Pacific,2002 Q2,1.214927481256674,0.014996546902154462
Central and E. Europe,2002 Q2,0.698383847248964,0.025563083613560744
Emerging Asia,2002 Q2,1.011361979123412,0.020708712044501087
Latin America,2002 Q2,1.0927342245456122,0.04511533562141046
ME/Africa,2002 Q2,1.084253751721182,-0.05094958453984921
North America,2002 Q2,1.1387644656638765,-8.450004203975903e-4
W. Europe,2002 Q2,1.3225499676339196,0.002985248856787859
Asia Pacific,2002 Q3,1.2197988946613476,0.0040096330684979975
Central and E. Europe,2002 Q3,0.7059193418340812,0.01078990388280121
Emerging Asia,2002 Q3,1.0182511774840668,0.0068118027994545916
Latin America,2002 Q3,1.1566212533117783,0.05846529497392838
ME/Africa,2002 Q3,1.0545111905108873,-0.02743136573249616
North America,2002 Q3,1.1446543516044434,0.005172172225389238
W. Europe,2002 Q3,1.3110629845437962,-0.008685481358919112
Asia Pacific,2002 Q4,1.2240715840683107,0.00350278183204078
Central and E. Europe,2002 Q4,0.746120882317085,0.05694919815988353
Emerging Asia,2002 Q4,1.0065496463190988,-0.011491792421866487
Latin America,2002 Q4,1.0759878509636436,-0.06971461238262344
ME/Africa,2002 Q4,1.0557381134920247,0.0011634992517652876
North America,2002 Q4,1.1295663202662771,-0.013181299068157681
W. Europe,2002 Q4,1.3155520280686044,0.0034239724389519832
Asia Pacific,2003 Q1,1.245400494388486,0.017424561273848616
Central and E. Europe,2003 Q1,0.7393646362646797,-0.009055162792688032
Emerging Asia,2003 Q1,0.98261098438322525,-0.023782892402194
Latin America,2003 Q1,1.0890902352081675,0.012177074520673736
ME/Africa,2003 Q1,1.11359228366666,0.05479973625587253
North America,2003 Q1,1.1393179168322236,0.008633044727863082
W. Europe,2003 Q1,1.3002083695085953,-0.011663285246525379
Asia Pacific,2003 Q2,1.252718838070347,0.005876297395766228
Central and E. Europe,2003 Q2,0.7778366082935857,0.05203382761619357
Emerging Asia,2003 Q2,0.9953626736858552,0.012977352691242228
Latin America,2003 Q2,1.0568531397923893,-0.029600022453251107
ME/Africa,2003 Q2,1.083824921358755,-0.02673093442232899
North America,2003 Q2,1.1048129836744451,-0.03028560566634153
W. Europe,2003 Q2,1.3041850780430428,0.003058516333001693
Asia Pacific,2003 Q3,1.2638800257716816,0.00890957121593794
Central and E. Europe,2003 Q3,0.7896824397822937,0.015229202845949086
Emerging Asia,2003 Q3,0.9909959180362756,-0.004387100064149774
Latin America,2003 Q3,1.037079647606182,-0.018709782316672197
ME/Africa,2003 Q3,1.0856989610176635,0.001729098143046226
North America,2003 Q3,1.116629864206772,0.010695819751344482
W. Europe,2003 Q3,1.3147045660099397,0.008065947191085554
Asia Pacific,2003 Q4,1.258880456922539,-0.003955730565557536
Central and E. Europe,2003 Q4,0.8422115596421225,0.06651929587583383
Emerging Asia,2003 Q4,0.9794659047200396,-0.011634773772916773
Latin America,2003 Q4,0.9822890065512452,-0.052831661658201745
ME/Africa,2003 Q4,1.0628987180891247,-0.02100052016920717
North America,2003 Q4,1.120689418940771,0.0036355419679581225
W. Europe,2003 Q4,1.30972588665222,-0.0037869187393406722
Asia Pacific,2004 Q1,1.2490044883080889,-0.007845040853674767
Central and E. Europe,2004 Q1,0.858827104505754,0.019728469258593284
Emerging Asia,2004 Q1,0.9579644110830056,-0.021952263507508007
Latin America,2004 Q1,1.0106230899916506,0.028844956271967925
ME/Africa,2004 Q1,1.043020625213391,-0.018701775190274605
North America,2004 Q1,1.101607902089096,-0.01702658785670519
W. Europe,2004 Q1,1.332232526887864,0.017184237148410775
Asia Pacific,2004 Q2,1.257226000151055,0.006582451800555944
Central and E. Europe,2004 Q2,0.898748406222261,0.046483513977451096
Emerging Asia,2004 Q2,0.9616354504551636,0.0038321250034829557
Latin America,2004 Q2,1.202906110195309,0.19026185143389784
ME/Africa,2004 Q2,1.04061961671115,-0.00230197605320559
North America,2004 Q2,1.099162235574874,-0.0022200880273136603
W. Europe,2004 Q2,1.3278319814703856,-0.0033031361482805943
Asia Pacific,2004 Q3,1.250794518237353,-0.005115613193593771
Central and E. Europe,2004 Q3,0.9154055992235904,0.01853376638668558
Emerging Asia,2004 Q3,0.9694662241531457,0.008143183255437947
Latin America,2004 Q3,1.1467404874708913,-0.046691609800949774
ME/Africa,2004 Q3,1.0460836217299132,0.005250722676199304
North America,2004 Q3,1.1040402317568705,0.004437921922822552
W. Europe,2004 Q3,1.3670837101120663,0.02956076460684054
Asia Pacific,2004 Q4,1.2468869339958926,-0.003124081681271762
Central and E. Europe,2004 Q4,0.9390078612089996,0.025783392635382096
Emerging Asia,2004 Q4,0.9629767595869292,-0.006693853178727505
Latin America,2004 Q4,1.1159771038178794,-0.026826805183149838
ME/Africa,2004 Q4,1.088133306893417,0.04019725028670851
North America,2004 Q4,1.112419123134129,0.007589298955097856
W. Europe,2004 Q4,1.3488587067764493,-0.013331300198232254
Asia Pacific,2005 Q1,1.2546016544123215,0.006187185225933645
Central and E. Europe,2005 Q1,0.9402245390292112,0.0012957056809355105
Emerging Asia,2005 Q1,0.944256722372626,-0.019439760127059724
Latin America,2005 Q1,1.1123395627582633,-0.0032595122670274757
ME/Africa,2005 Q1,1.0686707028173612,-0.017886231358564708
North America,2005 Q1,1.0982679410026908,-0.012721088515242895
W. Europe,2005 Q1,1.3738537963321482,0.018530546920984214
Asia Pacific,2005 Q2,1.2613650220863477,0.00539084868112516
Central and E. Europe,2005 Q2,0.9552474908533464,0.015978046945728908
Emerging Asia,2005 Q2,0.945677269741604,0.0015044080018924433
Latin America,2005 Q2,1.09393577973494,-0.01654511233753786
ME/Africa,2005 Q2,1.0540863794242148,-0.01364716311086045
North America,2005 Q2,1.1053231851814074,0.006423973527148075
W. Europe,2005 Q2,1.3614625549160508,-0.009019330476924825
Asia Pacific,2005 Q3,1.2821932589932057,0.016512457965900396
Central and E. Europe,2005 Q3,0.9692793109388717,0.01468919857930251
Emerging Asia,2005 Q3,0.9672621046934972,0.02282473698219567
Latin America,2005 Q3,1.0560060185514992,-0.034672749430164185
ME/Africa,2005 Q3,1.0780806466249828,0.022763093868905404
North America,2005 Q3,1.115902860843415,0.009571567668031244
W. Europe,2005 Q3,1.3775338353205355,0.011804423372830497
Asia Pacific,2005 Q4,1.298330729572549,0.012585833271354652
Central and E. Europe,2005 Q4,0.9689072768591735,-3.838254623816928e-4
Emerging Asia,2005 Q4,0.9736265094085316,0.006579813976120841
Latin America,2005 Q4,1.0598338903814517,0.0036248579673845427
ME/Africa,2005 Q4,1.0679427769438898,-0.00940362830260466
North America,2005 Q4,1.1260107865840585,0.009058069564409799
W. Europe,2005 Q4,1.4258359787766273,0.035064215642189644
Asia Pacific,2006 Q1,1.308354319250649,0.007720366967975956
Central and E. Europe,2006 Q1,0.9924757921442156,0.02432484082629882
Emerging Asia,2006 Q1,0.9552187125531932,-0.018906425284702766
Latin America,2006 Q1,0.9392622551264628,-0.11376465345111131
ME/Africa,2006 Q1,1.0526278515645044,-0.014340586134410471
North America,2006 Q1,1.1251481023334364,-7.661420839840671e-4
W. Europe,2006 Q1,1.4144508702387713,-0.007984865515614503
Asia Pacific,2006 Q2,1.3009859872800271,-0.005631755757753765
Central and E. Europe,2006 Q2,1.010003288840787,0.017660377044264042
Emerging Asia,2006 Q2,0.9695975731104222,0.015052951086768296
Latin America,2006 Q2,1.0872335414550864,0.15753990487853753
ME/Africa,2006 Q2,1.0606792243731735,0.007648831252851984
North America,2006 Q2,1.1389869667192671,0.012299593588728897
W. Europe,2006 Q2,1.4004588840918406,-0.00989216836111717
Asia Pacific,2006 Q3,1.315852470499538,0.011427089426683468
Central and E. Europe,2006 Q3,0.9997206798544,-0.01018076782521038
Emerging Asia,2006 Q3,0.966370647268726,-0.003328108414446973
Latin America,2006 Q3,1.0629924589449624,-0.022296113563311515
ME/Africa,2006 Q3,1.071652279624434,0.01034530987230875
North America,2006 Q3,1.1356177184015683,-0.0029581096326357637
W. Europe,2006 Q3,1.397930844306129,-0.001805151021874618
Asia Pacific,2006 Q4,1.3062547393506398,-0.007293926457617728
Central and E. Europe,2006 Q4,1.0192916576334292,0.019576445874741166
Emerging Asia,2006 Q4,0.9287351573745928,-0.03894519147544806
Latin America,2006 Q4,0.9895089045246708,-0.06912895176436651
ME/Africa,2006 Q4,1.082708062180239,0.010316576342915385
North America,2006 Q4,1.1327726227743342,-0.002505328669262674
W. Europe,2006 Q4,1.396122656770879,-0.0012934742391690346
Asia Pacific,2007 Q1,1.4041644496030792,0.07495453015627862
Central and E. Europe,2007 Q1,1.047176225326871,0.027356809490802325
Emerging Asia,2007 Q1,0.9038357459875684,-0.026810023491962487
Latin America,2007 Q1,0.9303256746815352,-0.059810709709141374
ME/Africa,2007 Q1,1.228241541353674,0.1344161775985815
North America,2007 Q1,1.1303205219490209,-0.0021646893436634285
W. Europe,2007 Q1,1.3655221997094005,-0.02191817238483551
Asia Pacific,2007 Q2,1.4211191992221115,0.012074618200044185
Central and E. Europe,2007 Q2,1.0777794257363758,0.02922449886594025
Emerging Asia,2007 Q2,0.9163861027844832,0.013885661031476149
Latin America,2007 Q2,0.923961437010652,-0.0068408707231063515
ME/Africa,2007 Q2,1.215422886494914,-0.01043659119738971
North America,2007 Q2,1.1457802782574418,0.013677320731789955
W. Europe,2007 Q2,1.3541331097125588,-0.008340464914642465
Asia Pacific,2007 Q3,1.4467700447034844,0.018049749447768715
Central and E. Europe,2007 Q3,1.1411226330886592,0.058771958194512086
Emerging Asia,2007 Q3,0.9380780863730268,0.023671227141738083
Latin America,2007 Q3,0.9162660194225428,-0.008328721610943668
ME/Africa,2007 Q3,1.223459438154744,0.006612144422428967
North America,2007 Q3,1.1380940539588535,-0.006708288180939714
W. Europe,2007 Q3,1.3748010220324731,0.015262836549577719
Asia Pacific,2007 Q4,1.4395039561447616,-0.005022282971176684
Central and E. Europe,2007 Q4,1.143227674921443,0.0018447113147568306
Emerging Asia,2007 Q4,0.9065000620386724,-0.03366246882116952
Latin America,2007 Q4,0.8989113630370277,-0.018940630796777325
ME/Africa,2007 Q4,1.2090420671903386,-0.011784102124505202
North America,2007 Q4,1.138069530139482,-2.154814822741269e-5
W. Europe,2007 Q4,1.3098020315185466,-0.0472788348802895
Asia Pacific,2008 Q1,1.4515442640291725,0.0083642061788125055
Central and E. Europe,2008 Q1,1.1729707960723037,0.02601679595702988
Emerging Asia,2008 Q1,0.8710158163218482,-0.03914422866891143
Latin America,2008 Q1,0.8539065987441655,-0.050065853145754846
ME/Africa,2008 Q1,1.1791482540420335,-0.02472520515169052
North America,2008 Q1,1.1291500875025875,-0.007837344204972618
W. Europe,2008 Q1,1.3192215285406783,0.007191542535027962
Asia Pacific,2008 Q2,1.4669707487836248,0.010627636467407386
Central and E. Europe,2008 Q2,1.2316379882759196,0.0500159018451809
Emerging Asia,2008 Q2,0.9001704556141471,0.03347199757567432
Latin America,2008 Q2,0.8741850851893997,0.023747897574579735
ME/Africa,2008 Q2,1.173025800898922,-0.0051922674880992
North America,2008 Q2,1.1181957478833748,-0.009701402621719701
W. Europe,2008 Q2,1.3445126251939623,0.019171227959917436
Asia Pacific,2008 Q3,1.4896059240296915,0.015429874975240843
Central and E. Europe,2008 Q3,1.2879514797469145,0.04572243792985309
Emerging Asia,2008 Q3,0.9228485461648755,0.025193106938014465
Latin America,2008 Q3,0.9416028776012751,0.07712073055704072
ME/Africa,2008 Q3,1.1874290117700323,0.012278682071675373
North America,2008 Q3,1.1109397630211424,-0.006489011316638704
W. Europe,2008 Q3,1.366434287311738,0.016304541665879357
Asia Pacific,2008 Q4,1.4569670973500597,-0.021911047850385224
Central and E. Europe,2008 Q4,1.3062929524322868,0.014240810289667394
Emerging Asia,2008 Q4,0.8958015999773467,-0.02930810943998252
Latin America,2008 Q4,1.0051922951048151,0.06753315969629736
ME/Africa,2008 Q4,1.1409900193808018,-0.03910885781711415
North America,2008 Q4,1.0848430400004414,-0.023490673292431596
W. Europe,2008 Q4,1.3666803132322327,1.8004958070738653e-4
Asia Pacific,2009 Q1,1.4481085186431295,-0.006080150144119445
Central and E. Europe,2009 Q1,1.3237338040339244,0.013351409091783895
Emerging Asia,2009 Q1,0.8827687476548555,-0.014548815633752765
Latin America,2009 Q1,0.974235434286739,-0.030796953944865035
ME/Africa,2009 Q1,1.1451826673743306,0.0036745702611877817
North America,2009 Q1,1.0705424590621309,-0.013182165908816379
W. Europe,2009 Q1,1.34947375025489,-0.012590042316954708
Asia Pacific,2009 Q2,1.4266566121346216,-0.014813742362767335
Central and E. Europe,2009 Q2,1.2524918084678172,-0.053818974290001154
Emerging Asia,2009 Q2,0.889492602491975,0.007616779428340603
Latin America,2009 Q2,0.9456179478086304,-0.029374302628460747
ME/Africa,2009 Q2,1.1246888632376908,-0.017895663915022286
North America,2009 Q2,1.0437590708731188,-0.025018520248581422
W. Europe,2009 Q2,1.3828675358867268,0.02474578377351122
Asia Pacific,2009 Q3,1.4165276003013858,-0.007099824685970035
Central and E. Europe,2009 Q3,1.2334916733501862,-0.015169867770132517
Emerging Asia,2009 Q3,0.8845571992495476,-0.005548560188809448
Latin America,2009 Q3,0.91119249344507,-0.03640524637179077
ME/Africa,2009 Q3,1.1197919847477391,-0.004353985044232456
North America,2009 Q3,1.0193718063406907,-0.023364840807589715
W. Europe,2009 Q3,1.342967032967033,-0.028853452615118957
Asia Pacific,2009 Q4,1.4017345851625098,-0.010443153480192424
Central and E. Europe,2009 Q4,1.179000577312944,-0.044176298239001044
Emerging Asia,2009 Q4,0.8676660783168321,-0.019095566625929705
Latin America,2009 Q4,0.9211930067344334,0.010975192795490418
ME/Africa,2009 Q4,1.126432221524445,0.005929884181303358
North America,2009 Q4,1.003471915781439,-0.015597734271589059
W. Europe,2009 Q4,1.2893839785731678,-0.03989900949056313
Asia Pacific,2010 Q1,1.383055338125987,-0.013325808775958348
Central and E. Europe,2010 Q1,1.1843771991238294,0.004560321609968554
Emerging Asia,2010 Q1,0.8702570245414868,0.00298610985193859
Latin America,2010 Q1,0.9375318619447732,0.017736625322699817
ME/Africa,2010 Q1,1.1407520211192577,0.012712526613836594
North America,2010 Q1,1.0203109152963823,0.016780738205144807
W. Europe,2010 Q1,1.2803428436092497,-0.007011980227893844
Asia Pacific,2010 Q2,1.3708847652535825,-0.00879977289187528
Central and E. Europe,2010 Q2,1.234901368093038,0.04265884973687872
Emerging Asia,2010 Q2,0.8912560214505905,0.02412964942186746
Latin America,2010 Q2,0.969369899375626,0.03395941911223099
ME/Africa,2010 Q2,1.1332367939646812,-0.006587958658361925
North America,2010 Q2,1.0098423271602108,-0.010260194200833905
W. Europe,2010 Q2,1.2656739799667622,-0.01145698100763104
Asia Pacific,2010 Q3,1.338576849969374,-0.023567199886587287
Central and E. Europe,2010 Q3,1.2191138474807766,-0.012784438514827245
Emerging Asia,2010 Q3,0.8889901700327174,-0.002542312605288477
Latin America,2010 Q3,1.004045282123457,0.035771053722800206
ME/Africa,2010 Q3,1.1587377267769343,0.02250273989343121
North America,2010 Q3,0.9895786499695776,-0.020066179289213393
W. Europe,2010 Q3,1.285087741862463,0.015338675048222727
Asia Pacific,2010 Q4,1.314771974117216,-0.01778371996550121
Central and E. Europe,2010 Q4,1.1907827323315274,-0.023239105361483325
Emerging Asia,2010 Q4,0.891181937322327,0.0024654572834352795
Latin America,2010 Q4,1.0497439393686565,0.04551453809787498
ME/Africa,2010 Q4,1.143005017924906,-0.013577454577050285
North America,2010 Q4,0.984912171152438,-0.004715621964240024
W. Europe,2010 Q4,1.2851561969209029,5.326878174138905e-5
Asia Pacific,2011 Q1,1.3213689726282678,0.005017598976036375
Central and E. Europe,2011 Q1,1.1718841142177192,-0.01587075257364967
Emerging Asia,2011 Q1,0.8948278513881905,0.004091099598380721
Latin America,2011 Q1,1.0857097468657473,0.03426150525691196
ME/Africa,2011 Q1,1.150529286771136,0.0065828834766537
North America,2011 Q1,0.9780720914274448,-0.006944862623628367
W. Europe,2011 Q1,1.3135099326982476,0.02206248224556462
Asia Pacific,2011 Q2,1.3198967244894555,-0.0011141839783659346
Central and E. Europe,2011 Q2,1.1978497464752231,0.022157167199793548
Emerging Asia,2011 Q2,0.8853475147637945,-0.010594592702594996
Latin America,2011 Q2,1.128589416395834,0.03949459756981355
ME/Africa,2011 Q2,1.136228084812939,-0.012430106840941257
North America,2011 Q2,0.967098329525324,-0.011219788396277686
W. Europe,2011 Q2,1.3254166431730126,0.009064804291434525
Asia Pacific,2011 Q3,1.3113284177097495,-0.006491649400084842
Central and E. Europe,2011 Q3,1.2100489075042005,0.010184216396817991
Emerging Asia,2011 Q3,0.8852591368424255,-9.982286039689203e-5
Latin America,2011 Q3,1.1317354851024262,0.0027876113854046203
ME/Africa,2011 Q3,1.112247699687219,-0.021105256458845423
North America,2011 Q3,0.9618351502013848,-0.005442238046799774
W. Europe,2011 Q3,1.317034531225805,-0.006324133615178584
Asia Pacific,2011 Q4,1.299578507460764,-0.008960310849899011
Central and E. Europe,2011 Q4,1.1615807775399027,-0.04005468676821189
Emerging Asia,2011 Q4,0.8787272970468247,-0.007378449454810254
Latin America,2011 Q4,1.1574279441246138,0.022701823315067537
ME/Africa,2011 Q4,1.0764359520911362,-0.03219763691680699
North America,2011 Q4,1.0593428161034142,0.10137669213026124
W. Europe,2011 Q4,1.30301271669954,-0.010646504851482108
Asia Pacific,2012 Q1,1.2939710892963427,-0.004314797553383265
Central and E. Europe,2012 Q1,1.1309650240725009,-0.026356973238006343
Emerging Asia,2012 Q1,0.8913397376159345,0.014353077014332971
Latin America,2012 Q1,1.116963347371576,-0.034960791260005286
ME/Africa,2012 Q1,1.1005214064333408,0.02237518571858832
North America,2012 Q1,1.0667247322875557,0.006968392169113269
W. Europe,2012 Q1,1.268384007076785,-0.026575880019396703
Asia Pacific,2012 Q2,1.287332835590999,-0.005130140665626226
Central and E. Europe,2012 Q2,1.141886941982608,0.009657166824468488
Emerging Asia,2012 Q2,0.914939850171605,0.02647712377190059
Latin America,2012 Q2,1.143877862275128,0.024096148693586672
ME/Africa,2012 Q2,1.098153009953824,-0.002152067616015385
North America,2012 Q2,1.0530767838522572,-0.012794255183369518
W. Europe,2012 Q2,1.2622931620702682,-0.004802051249884531
Asia Pacific,2012 Q3,1.2706746504692408,-0.012940076304439718
Central and E. Europe,2012 Q3,1.09247046840667,-0.04327615261992446
Emerging Asia,2012 Q3,0.9237324918875348,0.009610076240837762
Latin America,2012 Q3,1.1323976139337368,-0.010036253624628566
ME/Africa,2012 Q3,1.081561909969646,-0.01510818604856845
North America,2012 Q3,1.0585261879441985,0.00517474525647299
W. Europe,2012 Q3,1.2842563363878758,0.017399424299808564
Asia Pacific,2012 Q4,1.2562353115367184,-0.011363521675033073
Central and E. Europe,2012 Q4,1.0810437454995587,-0.01045952566917141
Emerging Asia,2012 Q4,0.9278045391075448,0.004408253748538371
Latin America,2012 Q4,1.1648821975747772,0.02868655253360619
ME/Africa,2012 Q4,1.0753361372992791,-0.0057562795185175375
North America,2012 Q4,1.0453354579498948,-0.012461411105871512
W. Europe,2012 Q4,1.2678776327075194,-0.012753453665195424
Asia Pacific,2013 Q1,1.2465635930075745,-0.007698970439951047
Central and E. Europe,2013 Q1,1.113669445352317,0.030179814636161373
Emerging Asia,2013 Q1,0.9289996640566452,0.001288121472492465
Latin America,2013 Q1,1.1530948691693226,-0.010118901662327096
ME/Africa,2013 Q1,1.0773682312993338,0.0018897291084798429
North America,2013 Q1,1.0370180432507523,-0.007956694318448254
W. Europe,2013 Q1,1.2394027933124852,-0.02245866530055185
Asia Pacific,2013 Q2,1.2485925521236352,0.0016276418848117924
Central and E. Europe,2013 Q2,1.1160912940500969,0.002174656679221121
Emerging Asia,2013 Q2,0.9622484921384258,0.035789924763367065
Latin America,2013 Q2,1.1673779906257602,0.012386770454305251
ME/Africa,2013 Q2,1.065571222153197,-0.010949839435964503
North America,2013 Q2,1.0408900827276732,0.003733820739302951
W. Europe,2013 Q2,1.2433505470459518,0.0031852064193882423
Asia Pacific,2013 Q3,1.2428946947127957,-0.004563424153979145
Central and E. Europe,2013 Q3,1.0909502893397476,-0.022525939270717776
Emerging Asia,2013 Q3,0.978472098473532,0.016860100553706348
Latin America,2013 Q3,1.1888575031505018,0.01839979226713684
ME/Africa,2013 Q3,1.0568639984427148,-0.008171414101149854
North America,2013 Q3,1.0323674172916963,-0.00818786303895136
W. Europe,2013 Q3,1.2585873528075713,0.012254633898557632
Asia Pacific,2013 Q4,1.2317219066854697,-0.008989327957432347
Central and E. Europe,2013 Q4,1.0453314174348742,-0.041815720065927375
Emerging Asia,2013 Q4,0.9799894504524046,0.001550736072331249
Latin America,2013 Q4,1.221055539523073,0.027083175474979848
ME/Africa,2013 Q4,1.0458620046729972,-0.010410037418181584
North America,2013 Q4,1.0166219820651732,-0.015251774671298346
W. Europe,2013 Q4,1.249197111468469,-0.007460937310513338
Asia Pacific,2014 Q1,1.2351047923748697,0.0027464687207710003
Central and E. Europe,2014 Q1,1.0544776235737243,0.008749575480371474
Emerging Asia,2014 Q1,0.975957383499739,-0.00411439832419036
Latin America,2014 Q1,1.2261809206758534,0.004197500430473511
ME/Africa,2014 Q1,1.0417627334405142,-0.003919514442791816
North America,2014 Q1,1.0133560625667686,-0.0032125210314360997
W. Europe,2014 Q1,1.2362378541790604,-0.010374069208481163
Asia Pacific,2014 Q2,1.2363502556657806,0.0010083867365748844
Central and E. Europe,2014 Q2,1.0413828099138505,-0.012418294487363646
Emerging Asia,2014 Q2,0.9934461817244864,0.017919633090979215
Latin America,2014 Q2,1.2279961210716603,0.0014803691406375385
ME/Africa,2014 Q2,1.046018143124717,0.004084816578290296
North America,2014 Q2,1.0106743708492525,-0.002646346942182909
W. Europe,2014 Q2,1.2206933558964876,-0.012574035190740296
Asia Pacific,2014 Q3,1.228691759232897,-0.006194439154913689
Central and E. Europe,2014 Q3,1.0465712602654285,0.0049822700184645186
Emerging Asia,2014 Q3,0.9962685279890556,0.002840965435762177
Latin America,2014 Q3,1.1907834184746244,-0.030303599464598263
ME/Africa,2014 Q3,1.0366864843138277,-0.008921125194839674
North America,2014 Q3,1.0096452644523588,-0.0010182373537670486
W. Europe,2014 Q3,1.2241071690904304,0.0027966181493923603
Asia Pacific,2014 Q4,1.2336844371187043,0.004063409596662737
Central and E. Europe,2014 Q4,0.985967213114754,-0.05790723427213573
Emerging Asia,2014 Q4,0.9848176991260232,-0.011493717347616728
Latin America,2014 Q4,1.205900789692445,0.012695315523611805
ME/Africa,2014 Q4,1.018426962017093,-0.017613350393798743
North America,2014 Q4,1.0180812804057722,0.00835542566327896
W. Europe,2014 Q4,1.201545165900581,-0.018431395354553848
Asia Pacific,2015 Q1,1.2341293672061722,3.60651455170391e-4
Central and E. Europe,2015 Q1,0.9960347741362512,0.010210847670778955
Emerging Asia,2015 Q1,0.9675080188239548,-0.017576532506909603
Latin America,2015 Q1,1.2090849709756788,0.0026405002056977267
ME/Africa,2015 Q1,1.031836512331254,0.01316692390743679
North America,2015 Q1,1.007454134105178,-0.010438406544867052
W. Europe,2015 Q1,1.1734792470259403,-0.023358188831465787
Asia Pacific,2015 Q2,1.2290324369536725,-0.004129980525492294
Central and E. Europe,2015 Q2,1.0114141615236578,0.015440612905049944
Emerging Asia,2015 Q2,0.981459001910153,0.014419501249360422
Latin America,2015 Q2,1.1949964802647932,-0.011652192400933403
ME/Africa,2015 Q2,1.0283268685678064,-0.003401356437288894
North America,2015 Q2,1.0234186261542997,0.015846371074055288
W. Europe,2015 Q2,1.1652078485655273,-0.007048610771239416
Asia Pacific,2015 Q3,1.2318903327216186,0.0023253216774570262
Central and E. Europe,2015 Q3,0.9931977348121838,-0.018010847983413347
Emerging Asia,2015 Q3,0.9913741740541324,0.01010248224804311
Latin America,2015 Q3,1.1832658792915527,-0.009816431401238224
ME/Africa,2015 Q3,1.0180865443625706,-0.0099582384922976
North America,2015 Q3,1.0164575244072829,-0.006801812639637528
W. Europe,2015 Q3,1.1566257228771588,-0.00736531744008917
Asia Pacific,2015 Q4,1.2354283209205468,0.0028719993208419226
Central and E. Europe,2015 Q4,0.9625737463126844,-0.03083372769198911
Emerging Asia,2015 Q4,0.9895042532892934,-0.0018861907176703774
Latin America,2015 Q4,1.1727272435031777,-0.008906397093681684
ME/Africa,2015 Q4,1.007044259157862,-0.010846116438580466
North America,2015 Q4,1.0222929201663422,0.00574091451825498
W. Europe,2015 Q4,1.18598169435755,0.02538070086092059
Asia Pacific,2016 Q1,1.234713175212185,-5.78864589917294e-4
Central and E. Europe,2016 Q1,0.9701178153857482,0.007837393344626964
Emerging Asia,2016 Q1,0.9874256733760356,-0.0021006275681465514
Latin America,2016 Q1,1.119850674825369,-0.04508854805816187
ME/Africa,2016 Q1,1.021646288573577,0.014499888443757047
North America,2016 Q1,1.021618420313003,-6.597911812100676e-4
W. Europe,2016 Q1,1.1711307760663507,-0.012522046808862486
Asia Pacific,2016 Q2,1.2345742997450575,-1.1247589311869088e-4
Central and E. Europe,2016 Q2,0.9637274572362248,-0.006587198016750562
Emerging Asia,2016 Q2,0.9967798914669423,0.009473338949071985
Latin America,2016 Q2,1.0869374361972448,-0.029390738754751067
ME/Africa,2016 Q2,1.0156927649272527,-0.0058273824443063615
North America,2016 Q2,1.017625842337328,-0.0039080912171217674
W. Europe,2016 Q2,1.1480175194521074,-0.019735845976037947
Asia Pacific,2016 Q3,1.2285095796838372,-0.00491239778964514
Central and E. Europe,2016 Q3,0.915625,-0.04991292597823549
Emerging Asia,2016 Q3,1.0085934364096685,0.011851708731142496
Latin America,2016 Q3,1.035216932847115,-0.04758369858993816
ME/Africa,2016 Q3,1.0183916617133169,0.0026571980024465702
North America,2016 Q3,1.0079480927370332,-0.00951012562541298
W. Europe,2016 Q3,1.129056520879555,-0.01651629722654535
Asia Pacific,2016 Q4,1.2298661960419643,0.0011042782087837821
Central and E. Europe,2016 Q4,0.9123165159910568,-0.0036133613749550486
Emerging Asia,2016 Q4,1.018341484048858,0.009664992143801898
Latin America,2016 Q4,0.9927882454050744,-0.0409853105139526
ME/Africa,2016 Q4,0.9950843444428996,-0.022886398373692107
North America,2016 Q4,1.0003983673334065,-0.007490192657764627
W. Europe,2016 Q4,1.113206041910435,-0.014038693967926674
Asia Pacific,2017 Q1,1.2286183510928108,-0.001014618462699013
Central and E. Europe,2017 Q1,0.9417361484669176,0.03224717733395632
Emerging Asia,2017 Q1,1.0135061942527488,-0.00474820074783211
Latin America,2017 Q1,0.9708497953288572,-0.02209781408850786
ME/Africa,2017 Q1,0.9986280403566472,0.003561201553956339
North America,2017 Q1,1.0009657858953072,5.67192610892775e-4
W. Europe,2017 Q1,1.0985407269832848,-0.013173944782030045
Asia Pacific,2017 Q2,1.2320801030626691,0.002817597479949141
Central and E. Europe,2017 Q2,0.92700294770311,-0.01564472255609195
Emerging Asia,2017 Q2,1.0198564501444498,0.006265631061468824
Latin America,2017 Q2,0.952289685267133,-0.0191173857696878
ME/Africa,2017 Q2,1.0011909162686532,0.0025663969049884994
North America,2017 Q2,1.010922531825038,0.009947139123067217
W. Europe,2017 Q2,1.1045386846874343,0.005459932032397807
Asia Pacific,2017 Q3,1.2321061898576509,2.1172969936644748e-5
Central and E. Europe,2017 Q3,0.8788305190744216,-0.051965777183393125
Emerging Asia,2017 Q3,1.0214735101697716,0.0015855761122978151
Latin America,2017 Q3,0.9435326976963976,-0.00919571817926279
ME/Africa,2017 Q3,0.9893954666801916,-0.011781418905019714
North America,2017 Q3,1.0194739711248817,0.00845904511041562
W. Europe,2017 Q3,1.0963981695348628,-0.007370058890128539
Asia Pacific,2017 Q4,1.236662413117589,0.0036979144309505774
Central and E. Europe,2017 Q4,0.8813308104698833,0.002845021128869085
Emerging Asia,2017 Q4,1.0331384795711025,0.011419747340674746
Latin America,2017 Q4,0.9227792635265812,-0.021995458366716014
ME/Africa,2017 Q4,0.9821122762640158,-0.007361253069628315
North America,2017 Q4,1.01507645945393,-0.004313510492179984
W. Europe,2017 Q4,1.0979642367122269,0.0014283744910195129
Asia Pacific,2018 Q1,1.2379446472067874,0.0010368505386737503
Central and E. Europe,2018 Q1,0.8828672432295941,0.0017433099370389726
Emerging Asia,2018 Q1,1.012257907927656,-0.020210815932550474
Latin America,2018 Q1,0.9288512854648752,0.006580145629940359
ME/Africa,2018 Q1,0.9941199752905542,0.01222640151919907
North America,2018 Q1,1.0198394839207168,0.004692281475376703
W. Europe,2018 Q1,1.0859480365520988,-0.010944072455501552
Asia Pacific,2018 Q2,1.2430155137235142,0.004096198103984872
Central and E. Europe,2018 Q2,0.8788776738586906,-0.0045188780096873105
Emerging Asia,2018 Q2,1.037850130908574,0.02528231469518638
Latin America,2018 Q2,0.9341706833002552,0.005726856299410388
ME/Africa,2018 Q2,1.007074447388732,0.013031095260299663
North America,2018 Q2,1.0185197029469155,-0.0012941065673662822
W. Europe,2018 Q2,1.06474646776505,-0.019523557365013655
Asia Pacific,2018 Q3,1.2429075788518065,-8.683308495838205e-5
Central and E. Europe,2018 Q3,0.8312852097259115,-0.05415140872088109
Emerging Asia,2018 Q3,1.041087408772847,0.003119215162057154
Latin America,2018 Q3,0.9576745606297076,0.025160153010173048
ME/Africa,2018 Q3,0.9995933303252128,-0.0074285640777772555
North America,2018 Q3,1.0194429758735462,9.064850920008638e-4
W. Europe,2018 Q3,1.0760510067604092,0.010617118100507028
Asia Pacific,2018 Q4,1.2454244476434164,0.002024984668558494
Central and E. Europe,2018 Q4,0.8318465003363655,6.752082244301238e-4
Emerging Asia,2018 Q4,1.0403625491074673,-6.962524561066052e-4
Latin America,2018 Q4,0.954148925690393,-0.0036814541016901847
ME/Africa,2018 Q4,0.9978831999110164,-0.0017108261553125947
North America,2018 Q4,1.0205850768645204,0.0011203186622532613
W. Europe,2018 Q4,1.050355477092141,-0.023879471797185414
Asia Pacific,2019 Q1,1.2351636925190754,-0.008238761607543776
Central and E. Europe,2019 Q1,0.8509938723658645,0.02301791499003314
Emerging Asia,2019 Q1,1.0515345810987284,0.01073859492620688
Latin America,2019 Q1,0.9791639039915132,0.026217058603320353
ME/Africa,2019 Q1,0.9983772962930564,4.951445039700353e-4
North America,2019 Q1,1.017085012410985,-0.003429468579227546
W. Europe,2019 Q1,1.037781455571528,-0.011971205744005564
Asia Pacific,2019 Q2,1.2347932803360897,-2.9988914443424e-4
Central and E. Europe,2019 Q2,0.8542967588462682,0.0038812106498737897
Emerging Asia,2019 Q2,1.0571326689907254,0.005323731613417371
Latin America,2019 Q2,0.9835487661574618,0.004478169740606219
ME/Africa,2019 Q2,0.9953051132333626,-0.003077176405253512
North America,2019 Q2,1.0206798391754264,0.0035344407995159255
W. Europe,2019 Q2,1.0388582164275413,0.0010375603169940906
Asia Pacific,2019 Q3,1.20942377093958,-0.02054555187537499
Central and E. Europe,2019 Q3,0.8021253925527142,-0.061069371682987206
Emerging Asia,2019 Q3,1.047399369460308,-0.00920726396594096
Latin America,2019 Q3,1.0024701277408918,0.019237847918158968
ME/Africa,2019 Q3,1.001364512427966,0.006087981578753121
North America,2019 Q3,1.0128152312850776,-0.007705264264553646
W. Europe,2019 Q3,1.040676536654798,0.0017503064407669022
Asia Pacific,2019 Q4,1.20691668177333,-0.002072961708287302
Central and E. Europe,2019 Q4,0.7820895522388059,-0.02497843915668274
Emerging Asia,2019 Q4,1.0504238253774334,0.0028875861541559633
Latin America,2019 Q4,1.0128146502917863,0.010319033220676843
ME/Africa,2019 Q4,0.9891238578045328,-0.012223974857820563
North America,2019 Q4,1.0088139857628906,-0.003950617445898863
W. Europe,2019 Q4,1.0200597455229574,-0.019810950286351492
Asia Pacific,2020 Q1,1.183266006489104,-0.019595946962532418
Central and E. Europe,2020 Q1,0.8124695439061949,0.03884464583425684
Emerging Asia,2020 Q1,1.0136889479169064,-0.03497148158013985
Latin America,2020 Q1,0.9890670863997958,-0.023447097536700268
ME/Africa,2020 Q1,0.9352108215105432,-0.05450584966543559
North America,2020 Q1,0.98378952814585,-0.024805819477330626
W. Europe,2020 Q1,1.0132237101058936,-0.006701602966950881
Asia Pacific,2020 Q2,1.1541233680549092,-0.02462898306414185
Central and E. Europe,2020 Q2,0.7503791561345519,-0.07642180342308535
Emerging Asia,2020 Q2,0.9666881464342332,-0.04636609837688199
Latin America,2020 Q2,0.989561349645767,4.997267149697837e-4
ME/Africa,2020 Q2,0.9074267120122854,-0.029708926435839556
North America,2020 Q2,0.9021736445706752,-0.08296071592568832
W. Europe,2020 Q2,0.9828495282577334,-0.02997776457973511
Asia Pacific,2020 Q3,1.139179156136367,-0.012948539412843019
Central and E. Europe,2020 Q3,0.7348803795792542,-0.020654593652543407
Emerging Asia,2020 Q3,0.9632374149121666,-0.0035696429451370637
Latin America,2020 Q3,1.0048333562764802,0.015433107443191929
ME/Africa,2020 Q3,0.8754691467145157,-0.03521779210896436
North America,2020 Q3,0.8847299611703601,-0.019335172896362107
W. Europe,2020 Q3,0.9739508791913554,-0.009053928206235629
Asia Pacific,2020 Q4,1.1376644792942938,-0.0013296212750332215
Central and E. Europe,2020 Q4,0.6889405300076885,-0.06251337067655549
Emerging Asia,2020 Q4,0.9400214469113426,-0.02410202058330657
Latin America,2020 Q4,0.996254235073875,-0.008537854708959958
ME/Africa,2020 Q4,0.8578762297287722,-0.020095416328224314
North America,2020 Q4,0.8763861096260676,-0.009430958496369768
W. Europe,2020 Q4,0.9635545300403084,-0.010674408097129828
Asia Pacific,2021 Q1,1.130920488668822,-0.005927925806082257
Central and E. Europe,2021 Q1,0.6933577088202414,0.006411553131449033
Emerging Asia,2021 Q1,0.939035697556686,-0.001048645600475906
Latin America,2021 Q1,0.9924318397280408,-0.00383676697299129
ME/Africa,2021 Q1,0.8506554395234946,-0.008417053597067792
North America,2021 Q1,0.8595825815652283,-0.019173658592111842
W. Europe,2021 Q1,0.9577115179524156,-0.006064018076536226
Asia Pacific,2021 Q2,1.1315053804401616,5.171820452454234e-4
Central and E. Europe,2021 Q2,0.7050887012062327,0.01691910573252553
Emerging Asia,2021 Q2,0.957022977206592,0.01915505416536112
Latin America,2021 Q2,0.9966653270663832,0.00426577137982842
ME/Africa,2021 Q2,0.851501303120316,9.943668817249396e-4
North America,2021 Q2,0.861557537130548,0.002297575134344143
W. Europe,2021 Q2,0.933209514894834,-0.025583907678135565
Asia Pacific,2021 Q3,1.1308578394722382,-5.722827121436014e-4
Central and E. Europe,2021 Q3,0.6941723242356587,-0.015482274715080235
Emerging Asia,2021 Q3,0.9903761684392164,0.034850982710966205
Latin America,2021 Q3,0.9743603856603812,-0.022379569952187595
ME/Africa,2021 Q3,0.8331391010345153,-0.0215645026243797
North America,2021 Q3,0.8546447482667401,-0.008023595135423167
W. Europe,2021 Q3,0.9279692755616508,-0.005615287081351394
Asia Pacific,2021 Q4,1.128560250192057,-0.0020317224676563717
Central and E. Europe,2021 Q4,0.6737232081363032,-0.02945827049770633
Emerging Asia,2021 Q4,0.9894779706174982,-9.069259240493954e-4
Latin America,2021 Q4,1.2878316189818388,0.32172001031117436
ME/Africa,2021 Q4,0.8327277920134146,-4.936858930159049e-4
North America,2021 Q4,0.8701415082186618,0.01813239943654943
W. Europe,2021 Q4,0.9213790775962136,-0.007101741554372487
Asia Pacific,2022 Q1,1.1389176633535154,0.009177545602634618
Central and E. Europe,2022 Q1,0.6813703941695033,0.01135063471296216
Emerging Asia,2022 Q1,0.9829407561810424,-0.006606730650482451
Latin America,2022 Q1,1.3728327508400024,0.06600329624253631
ME/Africa,2022 Q1,0.8510997144499491,0.022062338512941704
North America,2022 Q1,0.8750704425396068,0.005664520396269079
W. Europe,2022 Q1,0.9174423535839396,-0.004272643158497402
Asia Pacific,2022 Q2,1.1388260324076178,-8.045440758885913e-5
Central and E. Europe,2022 Q2,0.6881999668631616,0.010023289465023844
Emerging Asia,2022 Q2,0.9862382226059704,0.0033546949846086083
Latin America,2022 Q2,1.3861066195223135,0.0096689627153701
ME/Africa,2022 Q2,0.8735561374950804,0.026385184560477226
North America,2022 Q2,0.8951086280358806,0.022898939927761264
W. Europe,2022 Q2,0.9201338255102868,0.00293366871044598
Asia Pacific,2022 Q3,1.1482524544607924,0.008277315221927317
Central and E. Europe,2022 Q3,0.67721405239916,-0.015963259216759118
Emerging Asia,2022 Q3,0.9803911835898796,-0.005928627467551295
Latin America,2022 Q3,1.4220329692239588,0.0259188933922172
ME/Africa,2022 Q3,0.8641990755168172,-0.010711460404931317
North America,2022 Q3,0.910280119645213,0.016949330097088877
W. Europe,2022 Q3,0.910256602387336,-0.010734550615475014
Asia Pacific,2022 Q4,1.1468535505093729,-0.0012182895372746527
Central and E. Europe,2022 Q4,0.6559491395145846,-0.031400578309384475
Emerging Asia,2022 Q4,0.9800833148427408,-3.140264338277188e-4
Latin America,2022 Q4,1.3750496564112114,-0.033039538343747066
ME/Africa,2022 Q4,0.8784182611998108,0.016453599738567304
North America,2022 Q4,0.9223498004961086,0.013259304021271845
W. Europe,2022 Q4,0.9149588605525208,0.005165859992503519
Asia Pacific,2023 Q1,1.1428014674138578,-0.003533217553117751
Central and E. Europe,2023 Q1,0.6833955857003841,0.04184233888333244
Emerging Asia,2023 Q1,0.9767483766872292,-0.003402708836081625
Latin America,2023 Q1,1.4206325080886435,0.03314996768654921
ME/Africa,2023 Q1,0.8955910950898445,0.019549723233869942
North America,2023 Q1,0.9310561467637966,0.009439310620553032
W. Europe,2023 Q1,0.9200868335786446,0.005604594094019921
Asia Pacific,2023 Q2,1.1603469731369218,0.015353065447815117
Central and E. Europe,2023 Q2,0.6685350621834076,-0.02174512658249972
Emerging Asia,2023 Q2,0.9822390045823756,0.005621333012877372
Latin America,2023 Q2,1.42446431781491,0.0026972561196856315
ME/Africa,2023 Q2,0.9005939394397977,0.0055860809440622106
North America,2023 Q2,0.9370277733441232,0.006413820048428942
W. Europe,2023 Q2,0.9194646335490326,-6.762405535051252e-4
Asia Pacific,2023 Q3,1.1650378071153835,0.00404261318989807
Central and E. Europe,2023 Q3,0.6589042332340463,-0.014405869630692791
Emerging Asia,2023 Q3,0.9894220074149154,0.007312886984765843
Latin America,2023 Q3,1.441803617458994,0.012172505430450009
ME/Africa,2023 Q3,0.898806106879469,-0.0019851705436090272
North America,2023 Q3,0.936619826439642,-4.3536266062349505e-4
W. Europe,2023 Q3,0.9259567388343952,0.007060744968845345
Asia Pacific,2023 Q4,1.157163772025035,-0.0067586090702451695
Central and E. Europe,2023 Q4,0.6596410721590809,0.0011182792397885777
Emerging Asia,2023 Q4,0.9765013649236722,-0.013058778149680705
Latin America,2023 Q4,1.4420873994577872,1.9682430766354564e-4
ME/Africa,2023 Q4,0.873650681781655,-0.027987599222206283
North America,2023 Q4,0.9294906004607406,-0.007611653925799988
W. Europe,2023 Q4,0.9333909044376892,0.008028631675225162
Asia Pacific,2024 Q1,1.142667550549453,-0.012527372378944746
Central and E. Europe,2024 Q1,0.6534618429468231,-0.00936756286571494
Emerging Asia,2024 Q1,0.9716658723304592,-0.0049518544130155995
Latin America,2024 Q1,1.4176186521963376,-0.01696758966942613
ME/Africa,2024 Q1,0.8641857100265229,-0.010833817168012683
North America,2024 Q1,0.9196823478308636,-0.010552288129665022
W. Europe,2024 Q1,0.9426660043307588,0.00993699408144244
Asia Pacific,2024 Q2,1.15500818104201,0.010799843302299994
Central and E. Europe,2024 Q2,0.6693388636831599,0.024296783213444417
Emerging Asia,2024 Q2,0.9775722565943068,0.006078616561556949
Latin America,2024 Q2,1.4318308028391853,0.010025369390300076
ME/Africa,2024 Q2,0.8744180627223641,0.01184045579222448
North America,2024 Q2,0.9172934037369934,-0.0025975752383468054
W. Europe,2024 Q2,0.9400755171241916,-0.0027480435219537913
Asia Pacific,2024 Q3,1.146979072270394,-0.0069515600871089545
Central and E. Europe,2024 Q3,0.6711612407075109,0.0027226523413315107
Emerging Asia,2024 Q3,0.9835931485416344,0.006159024979190075
Latin America,2024 Q3,1.4635892633237753,0.022180316572053105
ME/Africa,2024 Q3,0.8557983479694685,-0.02129383591977274
North America,2024 Q3,0.9157720996120252,-0.0016584705817904721
W. Europe,2024 Q3,0.9376966477036716,-0.0025305088550728883
Asia Pacific,2024 Q4,1.1354038729631384,-0.010091901053035923
Central and E. Europe,2024 Q4,0.6491192978074721,-0.03284150150983556
Emerging Asia,2024 Q4,0.9730735162746742,-0.010695105270464245
Latin America,2024 Q4,1.4431532771534168,-0.013962924354848583
ME/Africa,2024 Q4,0.8504083312721902,-0.006298232182928465
North America,2024 Q4,0.9004008333596931,-0.016785034463098647
W. Europe,2024 Q4,0.9357188936876708,-0.0021091618711063242
