"date","MAR15","MANR24"
"1980-1",NA,NA
"1980-2",NA,-1.16890393760897
"1980-3",NA,-1.78006662672315
"1980-4",NA,-1.76587651352257
"1980-5",NA,-1.57131191465166
"1980-6",NA,-1.36986283565013
"1980-7",NA,-0.947296937823444
"1980-8",NA,-0.872498585350354
"1980-9",NA,-0.721934694702553
"1980-10",NA,-0.615549350731903
"1980-11",NA,-0.324172650418422
"1980-12",NA,-0.494307774367677
"1981-1",NA,-0.618463841848271
"1981-2",NA,-0.611642852653635
"1981-3",NA,-0.360917695414207
"1981-4",NA,-0.30468793306831
"1981-5",NA,-0.33937801649565
"1981-6",NA,-0.483805856435478
"1981-7",NA,-0.734718907018729
"1981-8",NA,-0.973484539651826
"1981-9",NA,-1.47045932724069
"1981-10",NA,-1.37637351490526
"1981-11",NA,-1.18008268302125
"1981-12",NA,-1.23415411452706
"1982-1",NA,-1.42189109345399
"1982-2",NA,-1.79813370134299
"1982-3",NA,-1.95967819458569
"1982-4",NA,-1.86330661291346
"1982-5",NA,-2.01341529418927
"1982-6",NA,-2.23823810669474
"1982-7",NA,-2.25802765384879
"1982-8",NA,-1.94211240720739
"1982-9",NA,-1.93922591660965
"1982-10",NA,-1.52742189309567
"1982-11",NA,-1.30625736398143
"1982-12",NA,-1.20003166603086
"1983-1",NA,-1.09857368654814
"1983-2",NA,-0.977971162825847
"1983-3",NA,-0.858990159135663
"1983-4",NA,-0.581679622258644
"1983-5",NA,-0.473674719145569
"1983-6",NA,-0.388088823783421
"1983-7",NA,-0.530227319624709
"1983-8",NA,-0.558877586292243
"1983-9",NA,-0.55671362692499
"1983-10",NA,-0.812248958143333
"1983-11",NA,-0.601308407696177
"1983-12",NA,-0.508378912930117
"1984-1",NA,-0.617493986077103
"1984-2",NA,-0.77574843666461
"1984-3",NA,-0.716271843255145
"1984-4",NA,-0.792461143192062
"1984-5",NA,-1.19091855641693
"1984-6",NA,-1.22878472036456
"1984-7",NA,-1.39891651049448
"1984-8",NA,-0.964651888100625
"1984-9",NA,-1.1138836243874
"1984-10",NA,-1.19714759659809
"1984-11",NA,-1.31984772514919
"1984-12",NA,-1.25794175386812
"1985-1",NA,-0.886467187348826
"1985-2",NA,-1.01526283596996
"1985-3",NA,-1.08857817113308
"1985-4",NA,-1.17272877766099
"1985-5",NA,-1.11283667278206
"1985-6",NA,-1.13704621768366
"1985-7",NA,-0.997176538932803
"1985-8",NA,-1.07815915313579
"1985-9",NA,-1.28847140822568
"1985-10",NA,-1.13337977478537
"1985-11",NA,-0.877851900162029
"1985-12",NA,-0.872094122836696
"1986-1",NA,-0.892685106688211
"1986-2",NA,-0.744613742330136
"1986-3",NA,-0.600991174256714
"1986-4",NA,-0.43505918513794
"1986-5",NA,-0.483396037795444
"1986-6",NA,-0.5837787040444
"1986-7",NA,-1.1724529740867
"1986-8",NA,-0.981605188969438
"1986-9",NA,-1.16513467719321
"1986-10",NA,-1.0477028167389
"1986-11",NA,-1.04220068827732
"1986-12",NA,-1.05929101606849
"1987-1",NA,-0.613960855959573
"1987-2",NA,-0.33568478318577
"1987-3",NA,-0.214434853510054
"1987-4",NA,-0.159350908276138
"1987-5",NA,-0.0456985413752558
"1987-6",NA,0.13823569044428
"1987-7",NA,0.398942492627732
"1987-8",NA,0.443828044542494
"1987-9",NA,0.482291486201051
"1987-10",NA,-0.996904265561602
"1987-11",NA,-1.24918912416199
"1987-12",NA,-0.825679554219263
"1988-1",NA,-0.830800313956625
"1988-2",NA,-0.60673553508844
"1988-3",NA,-0.441992805245203
"1988-4",NA,-0.399311092538223
"1988-5",NA,-0.499414085765376
"1988-6",NA,-0.315863984516956
"1988-7",NA,-0.348976080827075
"1988-8",NA,-0.604569905128022
"1988-9",NA,-0.568343954664837
"1988-10",NA,-0.611422839139136
"1988-11",NA,-0.649914394603527
"1988-12",NA,-0.595417719545666
"1989-1",NA,-0.307124744782876
"1989-2",NA,-0.358964429753806
"1989-3",NA,-0.332648214271208
"1989-4",NA,-0.199152977635279
"1989-5",NA,-0.161201234637498
"1989-6",NA,-0.271590415557136
"1989-7",NA,-0.0346549222503157
"1989-8",NA,0.0271843119239672
"1989-9",NA,-0.0656371130288408
"1989-10",NA,-0.344491810843463
"1989-11",NA,-0.364014307346505
"1989-12",NA,-0.306243481421282
"1990-1",-1.0389318032671,-0.439596684534482
"1990-2",-1.01297414913747,-0.391148578253266
"1990-3",-0.881419835534114,-0.358365338681286
"1990-4",-1.1122695740401,-0.53361320433673
"1990-5",-0.659947376948639,-0.218241017583992
"1990-6",-0.659466697660321,-0.242922696680495
"1990-7",-0.672712749693751,-0.304370448922185
"1990-8",-1.33644096251444,-0.831697795244855
"1990-9",-1.88681737568945,-1.32737955989041
"1990-10",-1.97414968158102,-1.52401400601629
"1990-11",-1.67615871724805,-1.36358943179618
"1990-12",-1.55737335378112,-1.25067707135374
"1991-1",-1.31101335041342,-0.991006409777897
"1991-2",-0.892497565110001,-0.636246294803155
"1991-3",-0.880367607852095,-0.579379285292722
"1991-4",-0.867089837327665,-0.532552609038622
"1991-5",-0.722379508959997,-0.405102018951223
"1991-6",-1.00478996382542,-0.592972117198195
"1991-7",-0.798273452948996,-0.464919008518796
"1991-8",-0.748256190536583,-0.487991244406137
"1991-9",-0.807243414364112,-0.56363093179566
"1991-10",-0.772452996848977,-0.541298158006104
"1991-11",-1.0347491135669,-0.87733467726371
"1991-12",-0.660243452057784,-0.653430409572985
"1992-1",-0.582180119727448,-0.507811463885188
"1992-2",-0.579836305837281,-0.490052261301954
"1992-3",-0.759321764450002,-0.644798720461252
"1992-4",-0.653188049887176,-0.554722971808785
"1992-5",-0.5547954649288,-0.506722713707821
"1992-6",-0.737004443929138,-0.69836973862001
"1992-7",-0.715519531860607,-0.774270480142629
"1992-8",-0.890244467652646,-0.977295463411401
"1992-9",-0.924323845490068,-1.07727854268351
"1992-10",-0.983518226290727,-1.0935174852218
"1992-11",-0.885405594116699,-0.971239932097994
"1992-12",-0.791014978787374,-0.886812831640979
"1993-1",-0.76296254946786,-0.816108892169288
"1993-2",-0.749300197705614,-0.82881350130493
"1993-3",-0.543456855772993,-0.62329945446066
"1993-4",-0.569674409212667,-0.543640640923714
"1993-5",-0.439484894244781,-0.405038766303626
"1993-6",-0.520142263201823,-0.457778387687731
"1993-7",-0.521969318728539,-0.398520060894627
"1993-8",-0.281155549976356,-0.212270723287318
"1993-9",-0.379148401084696,-0.24552453567225
"1993-10",-0.273338714838412,-0.127450511233444
"1993-11",-0.424010461788675,-0.233240052449419
"1993-12",-0.152322647369769,0.0205999102704119
"1994-1",0.0655695284258399,0.28251779970281
"1994-2",-0.0753777591488737,0.20519976251126
"1994-3",-0.363760091311408,-0.039654063193612
"1994-4",-0.313953322042486,-0.0186619851490059
"1994-5",-0.383255654623897,0.000244177236553028
"1994-6",-0.520150620540132,-0.110670019906218
"1994-7",-0.361669748287846,-0.0131584791852221
"1994-8",-0.171428183398318,0.117056979984681
"1994-9",-0.317958173265584,0.0276877712211611
"1994-10",-0.217132708072172,0.121513731061555
"1994-11",-0.497313438847426,-0.151952912418356
"1994-12",-0.501536102704438,-0.141486545587161
"1995-1",-0.604147675481907,-0.300857000106554
"1995-2",-0.438336220288265,-0.16260349437881
"1995-3",-0.265954067428374,-0.0239186227050287
"1995-4",-0.144358065026426,0.0755781124151416
"1995-5",-0.0374174756120749,0.140372576891233
"1995-6",0.0231890094889553,0.246270999700592
"1995-7",0.229499044016174,0.455983491422653
"1995-8",0.139005577983774,0.415051119534794
"1995-9",0.207282928937621,0.446418214350837
"1995-10",0.0636270567213706,0.301498334373104
"1995-11",0.174704510397359,0.411071899727228
"1995-12",0.23159610103728,0.394930247199394
"1996-1",0.311402628857176,0.406636117108619
"1996-2",0.366469019172776,0.48629724819453
"1996-3",0.422579514667034,0.548860899594475
"1996-4",0.534572755233672,0.743983734011621
"1996-5",0.574873067524947,0.76218211044672
"1996-6",0.502834052358197,0.639996154440062
"1996-7",0.160120512376894,0.386068615739867
"1996-8",0.316382197537978,0.546634002554208
"1996-9",0.487953745583164,0.701725838923081
"1996-10",0.516157927810882,0.754142434386631
"1996-11",0.840446762902556,1.05355624392575
"1996-12",0.777470423064899,1.03989003861776
"1997-1",0.856617792818186,1.17260211803446
"1997-2",0.827736270898452,1.17828396953689
"1997-3",0.729222728748402,1.06242770462142
"1997-4",0.822180872244787,1.19246843964915
"1997-5",1.14347389811889,1.49114544259633
"1997-6",1.32197195754176,1.61887398439154
"1997-7",1.61380164238527,1.90657621055416
"1997-8",1.38617760010753,1.78103949177674
"1997-9",1.63968569914574,1.97855548660531
"1997-10",1.25956616338651,1.57793945059375
"1997-11",1.2711143782895,1.50427430160956
"1997-12",1.27436539687527,1.42449828062943
"1998-1",1.20667198184036,1.38620416062369
"1998-2",1.53900509004176,1.73036374120079
"1998-3",1.74627197860384,1.84435385611578
"1998-4",1.76209690042271,1.91341463221841
"1998-5",1.54352807701157,1.64141167667752
"1998-6",1.38797267705155,1.44995718983103
"1998-7",1.08435719595896,1.22232514912504
"1998-8",0.0382134191161153,0.136734668585653
"1998-9",0.288715023097156,0.23948921803183
"1998-10",0.72853583006231,0.621929307248989
"1998-11",0.838709614482667,0.854961130544655
"1998-12",0.888266379750724,0.918296278680786
"1999-1",0.763763554427875,0.993795780994297
"1999-2",0.585977452846036,0.894041241443188
"1999-3",0.792064577020941,1.09873095554279
"1999-4",1.27996497371387,1.55383170404481
"1999-5",1.10747823999903,1.36639841161998
"1999-6",1.28446212751063,1.61836545673418
"1999-7",1.2140656334646,1.52483136196616
"1999-8",1.13436721395113,1.46457500754614
"1999-9",0.879744252068208,1.3233130365465
"1999-10",0.818181725767175,1.32426921614368
"1999-11",0.732460000589791,1.44740923727982
"1999-12",0.929697399719897,1.73254905449444
"2000-1",0.457375413428612,1.41756715225958
"2000-2",0.0706099065418586,1.29620430902483
"2000-3",0.535136700075995,1.61235468191806
"2000-4",0.505820122070936,1.49713103398839
"2000-5",0.493275944447791,1.33144703093949
"2000-6",0.402808745375949,1.33499372763152
"2000-7",0.299461532644984,1.29398126074333
"2000-8",0.445731678940697,1.49892951110454
"2000-9",0.229590457594418,1.18794789065913
"2000-10",0.238988847489938,1.13078671260401
"2000-11",0.133287828232795,0.861860858800904
"2000-12",0.501964924505215,1.11000550745949
"2001-1",0.505383746500966,1.34169725705101
"2001-2",0.349873638624359,1.03029049878624
"2001-3",0.0266343005739072,0.711429786911671
"2001-4",0.37295723608318,1.04071108602807
"2001-5",0.401712132359061,1.09118215121158
"2001-6",0.183675573379265,0.93836941164172
"2001-7",0.126475714381307,0.876444955121621
"2001-8",0.00662794771249221,0.714497455163026
"2001-9",-0.765428158788098,-0.102854062013227
"2001-10",-0.607176771752446,0.0955776454901906
"2001-11",-0.268759892761588,0.539971539384885
"2001-12",-0.131894068800508,0.669466255425828
"2002-1",-0.151758115895155,0.67373267512652
"2002-2",-0.0742742358802896,0.685613770019961
"2002-3",0.194151127315343,0.939860153302687
"2002-4",0.130109119840394,0.814708066235661
"2002-5",0.132998152779339,0.794867811195559
"2002-6",-0.139083100712452,0.483832328933916
"2002-7",-0.792631625414365,0.00495781568532225
"2002-8",-0.820531563368376,-0.0546166889903651
"2002-9",-1.40910577382612,-0.561764459006746
"2002-10",-1.2265003661526,-0.364873063266509
"2002-11",-0.923471877811676,0.0233666838581808
"2002-12",-1.10157859752197,-0.275127750865173
"2003-1",-1.31585433960876,-0.417234489952211
"2003-2",-1.46918073642802,-0.504359233599877
"2003-3",-1.5242752097408,-0.617814833517049
"2003-4",-1.12690234991796,-0.285343347784443
"2003-5",-0.759779097317632,0.0300838379854462
"2003-6",-0.740847629083157,0.103441223456236
"2003-7",-0.596918964715249,0.33823287865065
"2003-8",-0.421867612560306,0.541688958528807
"2003-9",-0.503225181331771,0.440487202881807
"2003-10",-0.156110805199463,0.816425270972499
"2003-11",-0.0648281610913846,0.865024828956927
"2003-12",0.280283147738134,1.08271654136621
"2004-1",0.237714924049146,1.11450253213356
"2004-2",0.372488560952553,1.18827124475485
"2004-3",0.30740335137309,1.19418420972231
"2004-4",0.168078374130469,0.973109637031291
"2004-5",0.232649698543046,1.02840519471373
"2004-6",0.364019617296534,1.14899458876268
"2004-7",0.178631812097479,0.9906801428265
"2004-8",0.134804912172518,0.965050445995271
"2004-9",0.30771956187927,1.14747219889291
"2004-10",0.370666459398782,1.2335139475753
"2004-11",0.719728261513497,1.4864737393317
"2004-12",0.849632104776806,1.61712245658278
"2005-1",0.696380130815661,1.4271007838213
"2005-2",0.923133695897068,1.60347117707662
"2005-3",0.772672152471152,1.43842329918393
"2005-4",0.509386309450191,1.20687840632872
"2005-5",0.595612118073663,1.33122481832146
"2005-6",0.625463961286235,1.36386158959361
"2005-7",0.873759028655278,1.58662472213736
"2005-8",0.843510821335988,1.53650081514281
"2005-9",0.906456644513279,1.61497164876749
"2005-10",0.65911628822989,1.46035249501349
"2005-11",0.833232436777879,1.6996267854205
"2005-12",0.882283964180753,1.7512488537248
"2006-1",1.17773965173249,1.9999866013014
"2006-2",1.10852910141608,1.99925583845677
"2006-3",1.2306996218272,2.11651829913499
"2006-4",1.40888439749536,2.24067832508367
"2006-5",1.20543663322994,1.98363495950111
"2006-6",1.13603737575584,1.89836627838658
"2006-7",1.0518874235225,1.77457787573893
"2006-8",1.13086764844231,1.84578155537347
"2006-9",1.14277501440691,1.90109119604178
"2006-10",1.3422465875337,2.06626914550548
"2006-11",1.50211827590622,2.1796838505863
"2006-12",1.51991169152364,2.21471456941779
"2007-1",1.553252902698,2.2898695782028
"2007-2",1.51259166414596,2.22368506173952
"2007-3",1.62672046917794,2.24016890781899
"2007-4",1.86266465483641,2.41363664151762
"2007-5",2.04830465941327,2.59215791027358
"2007-6",2.00219405120436,2.52737720452184
"2007-7",1.86948516671122,2.41509138911885
"2007-8",1.78428894037705,2.33165527082671
"2007-9",1.9922027225632,2.48590825532443
"2007-10",2.11633243635991,2.56733550854951
"2007-11",1.78513324762758,2.15021894197673
"2007-12",1.73496176157623,2.05546050365461
"2008-1",1.26336931971025,1.70173250370877
"2008-2",1.32235750786907,1.69416876618319
"2008-3",1.27245900648714,1.5976431230291
"2008-4",1.51254706060336,1.86024072705922
"2008-5",1.65404661489898,1.92446753438708
"2008-6",1.14399627497358,1.37348293355705
"2008-7",0.890557218363043,1.26540341020758
"2008-8",0.817789607539979,1.19842489068537
"2008-9",-0.0909848261578416,0.425188526742152
"2008-10",-1.73741727766134,-1.07059504648541
"2008-11",-2.33843107974757,-1.73493932162149
"2008-12",-2.18013819876003,-1.66948169818799
"2009-1",-2.76211200426314,-2.27592247735922
"2009-2",-3.4249284556746,-2.918722153311
"2009-3",-2.95883707959829,-2.41819473550405
"2009-4",-2.08751164667914,-1.40938023572211
"2009-5",-1.64735859507204,-1.06849718529656
"2009-6",-1.79374275514884,-1.17078407243027
"2009-7",-1.25439133223599,-0.662454805658247
"2009-8",-1.07297721237938,-0.425694173428195
"2009-9",-0.835966704564917,-0.238498543778692
"2009-10",-0.955941979096267,-0.37928108430078
"2009-11",-0.726078002287033,-0.22175530343358
"2009-12",-0.539138165164028,-0.0551287708421814
"2010-1",-0.855478812544327,-0.308351101004166
"2010-2",-0.78322401831249,-0.205054611117316
"2010-3",-0.437590738410234,0.149882081631928
"2010-4",-0.391427120211161,0.295627631542638
"2010-5",-1.0465206465644,-0.229561149065614
"2010-6",-1.39712639763872,-0.556222260445988
"2010-7",-0.915333977472695,-0.132320252143645
"2010-8",-1.24559858706498,-0.455532703888865
"2010-9",-0.616082549640982,0.0473505909937576
"2010-10",-0.418805262031245,0.199306571666718
"2010-11",-0.524063001279408,0.223438601884169
"2010-12",-0.0872515723962872,0.616855874282068
"2011-1",-0.0254953474776347,0.693552319032238
"2011-2",0.117832780588107,0.809953493353277
"2011-3",0.121149102447956,0.789005461731272
"2011-4",0.341637602055854,0.896449147626957
"2011-5",0.182047283566096,0.732199127346256
"2011-6",0.0477785020141027,0.576131311119402
"2011-7",-0.22970158309098,0.351948105338627
"2011-8",-0.759303541219969,-0.19317073996936
"2011-9",-1.56166034905618,-0.89384701694562
"2011-10",-0.812131196177414,-0.229614300276876
"2011-11",-0.970248507454444,-0.403079013993009
"2011-12",-1.10444138331293,-0.489905444070939
"2012-1",-0.792705117527955,-0.077168485668939
"2012-2",-0.551445466476882,0.136299517807737
"2012-3",-0.563378313917494,0.130683317783191
"2012-4",-0.665853347601658,0.0554788887709144
"2012-5",-1.33177151149586,-0.50605099207874
"2012-6",-1.16002197149975,-0.392681863065888
"2012-7",-1.18581226471749,-0.391179746252207
"2012-8",-1.06526936231582,-0.275161744208434
"2012-9",-0.954858201857297,-0.186942900638431
"2012-10",-1.01153904611811,-0.238505218199833
"2012-11",-0.947639575265526,-0.140805476370395
"2012-12",-0.823729778627512,-0.000937343459947203
"2013-1",NA,0.194100838788109
"2013-2",NA,0.160993679964614
"2013-3",NA,0.176306046555145
"2013-4",NA,0.180180191226597
"2013-5",NA,0.308507916893913
"2013-6",NA,0.0805176597220667
"2013-7",NA,0.299886996646998
"2013-8",NA,0.18473124101007
"2013-9",NA,0.39259529975014
"2013-10",NA,0.498407906864484
"2013-11",NA,0.555717489146314
"2013-12",NA,0.654369844039377
"2014-1",NA,0.451614153327898
"2014-2",NA,0.662359623382065
"2014-3",NA,0.625409463688265
"2014-4",NA,0.603388930158228
"2014-5",NA,0.6664015081437
"2014-6",NA,0.715124662678257
"2014-7",NA,0.628117556054659
"2014-8",NA,0.685782753019148
"2014-9",NA,0.43972273410086
"2014-10",NA,0.448511459661177
"2014-11",NA,0.504047482111402
"2014-12",NA,0.400497831347528
"2015-1",NA,0.158506065655784
"2015-2",NA,0.462717805393824
"2015-3",NA,0.34432510286249
"2015-4",NA,0.41603977226078
"2015-5",NA,0.390944518027406
"2015-6",NA,0.240819200900003
"2015-7",NA,0.0682083027804088
"2015-8",NA,-0.295514576267874
"2015-9",NA,-0.588519840380906
"2015-10",NA,-0.24844225570427
"2015-11",NA,-0.269661656764389
"2015-12",NA,-0.519934518233207
"2016-1",NA,-0.975989739747671
"2016-2",NA,-0.925382849586367
"2016-3",NA,-0.541356470685131
"2016-4",NA,-0.421366218877314
"2016-5",NA,-0.464737855243983
"2016-6",NA,-0.663401267974834
"2016-7",NA,-0.431759612358286
"2016-8",NA,-0.352580241671161
"2016-9",NA,-0.365238829596776
"2016-10",NA,-0.492896794532259
"2016-11",NA,-0.259710634771946
"2016-12",NA,-0.245413998917126
"2017-1",NA,-0.101735526381687
"2017-2",NA,-0.0566256432030743
"2017-3",NA,-0.0504328806084433
"2017-4",NA,-0.0262142312965959
"2017-5",NA,-0.0496838543016115
"2017-6",NA,-0.0212358431657884
"2017-7",NA,0.063654154464436
"2017-8",NA,0.00247898612974026
"2017-9",NA,0.139443763742349
"2017-10",NA,0.183730508548601
"2017-11",NA,0.203248423978199
"2017-12",NA,0.302508053843414
"2018-1",NA,0.507839716080822
"2018-2",NA,0.245774458223837
"2018-3",NA,0.0974127895395503
"2018-4",NA,0.0597322310893082
"2018-5",NA,0.069479983183021
"2018-6",NA,-0.0458601594680093
"2018-7",NA,0.0560410944101025
"2018-8",NA,0.0197847759311765
"2018-9",NA,-0.0132890902001409
"2018-10",NA,-0.554576367829301
"2018-11",NA,-0.574555893938859
"2018-12",NA,-1.01980515248009
"2019-1",NA,-0.572993218667328
"2019-2",NA,-0.484781848549801
"2019-3",NA,-0.543984369249581
"2019-4",NA,-0.370525845283557
"2019-5",NA,-0.84371154417112
"2019-6",NA,-0.50621489947502
"2019-7",NA,-0.583621106670628
"2019-8",NA,-0.888940171835527
"2019-9",NA,-0.72906974004853
"2019-10",NA,-0.619353929457398
"2019-11",NA,-0.474161584972964
"2019-12",NA,-0.361645477843387
"2020-1",NA,-0.594180733265693
"2020-2",NA,-1.06359782036984
"2020-3",NA,-2.35327875197878
"2020-4",NA,-1.80545328276155
"2020-5",NA,-1.66870736297049
"2020-6",NA,-1.52333064741099
"2020-7",NA,-1.4008044814313
"2020-8",NA,-1.15044640393691
"2020-9",NA,-1.35974254907804
"2020-10",NA,-1.41363267849794
"2020-11",NA,-0.634315874166016
"2020-12",NA,-0.42190387236845
"2021-1",NA,-0.467641234048128
"2021-2",NA,-0.111530140341808
"2021-3",NA,0.0716286323221952
"2021-4",NA,0.228676560081329
"2021-5",NA,0.387070531373807
"2021-6",NA,0.291255419099817
"2021-7",NA,0.282220156901016
"2021-8",NA,0.308729448960359
"2021-9",NA,0.107486243902728
"2021-10",NA,0.330112034343987
"2021-11",NA,0.129501480553913
"2021-12",NA,0.340548211670074
"2022-1",NA,0.123438601718751
"2022-2",NA,-0.00137284711138822
"2022-3",NA,0.0138499242882888
"2022-4",NA,-0.403693635371244
"2022-5",NA,-0.38382806167691
"2022-6",NA,-1.07026918625435
"2022-7",NA,-0.706269153231552
"2022-8",NA,-0.97582479504448
"2022-9",NA,-1.53131512675994
"2022-10",NA,-1.11635083880948
"2022-11",NA,-0.731468731652739
"2022-12",NA,-0.976608893452223
"2023-1",NA,-0.558152066025762
"2023-2",NA,-0.697735995804802
"2023-3",NA,-0.821977995471526
"2023-4",NA,-0.859836565015945
"2023-5",NA,-1.06605741060396
"2023-6",NA,-0.733968292295447
"2023-7",NA,-0.57001579576719
"2023-8",NA,-0.792036664089398
"2023-9",NA,-1.01961940440425
"2023-10",NA,-1.35827359450457
"2023-11",NA,-0.92742842095214
"2023-12",NA,-0.600036746978145
"2024-1",NA,-0.702069559507258
"2024-2",NA,-0.592743917725289
"2024-3",NA,-0.407075083646795
"2024-4",NA,-0.645605857437302
"2024-5",NA,-0.515557922888027
"2024-6",NA,-0.594078670687883
"2024-7",NA,-0.475169840439629
"2024-8",NA,-0.474680896434814
"2024-9",NA,-0.409638593475782
"2024-10",NA,-0.605967936007268
"2024-11",NA,-0.428811652485121
"2024-12",NA,-0.732871815659872
